Latitude (decimal degrees):	58.778
Longitude (decimal degrees):	5.626
Elevation (m):	39
Radiation database:	PVGIS-SARAH3


Slope: 41 deg. (optimum)
Azimuth: 4 deg. (optimum)
time,G(i),H_sun,T2m,WS10m,Int
20230101:0011,0.0,0.0,0.94,3.38,0.0
20230101:0111,0.0,0.0,0.55,3.66,0.0
20230101:0211,0.0,0.0,0.34,3.86,0.0
20230101:0311,0.0,0.0,0.12,3.79,0.0
20230101:0411,0.0,0.0,-0.02,3.72,0.0
20230101:0511,0.0,0.0,-0.2,3.72,0.0
20230101:0611,0.0,0.0,-0.39,3.52,0.0
20230101:0711,0.0,0.0,-0.89,3.72,0.0
20230101:0811,0.0,0.0,-1.1,3.59,0.0
20230101:0911,2.49,2.57,-0.85,3.31,0.0
20230101:1011,56.6,6.14,0.18,3.86,0.0
20230101:1111,73.4,7.98,0.96,4.69,0.0
20230101:1211,332.4,7.97,1.17,5.31,0.0
20230101:1311,4.99,6.1,1.01,5.86,0.0
20230101:1411,9.14,2.5,0.77,5.93,0.0
20230101:1511,0.0,0.0,0.52,5.72,0.0
20230101:1611,0.0,0.0,0.6,5.66,0.0
20230101:1711,0.0,0.0,0.57,5.31,0.0
20230101:1811,0.0,0.0,0.56,4.97,0.0
20230101:1911,0.0,0.0,1.09,3.86,0.0
20230101:2011,0.0,0.0,1.14,4.34,0.0
20230101:2111,0.0,0.0,1.43,4.41,0.0
20230101:2211,0.0,0.0,1.61,4.62,0.0
20230101:2311,0.0,0.0,1.77,4.9,0.0
20230102:0011,0.0,0.0,1.81,4.83,0.0
20230102:0111,0.0,0.0,1.73,4.83,0.0
20230102:0211,0.0,0.0,1.84,4.97,0.0
20230102:0311,0.0,0.0,1.88,5.1,0.0
20230102:0411,0.0,0.0,1.86,5.03,0.0
20230102:0511,0.0,0.0,1.63,4.9,0.0
20230102:0611,0.0,0.0,1.75,4.9,0.0
20230102:0711,0.0,0.0,2.39,5.03,0.0
20230102:0811,0.0,0.0,2.46,4.97,0.0
20230102:0911,1.66,2.62,2.41,4.9,0.0
20230102:1011,8.09,6.2,2.48,4.9,0.0
20230102:1111,14.39,8.06,2.53,4.76,0.0
20230102:1211,16.19,8.06,2.48,5.1,0.0
20230102:1311,16.63,6.2,2.33,5.31,0.0
20230102:1411,9.98,2.62,2.34,5.52,0.0
20230102:1511,0.0,0.0,2.49,5.66,0.0
20230102:1611,0.0,0.0,2.65,5.86,0.0
20230102:1711,0.0,0.0,2.81,6.07,0.0
20230102:1811,0.0,0.0,2.88,6.14,0.0
20230102:1911,0.0,0.0,2.94,5.38,0.0
20230102:2011,0.0,0.0,3.05,5.03,0.0
20230102:2111,0.0,0.0,3.2,4.21,0.0
20230102:2211,0.0,0.0,3.16,3.31,0.0
20230102:2311,0.0,0.0,3.22,2.28,0.0
20230103:0011,0.0,0.0,3.2,1.03,0.0
20230103:0111,0.0,0.0,3.01,0.9,0.0
20230103:0211,0.0,0.0,2.7,1.66,0.0
20230103:0311,0.0,0.0,2.6,1.52,0.0
20230103:0411,0.0,0.0,2.6,1.24,0.0
20230103:0511,0.0,0.0,2.51,0.97,0.0
20230103:0611,0.0,0.0,2.07,1.1,0.0
20230103:0711,0.0,0.0,2.04,1.93,0.0
20230103:0811,0.0,0.0,2.27,2.14,0.0
20230103:0911,64.26,2.67,2.51,2.76,0.0
20230103:1011,287.51,6.27,3.12,3.38,0.0
20230103:1111,419.22,8.15,4.28,4.07,0.0
20230103:1211,188.05,8.16,4.36,4.69,0.0
20230103:1311,21.61,6.31,4.38,5.24,0.0
20230103:1411,4.99,2.74,4.42,5.79,0.0
20230103:1511,0.0,0.0,4.38,6.34,0.0
20230103:1611,0.0,0.0,4.25,7.17,0.0
20230103:1711,0.0,0.0,4.05,7.93,0.0
20230103:1811,0.0,0.0,3.73,8.76,0.0
20230103:1911,0.0,0.0,4.05,9.17,0.0
20230103:2011,0.0,0.0,4.01,9.66,0.0
20230103:2111,0.0,0.0,3.61,10.0,0.0
20230103:2211,0.0,0.0,3.55,10.62,0.0
20230103:2311,0.0,0.0,3.49,10.9,0.0
20230104:0011,0.0,0.0,3.53,10.97,0.0
20230104:0111,0.0,0.0,3.93,10.97,0.0
20230104:0211,0.0,0.0,3.96,10.83,0.0
20230104:0311,0.0,0.0,3.85,10.83,0.0
20230104:0411,0.0,0.0,3.51,10.76,0.0
20230104:0511,0.0,0.0,3.38,10.83,0.0
20230104:0611,0.0,0.0,3.48,10.69,0.0
20230104:0711,0.0,0.0,3.74,11.45,0.0
20230104:0811,0.0,0.0,3.84,11.93,0.0
20230104:0911,2.7,2.74,3.59,12.0,0.0
20230104:1011,21.59,6.35,3.8,11.86,0.0
20230104:1111,18.89,8.24,3.49,11.45,0.0
20230104:1211,21.59,8.27,3.16,11.52,0.0
20230104:1311,34.08,6.43,2.84,10.97,0.0
20230104:1411,12.47,2.87,2.42,10.48,0.0
20230104:1511,0.0,0.0,2.15,10.21,0.0
20230104:1611,0.0,0.0,1.91,10.07,0.0
20230104:1711,0.0,0.0,1.49,9.86,0.0
20230104:1811,0.0,0.0,1.19,9.31,0.0
20230104:1911,0.0,0.0,0.95,8.48,0.0
20230104:2011,0.0,0.0,0.97,7.52,0.0
20230104:2111,0.0,0.0,1.08,6.28,0.0
20230104:2211,0.0,0.0,1.08,4.9,0.0
20230104:2311,0.0,0.0,1.1,3.52,0.0
20230105:0011,0.0,0.0,1.12,2.69,0.0
20230105:0111,0.0,0.0,1.1,1.86,0.0
20230105:0211,0.0,0.0,1.05,0.97,0.0
20230105:0311,0.0,0.0,1.19,0.14,0.0
20230105:0411,0.0,0.0,1.17,0.97,0.0
20230105:0511,0.0,0.0,1.18,1.59,0.0
20230105:0611,0.0,0.0,1.19,2.07,0.0
20230105:0711,0.0,0.0,1.44,4.14,0.0
20230105:0811,0.0,0.0,1.29,5.31,0.0
20230105:0911,3.6,2.81,1.16,6.28,0.0
20230105:1011,11.69,6.44,1.12,6.97,0.0
20230105:1111,19.79,8.34,1.0,7.52,0.0
20230105:1211,12.59,8.38,0.88,7.93,0.0
20230105:1311,37.41,6.56,0.71,8.34,0.0
20230105:1411,1.66,3.0,0.49,8.62,0.0
20230105:1511,0.0,0.0,0.36,9.1,0.0
20230105:1611,0.0,0.0,0.23,9.45,0.0
20230105:1711,0.0,0.0,0.22,9.59,0.0
20230105:1811,0.0,0.0,0.25,9.79,0.0
20230105:1911,0.0,0.0,0.31,10.21,0.0
20230105:2011,0.0,0.0,0.47,10.55,0.0
20230105:2111,0.0,0.0,0.65,10.83,0.0
20230105:2211,0.0,0.0,0.86,11.31,0.0
20230105:2311,0.0,0.0,1.26,11.93,0.0
20230106:0011,0.0,0.0,1.53,12.76,0.0
20230106:0111,0.0,0.0,1.61,12.76,0.0
20230106:0211,0.0,0.0,1.55,12.69,0.0
20230106:0311,0.0,0.0,2.2,13.72,0.0
20230106:0411,0.0,0.0,2.47,13.59,0.0
20230106:0511,0.0,0.0,2.71,12.97,0.0
20230106:0611,0.0,0.0,2.75,12.34,0.0
20230106:0711,0.0,0.0,2.63,11.31,0.0
20230106:0811,0.0,0.0,2.69,10.21,0.0
20230106:0911,85.61,2.89,2.9,9.24,0.0
20230106:1011,144.17,6.53,3.02,8.41,0.0
20230106:1111,25.18,8.45,3.53,7.66,0.0
20230106:1211,19.79,8.51,3.73,7.38,0.0
20230106:1311,20.78,6.69,3.87,7.31,0.0
20230106:1411,1.66,3.14,4.37,6.55,0.0
20230106:1511,0.0,0.0,4.86,5.72,0.0
20230106:1611,0.0,0.0,5.04,6.07,0.0
20230106:1711,0.0,0.0,5.66,7.1,0.0
20230106:1811,0.0,0.0,5.97,8.0,0.0
20230106:1911,0.0,0.0,6.25,8.28,0.0
20230106:2011,0.0,0.0,6.81,8.07,0.0
20230106:2111,0.0,0.0,6.72,7.79,0.0
20230106:2211,0.0,0.0,6.61,6.9,0.0
20230106:2311,0.0,0.0,6.43,5.45,0.0
20230107:0011,0.0,0.0,6.13,4.55,0.0
20230107:0111,0.0,0.0,5.89,4.69,0.0
20230107:0211,0.0,0.0,5.89,4.62,0.0
20230107:0311,0.0,0.0,5.73,4.83,0.0
20230107:0411,0.0,0.0,5.58,5.45,0.0
20230107:0511,0.0,0.0,5.41,6.34,0.0
20230107:0611,0.0,0.0,5.69,7.24,0.0
20230107:0711,0.0,0.0,5.54,7.93,0.0
20230107:0811,0.0,0.0,5.74,8.76,0.0
20230107:0911,1.8,2.97,5.97,9.38,0.0
20230107:1011,10.79,6.63,6.24,9.59,0.0
20230107:1111,17.09,8.57,6.28,9.24,0.0
20230107:1211,11.69,8.64,6.39,9.31,0.0
20230107:1311,8.31,6.83,6.78,9.59,0.0
20230107:1411,2.49,3.29,7.03,10.0,0.0
20230107:1511,0.0,0.0,7.33,10.34,0.0
20230107:1611,0.0,0.0,7.32,10.41,0.0
20230107:1711,0.0,0.0,7.14,10.76,0.0
20230107:1811,0.0,0.0,7.05,11.17,0.0
20230107:1911,0.0,0.0,6.97,11.45,0.0
20230107:2011,0.0,0.0,7.02,11.31,0.0
20230107:2111,0.0,0.0,6.98,10.83,0.0
20230107:2211,0.0,0.0,6.86,10.41,0.0
20230107:2311,0.0,0.0,6.72,10.14,0.0
20230108:0011,0.0,0.0,6.61,9.72,0.0
20230108:0111,0.0,0.0,6.58,9.66,0.0
20230108:0211,0.0,0.0,6.59,9.31,0.0
20230108:0311,0.0,0.0,6.78,8.76,0.0
20230108:0411,0.0,0.0,6.94,9.03,0.0
20230108:0511,0.0,0.0,6.65,9.1,0.0
20230108:0611,0.0,0.0,6.67,8.9,0.0
20230108:0711,0.0,0.0,6.47,8.83,0.0
20230108:0811,0.0,0.0,6.4,8.48,0.0
20230108:0911,1.8,3.07,6.29,8.48,0.0
20230108:1011,6.3,6.74,6.23,8.55,0.0
20230108:1111,94.44,8.69,6.26,8.28,0.0
20230108:1211,48.28,8.77,6.04,8.07,0.0
20230108:1311,19.95,6.98,5.87,8.14,0.0
20230108:1411,4.99,3.44,5.77,8.07,0.0
20230108:1511,0.0,0.0,6.0,7.79,0.0
20230108:1611,0.0,0.0,5.86,7.66,0.0
20230108:1711,0.0,0.0,5.62,7.86,0.0
20230108:1811,0.0,0.0,5.62,8.28,0.0
20230108:1911,0.0,0.0,5.06,7.38,0.0
20230108:2011,0.0,0.0,5.3,7.52,0.0
20230108:2111,0.0,0.0,5.58,7.79,0.0
20230108:2211,0.0,0.0,5.59,8.14,0.0
20230108:2311,0.0,0.0,5.52,8.14,0.0
20230109:0011,0.0,0.0,5.62,8.55,0.0
20230109:0111,0.0,0.0,5.68,8.97,0.0
20230109:0211,0.0,0.0,5.86,9.86,0.0
20230109:0311,0.0,0.0,5.42,9.59,0.0
20230109:0411,0.0,0.0,5.35,9.72,0.0
20230109:0511,0.0,0.0,5.23,8.83,0.0
20230109:0611,0.0,0.0,5.09,7.03,0.0
20230109:0711,0.0,0.0,4.69,8.0,0.0
20230109:0811,0.0,0.0,4.32,6.48,0.0
20230109:0911,148.28,3.17,4.0,5.31,0.0
20230109:1011,336.78,6.85,4.59,4.76,0.0
20230109:1111,478.81,8.82,5.02,4.34,0.0
20230109:1211,28.78,8.92,5.2,4.14,0.0
20230109:1311,40.73,7.13,5.23,4.0,0.0
20230109:1411,4.99,3.6,5.18,3.86,0.0
20230109:1511,0.0,0.0,4.82,3.86,0.0
20230109:1611,0.0,0.0,4.65,4.0,0.0
20230109:1711,0.0,0.0,4.6,3.93,0.0
20230109:1811,0.0,0.0,4.45,3.59,0.0
20230109:1911,0.0,0.0,4.74,2.62,0.0
20230109:2011,0.0,0.0,4.77,2.9,0.0
20230109:2111,0.0,0.0,4.68,2.97,0.0
20230109:2211,0.0,0.0,4.42,2.9,0.0
20230109:2311,0.0,0.0,4.46,2.69,0.0
20230110:0011,0.0,0.0,4.67,2.62,0.0
20230110:0111,0.0,0.0,4.82,2.62,0.0
20230110:0211,0.0,0.0,4.56,2.76,0.0
20230110:0311,0.0,0.0,4.64,2.97,0.0
20230110:0411,0.0,0.0,4.54,3.17,0.0
20230110:0511,0.0,0.0,4.75,3.59,0.0
20230110:0611,0.0,0.0,4.87,3.72,0.0
20230110:0711,0.0,0.0,5.13,4.28,0.0
20230110:0811,0.0,0.0,5.12,4.76,0.0
20230110:0911,80.87,3.28,5.36,4.69,0.0
20230110:1011,74.21,6.98,5.56,4.76,0.0
20230110:1111,337.0,8.96,5.78,4.9,0.0
20230110:1211,49.91,9.07,6.0,5.59,0.0
20230110:1311,41.56,7.29,5.96,5.93,0.0
20230110:1411,17.46,3.77,5.91,6.48,0.0
20230110:1511,0.0,0.0,5.75,6.9,0.0
20230110:1611,0.0,0.0,5.6,7.45,0.0
20230110:1711,0.0,0.0,5.49,8.21,0.0
20230110:1811,0.0,0.0,5.38,8.62,0.0
20230110:1911,0.0,0.0,5.47,9.52,0.0
20230110:2011,0.0,0.0,5.43,10.28,0.0
20230110:2111,0.0,0.0,5.0,11.31,0.0
20230110:2211,0.0,0.0,4.91,12.07,0.0
20230110:2311,0.0,0.0,4.71,12.9,0.0
20230111:0011,0.0,0.0,4.58,13.45,0.0
20230111:0111,0.0,0.0,4.84,11.66,0.0
20230111:0211,0.0,0.0,5.65,8.41,0.0
20230111:0311,0.0,0.0,6.59,9.03,0.0
20230111:0411,0.0,0.0,7.44,9.79,0.0
20230111:0511,0.0,0.0,7.66,8.14,0.0
20230111:0611,0.0,0.0,7.37,8.0,0.0
20230111:0711,0.0,0.0,6.9,8.48,0.0
20230111:0811,0.0,0.0,6.56,8.69,0.0
20230111:0911,69.47,3.39,6.28,8.9,0.0
20230111:1011,104.09,7.11,6.3,8.9,0.0
20230111:1111,25.18,9.11,6.14,9.72,0.0
20230111:1211,9.89,9.22,5.84,10.48,0.0
20230111:1311,13.3,7.46,5.81,10.41,0.0
20230111:1411,2.49,3.94,5.81,10.28,0.0
20230111:1511,0.0,0.0,5.76,10.07,0.0
20230111:1611,0.0,0.0,5.82,9.45,0.0
20230111:1711,0.0,0.0,5.7,8.97,0.0
20230111:1811,0.0,0.0,5.56,8.9,0.0
20230111:1911,0.0,0.0,5.59,7.79,0.0
20230111:2011,0.0,0.0,5.57,7.17,0.0
20230111:2111,0.0,0.0,5.64,6.76,0.0
20230111:2211,0.0,0.0,5.45,6.28,0.0
20230111:2311,0.0,0.0,5.5,6.28,0.0
20230112:0011,0.0,0.0,5.62,5.72,0.0
20230112:0111,0.0,0.0,5.49,5.52,0.0
20230112:0211,0.0,0.0,5.34,5.24,0.0
20230112:0311,0.0,0.0,5.31,4.48,0.0
20230112:0411,0.0,0.0,5.2,3.86,0.0
20230112:0511,0.0,0.0,5.04,4.28,0.0
20230112:0611,0.0,0.0,4.77,4.34,0.0
20230112:0711,0.0,0.0,4.65,4.41,0.0
20230112:0811,0.0,0.0,4.71,4.28,0.0
20230112:0911,8.99,3.51,4.87,3.79,0.0
20230112:1011,364.75,7.25,5.0,3.1,0.0
20230112:1111,89.86,9.26,4.89,2.69,0.0
20230112:1211,66.69,9.39,5.19,2.41,0.0
20230112:1311,44.89,7.63,5.37,2.34,0.0
20230112:1411,19.95,4.12,5.46,2.07,0.0
20230112:1511,0.0,0.0,5.25,2.14,0.0
20230112:1611,0.0,0.0,5.01,2.41,0.0
20230112:1711,0.0,0.0,4.91,3.1,0.0
20230112:1811,0.0,0.0,4.94,3.72,0.0
20230112:1911,0.0,0.0,4.91,4.83,0.0
20230112:2011,0.0,0.0,4.62,5.66,0.0
20230112:2111,0.0,0.0,4.3,6.55,0.0
20230112:2211,0.0,0.0,4.19,6.97,0.0
20230112:2311,0.0,0.0,3.84,7.52,0.0
20230113:0011,0.0,0.0,4.21,6.69,0.0
20230113:0111,0.0,0.0,4.82,4.97,0.0
20230113:0211,0.0,0.0,4.9,4.55,0.0
20230113:0311,0.0,0.0,5.02,4.62,0.0
20230113:0411,0.0,0.0,4.91,4.83,0.0
20230113:0511,0.0,0.0,4.92,4.9,0.0
20230113:0611,0.0,0.0,4.86,4.76,0.0
20230113:0711,0.0,0.0,4.49,5.03,0.0
20230113:0811,0.0,0.0,4.26,4.9,0.0
20230113:0911,68.23,3.64,4.2,4.41,0.0
20230113:1011,27.88,7.39,3.86,3.72,0.0
20230113:1111,32.38,9.42,3.82,3.45,0.0
20230113:1211,41.37,9.56,3.78,3.52,0.0
20230113:1311,42.4,7.81,3.65,4.07,0.0
20230113:1411,20.78,4.31,3.63,4.55,0.0
20230113:1511,0.0,0.0,3.66,4.55,0.0
20230113:1611,0.0,0.0,3.66,4.62,0.0
20230113:1711,0.0,0.0,3.76,4.83,0.0
20230113:1811,0.0,0.0,3.8,4.97,0.0
20230113:1911,0.0,0.0,4.23,5.59,0.0
20230113:2011,0.0,0.0,4.43,5.24,0.0
20230113:2111,0.0,0.0,4.59,5.31,0.0
20230113:2211,0.0,0.0,4.59,5.38,0.0
20230113:2311,0.0,0.0,4.69,5.45,0.0
20230114:0011,0.0,0.0,4.73,5.38,0.0
20230114:0111,0.0,0.0,4.83,5.31,0.0
20230114:0211,0.0,0.0,4.76,5.03,0.0
20230114:0311,0.0,0.0,4.68,4.62,0.0
20230114:0411,0.0,0.0,4.63,4.14,0.0
20230114:0511,0.0,0.0,4.65,3.38,0.0
20230114:0611,0.0,0.0,4.69,2.07,0.0
20230114:0711,0.0,0.0,4.13,0.41,0.0
20230114:0811,0.0,0.0,3.77,2.34,0.0
20230114:0911,58.07,3.78,3.39,3.86,0.0
20230114:1011,96.98,7.54,3.58,4.97,0.0
20230114:1111,52.24,9.58,3.65,5.79,0.0
20230114:1211,27.88,9.74,3.77,6.55,0.0
20230114:1311,20.78,8.0,3.77,7.1,0.0
20230114:1411,12.47,4.5,3.69,7.79,0.0
20230114:1511,0.0,0.0,2.99,8.62,0.0
20230114:1611,0.0,0.0,2.8,10.07,0.0
20230114:1711,0.0,0.0,2.7,10.69,0.0
20230114:1811,0.0,0.0,2.55,10.28,0.0
20230114:1911,0.0,0.0,2.46,10.28,0.0
20230114:2011,0.0,0.0,2.32,9.93,0.0
20230114:2111,0.0,0.0,2.35,10.0,0.0
20230114:2211,0.0,0.0,2.5,8.97,0.0
20230114:2311,0.0,0.0,3.25,6.55,0.0
20230115:0011,0.0,0.0,3.55,6.0,0.0
20230115:0111,0.0,0.0,3.44,6.28,0.0
20230115:0211,0.0,0.0,3.61,6.55,0.0
20230115:0311,0.0,0.0,3.78,6.48,0.0
20230115:0411,0.0,0.0,3.75,6.41,0.0
20230115:0511,0.0,0.0,3.74,6.21,0.0
20230115:0611,0.0,0.0,3.43,5.72,0.0
20230115:0711,0.0,0.0,3.5,4.55,0.0
20230115:0811,0.0,0.0,3.31,3.24,0.0
20230115:0911,211.73,3.92,3.2,2.76,0.0
20230115:1011,125.93,7.7,3.24,2.48,0.0
20230115:1111,189.92,9.76,3.45,2.21,0.0
20230115:1211,30.58,9.92,3.47,2.97,0.0
20230115:1311,275.31,8.19,3.44,4.69,0.0
20230115:1411,20.78,4.7,3.26,5.93,0.0
20230115:1511,0.0,0.0,3.03,6.07,0.0
20230115:1611,0.0,0.0,2.75,6.48,0.0
20230115:1711,0.0,0.0,2.92,7.59,0.0
20230115:1811,0.0,0.0,3.17,7.93,0.0
20230115:1911,0.0,0.0,3.16,8.48,0.0
20230115:2011,0.0,0.0,3.09,8.62,0.0
20230115:2111,0.0,0.0,3.05,8.21,0.0
20230115:2211,0.0,0.0,2.89,7.52,0.0
20230115:2311,0.0,0.0,2.5,6.9,0.0
20230116:0011,0.0,0.0,2.37,6.21,0.0
20230116:0111,0.0,0.0,2.4,4.9,0.0
20230116:0211,0.0,0.0,2.53,3.24,0.0
20230116:0311,0.0,0.0,2.34,2.07,0.0
20230116:0411,0.0,0.0,1.95,1.17,0.0
20230116:0511,0.0,0.0,1.07,0.83,0.0
20230116:0611,0.0,0.0,1.0,0.97,0.0
20230116:0711,0.0,0.0,0.23,1.03,0.0
20230116:0811,0.0,0.0,0.06,1.52,0.0
20230116:0911,27.75,4.07,-0.21,1.52,0.0
20230116:1011,438.56,7.87,0.45,1.52,0.0
20230116:1111,461.34,9.94,1.21,1.93,0.0
20230116:1211,424.47,10.12,1.4,2.28,0.0
20230116:1311,174.62,8.39,1.37,2.21,0.0
20230116:1411,22.44,4.9,1.24,1.72,0.0
20230116:1511,0.0,0.0,0.97,1.03,0.0
20230116:1611,0.0,0.0,0.49,0.48,0.0
20230116:1711,0.0,0.0,0.27,0.69,0.0
20230116:1811,0.0,0.0,-0.05,1.03,0.0
20230116:1911,0.0,0.0,-0.4,1.1,0.0
20230116:2011,0.0,0.0,-0.44,1.38,0.0
20230116:2111,0.0,0.0,-0.39,1.79,0.0
20230116:2211,0.0,0.0,-0.11,2.07,0.0
20230116:2311,0.0,0.0,-0.08,2.41,0.0
20230117:0011,0.0,0.0,0.38,2.55,0.0
20230117:0111,0.0,0.0,0.43,2.83,0.0
20230117:0211,0.0,0.0,0.39,3.17,0.0
20230117:0311,0.0,0.0,0.38,3.45,0.0
20230117:0411,0.0,0.0,0.33,3.52,0.0
20230117:0511,0.0,0.0,0.32,3.31,0.0
20230117:0611,0.0,0.0,0.3,3.17,0.0
20230117:0711,0.0,0.0,0.38,3.24,0.0
20230117:0811,0.0,0.0,0.26,3.31,0.0
20230117:0911,9.89,4.23,0.34,3.17,0.0
20230117:1011,11.69,8.04,0.5,3.31,0.0
20230117:1111,142.39,10.12,0.71,3.38,0.0
20230117:1211,55.59,10.31,0.7,3.59,0.0
20230117:1311,95.2,8.59,0.63,3.72,0.0
20230117:1411,13.3,5.11,0.47,3.59,0.0
20230117:1511,0.0,0.0,0.43,3.52,0.0
20230117:1611,0.0,0.0,0.39,3.52,0.0
20230117:1711,0.0,0.0,0.47,3.59,0.0
20230117:1811,0.0,0.0,0.55,3.52,0.0
20230117:1911,0.0,0.0,0.67,3.66,0.0
20230117:2011,0.0,0.0,0.67,3.66,0.0
20230117:2111,0.0,0.0,0.71,3.38,0.0
20230117:2211,0.0,0.0,0.68,2.97,0.0
20230117:2311,0.0,0.0,0.68,2.28,0.0
20230118:0011,0.0,0.0,0.66,1.72,0.0
20230118:0111,0.0,0.0,0.62,1.1,0.0
20230118:0211,0.0,0.0,0.59,0.41,0.0
20230118:0311,0.0,0.0,0.62,0.48,0.0
20230118:0411,0.0,0.0,0.25,1.03,0.0
20230118:0511,0.0,0.0,0.22,1.17,0.0
20230118:0611,0.0,0.0,0.02,1.38,0.0
20230118:0711,0.0,0.0,0.14,1.79,0.0
20230118:0811,0.0,0.0,0.63,1.93,0.0
20230118:0911,47.68,4.4,0.86,2.07,0.0
20230118:1011,105.79,8.22,1.09,2.0,0.0
20230118:1111,41.37,10.32,1.31,1.79,0.0
20230118:1211,72.33,10.52,1.52,1.79,0.0
20230118:1311,115.36,8.81,1.56,2.0,0.0
20230118:1411,24.11,5.32,1.63,2.14,0.0
20230118:1511,0.0,0.0,1.53,2.07,0.0
20230118:1611,0.0,0.0,1.45,1.86,0.0
20230118:1711,0.0,0.0,1.43,1.52,0.0
20230118:1811,0.0,0.0,1.33,1.03,0.0
20230118:1911,0.0,0.0,0.19,1.52,0.0
20230118:2011,0.0,0.0,0.26,1.31,0.0
20230118:2111,0.0,0.0,0.36,1.52,0.0
20230118:2211,0.0,0.0,0.59,1.38,0.0
20230118:2311,0.0,0.0,0.52,1.31,0.0
20230119:0011,0.0,0.0,0.38,1.52,0.0
20230119:0111,0.0,0.0,0.07,1.52,0.0
20230119:0211,0.0,0.0,-0.29,1.24,0.0
20230119:0311,0.0,0.0,-1.2,1.1,0.0
20230119:0411,0.0,0.0,-1.79,1.31,0.0
20230119:0511,0.0,0.0,-1.99,1.45,0.0
20230119:0611,0.0,0.0,-2.38,1.52,0.0
20230119:0711,0.0,0.0,-1.27,2.48,0.0
20230119:0811,0.0,0.0,-1.01,2.34,0.0
20230119:0911,231.01,4.57,-0.71,2.07,0.0
20230119:1011,422.39,8.41,-0.55,1.86,0.0
20230119:1111,155.42,10.52,-0.12,1.59,0.0
20230119:1211,21.59,10.73,0.28,1.45,0.0
20230119:1311,95.1,9.02,0.67,1.45,0.0
20230119:1411,9.98,5.54,1.13,1.86,0.0
20230119:1511,0.0,0.0,1.08,2.62,0.0
20230119:1611,0.0,0.0,0.93,3.31,0.0
20230119:1711,0.0,0.0,0.77,3.45,0.0
20230119:1811,0.0,0.0,0.59,3.31,0.0
20230119:1911,0.0,0.0,0.62,2.76,0.0
20230119:2011,0.0,0.0,0.46,2.9,0.0
20230119:2111,0.0,0.0,0.48,2.97,0.0
20230119:2211,0.0,0.0,0.49,2.83,0.0
20230119:2311,0.0,0.0,0.3,2.55,0.0
20230120:0011,0.0,0.0,0.09,2.21,0.0
20230120:0111,0.0,0.0,-0.12,1.93,0.0
20230120:0211,0.0,0.0,-0.09,1.79,0.0
20230120:0311,0.0,0.0,-0.07,1.79,0.0
20230120:0411,0.0,0.0,0.04,1.79,0.0
20230120:0511,0.0,0.0,0.17,1.79,0.0
20230120:0611,0.0,0.0,0.29,1.86,0.0
20230120:0711,0.0,0.0,-0.6,1.31,0.0
20230120:0811,0.0,0.0,-1.67,1.52,0.0
20230120:0911,65.87,4.74,-2.9,1.72,0.0
20230120:1011,46.01,8.6,-3.22,1.93,0.0
20230120:1111,40.47,10.72,-2.65,2.0,0.0
20230120:1211,24.28,10.95,-1.17,2.14,0.0
20230120:1311,20.69,9.25,-0.24,2.21,0.0
20230120:1411,12.47,5.77,-0.19,2.14,0.0
20230120:1511,0.0,0.0,-0.56,2.28,0.0
20230120:1611,0.0,0.0,-1.18,2.21,0.0
20230120:1711,0.0,0.0,-1.96,2.0,0.0
20230120:1811,0.0,0.0,-2.55,1.72,0.0
20230120:1911,0.0,0.0,-3.02,1.59,0.0
20230120:2011,0.0,0.0,-3.47,1.79,0.0
20230120:2111,0.0,0.0,-3.86,2.14,0.0
20230120:2211,0.0,0.0,-3.89,2.21,0.0
20230120:2311,0.0,0.0,-4.05,2.07,0.0
20230121:0011,0.0,0.0,-3.66,2.41,0.0
20230121:0111,0.0,0.0,-2.94,2.9,0.0
20230121:0211,0.0,0.0,-2.84,2.97,0.0
20230121:0311,0.0,0.0,-2.81,2.97,0.0
20230121:0411,0.0,0.0,-2.78,3.17,0.0
20230121:0511,0.0,0.0,-2.79,3.31,0.0
20230121:0611,0.0,0.0,-2.81,3.66,0.0
20230121:0711,0.0,0.0,-1.92,4.69,0.0
20230121:0811,0.0,0.0,-1.5,4.76,0.0
20230121:0911,5.4,4.93,-1.46,4.9,0.0
20230121:1011,289.8,8.8,-1.09,4.9,0.0
20230121:1111,17.99,10.94,-0.48,4.83,0.0
20230121:1211,17.09,11.17,0.04,4.83,0.0
20230121:1311,14.39,9.48,0.37,4.97,0.0
20230121:1411,4.99,6.0,0.5,5.17,0.0
20230121:1511,0.0,0.0,0.47,5.17,0.0
20230121:1611,0.0,0.0,0.18,5.03,0.0
20230121:1711,0.0,0.0,-0.04,4.97,0.0
20230121:1811,0.0,0.0,-0.23,5.03,0.0
20230121:1911,0.0,0.0,0.44,6.21,0.0
20230121:2011,0.0,0.0,0.41,6.48,0.0
20230121:2111,0.0,0.0,0.33,6.9,0.0
20230121:2211,0.0,0.0,0.29,6.9,0.0
20230121:2311,0.0,0.0,0.32,6.62,0.0
20230122:0011,0.0,0.0,0.35,6.55,0.0
20230122:0111,0.0,0.0,0.37,6.41,0.0
20230122:0211,0.0,0.0,0.32,6.21,0.0
20230122:0311,0.0,0.0,0.34,6.34,0.0
20230122:0411,0.0,0.0,0.4,6.76,0.0
20230122:0511,0.0,0.0,0.48,6.97,0.0
20230122:0611,0.0,0.0,0.55,6.97,0.0
20230122:0711,0.0,0.0,0.54,7.31,0.0
20230122:0811,0.0,0.0,0.39,7.66,0.0
20230122:0911,6.3,5.12,0.47,7.72,0.0
20230122:1011,14.39,9.0,0.72,7.93,0.0
20230122:1111,18.89,11.15,0.79,7.59,0.0
20230122:1211,27.88,11.4,0.89,7.59,0.0
20230122:1311,27.88,9.71,1.07,7.31,0.0
20230122:1411,7.48,6.23,1.14,6.97,0.0
20230122:1511,0.0,0.0,1.11,6.76,0.0
20230122:1611,0.0,0.0,1.05,7.1,0.0
20230122:1711,0.0,0.0,0.95,7.17,0.0
20230122:1811,0.0,0.0,0.78,6.9,0.0
20230122:1911,0.0,0.0,0.9,7.38,0.0
20230122:2011,0.0,0.0,0.85,7.72,0.0
20230122:2111,0.0,0.0,0.8,7.93,0.0
20230122:2211,0.0,0.0,0.82,7.38,0.0
20230122:2311,0.0,0.0,0.76,7.45,0.0
20230123:0011,0.0,0.0,0.75,7.59,0.0
20230123:0111,0.0,0.0,0.78,7.52,0.0
20230123:0211,0.0,0.0,0.93,7.38,0.0
20230123:0311,0.0,0.0,1.03,7.31,0.0
20230123:0411,0.0,0.0,1.19,7.24,0.0
20230123:0511,0.0,0.0,1.42,7.24,0.0
20230123:0611,0.0,0.0,1.66,7.31,0.0
20230123:0711,0.0,0.0,1.84,7.52,0.0
20230123:0811,0.0,0.0,2.11,7.79,0.0
20230123:0911,29.49,5.32,2.35,8.14,0.0
20230123:1011,21.59,9.22,2.71,8.14,0.0
20230123:1111,12.59,11.38,2.94,8.0,0.0
20230123:1211,12.59,11.63,3.15,7.72,0.0
20230123:1311,23.39,9.95,3.31,7.66,0.0
20230123:1411,18.29,6.47,3.45,7.52,0.0
20230123:1511,0.0,0.0,3.76,7.38,0.0
20230123:1611,0.0,0.0,4.0,6.9,0.0
20230123:1711,0.0,0.0,4.12,6.83,0.0
20230123:1811,0.0,0.0,4.31,6.83,0.0
20230123:1911,0.0,0.0,4.15,7.1,0.0
20230123:2011,0.0,0.0,4.3,7.03,0.0
20230123:2111,0.0,0.0,4.44,6.69,0.0
20230123:2211,0.0,0.0,4.58,6.14,0.0
20230123:2311,0.0,0.0,4.71,5.86,0.0
20230124:0011,0.0,0.0,5.06,5.79,0.0
20230124:0111,0.0,0.0,5.09,5.79,0.0
20230124:0211,0.0,0.0,5.0,5.66,0.0
20230124:0311,0.0,0.0,5.19,5.38,0.0
20230124:0411,0.0,0.0,5.3,5.1,0.0
20230124:0511,0.0,0.0,5.39,5.03,0.0
20230124:0611,0.0,0.0,5.46,4.9,0.0
20230124:0711,0.0,0.0,5.41,4.9,0.0
20230124:0811,0.0,0.0,5.47,4.9,0.0
20230124:0911,198.17,5.52,5.54,4.69,0.0
20230124:1011,49.16,9.44,5.6,4.55,0.0
20230124:1111,24.28,11.61,5.6,4.55,0.0
20230124:1211,17.09,11.87,5.64,4.62,0.0
20230124:1311,10.79,10.19,5.67,4.62,0.0
20230124:1411,11.64,6.72,5.64,4.48,0.0
20230124:1511,0.83,1.71,5.54,4.14,0.0
20230124:1611,0.0,0.0,5.51,3.93,0.0
20230124:1711,0.0,0.0,5.51,3.93,0.0
20230124:1811,0.0,0.0,5.52,3.86,0.0
20230124:1911,0.0,0.0,5.55,4.69,0.0
20230124:2011,0.0,0.0,5.59,4.97,0.0
20230124:2111,0.0,0.0,5.6,5.1,0.0
20230124:2211,0.0,0.0,5.65,5.17,0.0
20230124:2311,0.0,0.0,5.67,5.1,0.0
20230125:0011,0.0,0.0,5.81,4.97,0.0
20230125:0111,0.0,0.0,5.71,4.83,0.0
20230125:0211,0.0,0.0,5.79,4.83,0.0
20230125:0311,0.0,0.0,5.87,4.55,0.0
20230125:0411,0.0,0.0,5.89,4.34,0.0
20230125:0511,0.0,0.0,5.94,4.28,0.0
20230125:0611,0.0,0.0,5.94,4.34,0.0
20230125:0711,0.0,0.0,5.92,4.76,0.0
20230125:0811,0.0,0.0,5.98,5.24,0.0
20230125:0911,8.99,5.73,6.12,5.52,0.0
20230125:1011,19.79,9.66,6.26,5.59,0.0
20230125:1111,22.49,11.85,6.35,5.1,0.0
20230125:1211,28.78,12.12,6.34,5.03,0.0
20230125:1311,61.28,10.45,6.18,4.28,0.0
20230125:1411,39.07,6.97,5.99,4.14,0.0
20230125:1511,0.83,1.96,5.67,4.28,0.0
20230125:1611,0.0,0.0,5.43,4.14,0.0
20230125:1711,0.0,0.0,5.3,4.62,0.0
20230125:1811,0.0,0.0,5.23,5.1,0.0
20230125:1911,0.0,0.0,5.29,5.03,0.0
20230125:2011,0.0,0.0,5.13,5.03,0.0
20230125:2111,0.0,0.0,4.82,5.03,0.0
20230125:2211,0.0,0.0,4.7,5.03,0.0
20230125:2311,0.0,0.0,4.46,5.1,0.0
20230126:0011,0.0,0.0,4.57,5.52,0.0
20230126:0111,0.0,0.0,4.52,6.28,0.0
20230126:0211,0.0,0.0,4.5,7.1,0.0
20230126:0311,0.0,0.0,4.42,7.45,0.0
20230126:0411,0.0,0.0,4.27,7.17,0.0
20230126:0511,0.0,0.0,4.05,7.24,0.0
20230126:0611,0.0,0.0,3.75,7.24,0.0
20230126:0711,0.0,0.0,3.37,6.14,0.0
20230126:0811,0.0,0.0,3.17,5.66,0.0
20230126:0911,311.35,5.95,2.95,5.45,0.0
20230126:1011,437.55,9.89,2.89,5.52,0.0
20230126:1111,559.63,12.09,3.11,5.59,0.0
20230126:1211,520.32,12.37,3.23,5.86,0.0
20230126:1311,465.25,10.7,3.18,5.93,0.0
20230126:1411,36.58,7.22,3.04,5.86,0.0
20230126:1511,0.83,2.21,2.8,5.72,0.0
20230126:1611,0.0,0.0,2.27,5.31,0.0
20230126:1711,0.0,0.0,1.96,4.69,0.0
20230126:1811,0.0,0.0,1.69,4.21,0.0
20230126:1911,0.0,0.0,1.47,4.14,0.0
20230126:2011,0.0,0.0,1.02,3.52,0.0
20230126:2111,0.0,0.0,0.73,2.62,0.0
20230126:2211,0.0,0.0,0.64,1.79,0.0
20230126:2311,0.0,0.0,0.54,1.45,0.0
20230127:0011,0.0,0.0,0.1,1.17,0.0
20230127:0111,0.0,0.0,-0.03,0.9,0.0
20230127:0211,0.0,0.0,-0.6,1.59,0.0
20230127:0311,0.0,0.0,-0.15,1.86,0.0
20230127:0411,0.0,0.0,-0.51,1.1,0.0
20230127:0511,0.0,0.0,-0.29,0.97,0.0
20230127:0611,0.0,0.0,-0.49,1.1,0.0
20230127:0711,0.0,0.0,0.04,1.24,0.0
20230127:0811,0.0,0.0,-0.17,1.31,0.0
20230127:0911,24.28,6.17,0.73,1.66,0.0
20230127:1011,63.72,10.13,1.51,1.66,0.0
20230127:1111,113.01,12.34,2.27,1.38,0.0
20230127:1211,214.62,12.63,2.56,1.38,0.0
20230127:1311,64.5,10.96,2.91,1.59,0.0
20230127:1411,9.14,7.48,2.86,1.86,0.0
20230127:1511,1.66,2.46,2.95,2.21,0.0
20230127:1611,0.0,0.0,2.99,2.41,0.0
20230127:1711,0.0,0.0,3.18,2.62,0.0
20230127:1811,0.0,0.0,3.52,2.62,0.0
20230127:1911,0.0,0.0,3.81,3.03,0.0
20230127:2011,0.0,0.0,4.03,3.79,0.0
20230127:2111,0.0,0.0,4.24,4.21,0.0
20230127:2211,0.0,0.0,4.46,4.28,0.0
20230127:2311,0.0,0.0,4.62,4.62,0.0
20230128:0011,0.0,0.0,4.67,4.97,0.0
20230128:0111,0.0,0.0,4.74,5.24,0.0
20230128:0211,0.0,0.0,4.88,5.52,0.0
20230128:0311,0.0,0.0,4.65,6.14,0.0
20230128:0411,0.0,0.0,5.4,6.69,0.0
20230128:0511,0.0,0.0,5.56,7.03,0.0
20230128:0611,0.0,0.0,5.11,6.76,0.0
20230128:0711,0.0,0.0,5.11,6.28,0.0
20230128:0811,0.0,0.0,5.04,6.48,0.0
20230128:0911,243.67,6.4,5.05,6.34,0.0
20230128:1011,444.38,10.37,5.12,6.48,0.0
20230128:1111,515.82,12.6,5.3,6.07,0.0
20230128:1211,534.2,12.89,5.38,6.07,0.0
20230128:1311,283.15,11.23,5.51,5.86,0.0
20230128:1411,39.07,7.75,5.44,6.28,0.0
20230128:1511,1.66,2.72,5.31,6.41,0.0
20230128:1611,0.0,0.0,5.09,6.55,0.0
20230128:1711,0.0,0.0,4.81,6.62,0.0
20230128:1811,0.0,0.0,4.73,5.45,0.0
20230128:1911,0.0,0.0,4.58,4.34,0.0
20230128:2011,0.0,0.0,4.65,4.14,0.0
20230128:2111,0.0,0.0,4.6,4.69,0.0
20230128:2211,0.0,0.0,4.65,5.1,0.0
20230128:2311,0.0,0.0,4.72,5.52,0.0
20230129:0011,0.0,0.0,4.74,5.52,0.0
20230129:0111,0.0,0.0,4.85,6.41,0.0
20230129:0211,0.0,0.0,5.0,6.48,0.0
20230129:0311,0.0,0.0,5.22,6.97,0.0
20230129:0411,0.0,0.0,5.38,6.76,0.0
20230129:0511,0.0,0.0,5.4,6.41,0.0
20230129:0611,0.0,0.0,5.36,6.62,0.0
20230129:0711,0.0,0.0,5.12,6.34,0.0
20230129:0811,0.0,0.0,5.19,6.9,0.0
20230129:0911,23.39,6.64,5.1,7.03,0.0
20230129:1011,17.09,10.62,4.99,7.31,0.0
20230129:1111,14.39,12.86,5.59,7.59,0.0
20230129:1211,35.08,13.16,5.83,8.14,0.0
20230129:1311,33.28,11.5,6.06,7.93,0.0
20230129:1411,20.78,8.02,6.22,8.0,0.0
20230129:1511,1.66,2.99,6.31,8.48,0.0
20230129:1611,0.0,0.0,6.27,8.97,0.0
20230129:1711,0.0,0.0,6.28,10.21,0.0
20230129:1811,0.0,0.0,6.5,11.24,0.0
20230129:1911,0.0,0.0,6.63,10.76,0.0
20230129:2011,0.0,0.0,5.76,10.55,0.0
20230129:2111,0.0,0.0,4.91,11.59,0.0
20230129:2211,0.0,0.0,4.33,11.45,0.0
20230129:2311,0.0,0.0,4.39,11.52,0.0
20230130:0011,0.0,0.0,4.44,11.86,0.0
20230130:0111,0.0,0.0,4.09,11.93,0.0
20230130:0211,0.0,0.0,3.17,12.62,0.0
20230130:0311,0.0,0.0,2.76,11.66,0.0
20230130:0411,0.0,0.0,2.79,11.03,0.0
20230130:0511,0.0,0.0,3.12,10.69,0.0
20230130:0611,0.0,0.0,3.29,10.62,0.0
20230130:0711,0.0,0.0,3.97,9.59,0.0
20230130:0811,0.0,0.0,3.96,10.28,0.0
20230130:0911,297.94,6.88,3.51,12.48,0.0
20230130:1011,290.93,10.88,3.44,13.17,0.0
20230130:1111,15.29,13.13,3.25,13.59,0.0
20230130:1211,343.91,13.43,2.73,13.38,0.0
20230130:1311,384.63,11.77,2.46,13.1,0.0
20230130:1411,43.23,8.29,2.53,12.97,0.0
20230130:1511,3.33,3.26,2.49,12.69,0.0
20230130:1611,0.0,0.0,2.51,12.14,0.0
20230130:1711,0.0,0.0,2.51,11.52,0.0
20230130:1811,0.0,0.0,2.42,11.03,0.0
20230130:1911,0.0,0.0,2.18,10.62,0.0
20230130:2011,0.0,0.0,2.13,9.66,0.0
20230130:2111,0.0,0.0,2.14,9.03,0.0
20230130:2211,0.0,0.0,2.16,8.34,0.0
20230130:2311,0.0,0.0,2.32,7.38,0.0
20230131:0011,0.0,0.0,2.46,6.55,0.0
20230131:0111,0.0,0.0,2.73,5.45,0.0
20230131:0211,0.0,0.0,2.8,4.48,0.0
20230131:0311,0.0,0.0,2.66,3.72,0.0
20230131:0411,0.0,0.0,2.44,2.83,0.0
20230131:0511,0.0,0.0,2.03,3.66,0.0
20230131:0611,0.0,0.0,1.91,5.1,0.0
20230131:0711,0.0,0.0,2.64,5.86,0.0
20230131:0811,0.83,1.66,3.48,5.86,0.0
20230131:0911,7.2,7.12,4.22,4.9,0.0
20230131:1011,12.59,11.14,4.45,8.14,0.0
20230131:1111,21.59,13.4,4.31,10.28,0.0
20230131:1211,24.28,13.71,3.95,10.21,0.0
20230131:1311,37.78,12.05,3.19,10.62,0.0
20230131:1411,8.31,8.57,3.04,10.21,0.0
20230131:1511,2.49,3.53,3.44,10.34,0.0
20230131:1611,0.0,0.0,3.4,11.17,0.0
20230131:1711,0.0,0.0,3.47,11.1,0.0
20230131:1811,0.0,0.0,3.07,9.93,0.0
20230131:1911,0.0,0.0,3.41,11.03,0.0
20230131:2011,0.0,0.0,3.41,10.9,0.0
20230131:2111,0.0,0.0,3.46,11.03,0.0
20230131:2211,0.0,0.0,3.67,10.69,0.0
20230131:2311,0.0,0.0,3.77,10.14,0.0
20230201:0011,0.0,0.0,3.79,9.86,0.0
20230201:0111,0.0,0.0,3.79,10.34,0.0
20230201:0211,0.0,0.0,3.46,10.21,0.0
20230201:0311,0.0,0.0,3.09,9.86,0.0
20230201:0411,0.0,0.0,3.2,8.97,0.0
20230201:0511,0.0,0.0,3.3,8.76,0.0
20230201:0611,0.0,0.0,3.74,9.59,0.0
20230201:0711,0.0,0.0,4.28,8.48,0.0
20230201:0811,1.66,1.9,4.4,8.48,0.0
20230201:0911,7.2,7.38,4.58,8.48,0.0
20230201:1011,13.49,11.4,4.8,8.07,0.0
20230201:1111,68.77,13.68,4.92,5.93,0.0
20230201:1211,70.58,14.0,4.73,5.52,0.0
20230201:1311,113.59,12.34,4.38,7.86,0.0
20230201:1411,36.58,8.85,4.21,10.07,0.0
20230201:1511,5.82,3.8,4.34,10.14,0.0
20230201:1611,0.0,0.0,4.26,9.66,0.0
20230201:1711,0.0,0.0,3.97,9.31,0.0
20230201:1811,0.0,0.0,3.75,9.03,0.0
20230201:1911,0.0,0.0,3.78,8.62,0.0
20230201:2011,0.0,0.0,3.81,8.62,0.0
20230201:2111,0.0,0.0,3.91,8.41,0.0
20230201:2211,0.0,0.0,3.92,7.86,0.0
20230201:2311,0.0,0.0,3.9,7.45,0.0
20230202:0011,0.0,0.0,3.78,7.03,0.0
20230202:0111,0.0,0.0,3.58,6.48,0.0
20230202:0211,0.0,0.0,3.47,5.72,0.0
20230202:0311,0.0,0.0,3.33,4.83,0.0
20230202:0411,0.0,0.0,3.12,3.93,0.0
20230202:0511,0.0,0.0,2.95,3.1,0.0
20230202:0611,0.0,0.0,2.82,2.41,0.0
20230202:0711,0.0,0.0,2.5,2.9,0.0
20230202:0811,1.66,2.15,2.17,2.07,0.0
20230202:0911,331.5,7.63,1.79,1.38,0.0
20230202:1011,245.48,11.68,2.09,1.45,0.0
20230202:1111,224.5,13.96,2.54,1.66,0.0
20230202:1211,334.88,14.29,3.0,2.34,0.0
20230202:1311,209.46,12.63,3.27,2.9,0.0
20230202:1411,31.59,9.13,3.47,3.59,0.0
20230202:1511,6.65,4.08,3.43,4.34,0.0
20230202:1611,0.0,0.0,3.22,5.17,0.0
20230202:1711,0.0,0.0,3.06,6.14,0.0
20230202:1811,0.0,0.0,3.02,7.66,0.0
20230202:1911,0.0,0.0,2.57,9.93,0.0
20230202:2011,0.0,0.0,2.57,10.34,0.0
20230202:2111,0.0,0.0,2.31,10.07,0.0
20230202:2211,0.0,0.0,2.1,10.41,0.0
20230202:2311,0.0,0.0,2.21,11.17,0.0
20230203:0011,0.0,0.0,3.05,8.55,0.0
20230203:0111,0.0,0.0,3.34,4.48,0.0
20230203:0211,0.0,0.0,4.23,4.9,0.0
20230203:0311,0.0,0.0,4.62,10.83,0.0
20230203:0411,0.0,0.0,5.67,12.83,0.0
20230203:0511,0.0,0.0,5.95,12.14,0.0
20230203:0611,0.0,0.0,5.76,12.28,0.0
20230203:0711,0.0,0.0,5.98,11.38,0.0
20230203:0811,1.66,2.4,6.4,11.38,0.0
20230203:0911,26.98,7.9,6.13,11.03,0.0
20230203:1011,23.39,11.95,5.58,11.1,0.0
20230203:1111,59.36,14.25,5.16,10.69,0.0
20230203:1211,201.22,14.58,4.6,9.1,0.0
20230203:1311,641.84,12.92,4.31,7.72,0.0
20230203:1411,39.07,9.42,4.3,6.62,0.0
20230203:1511,17.46,4.36,4.16,5.86,0.0
20230203:1611,0.0,0.0,4.0,5.45,0.0
20230203:1711,0.0,0.0,3.75,4.83,0.0
20230203:1811,0.0,0.0,3.29,4.0,0.0
20230203:1911,0.0,0.0,2.76,2.41,0.0
20230203:2011,0.0,0.0,2.49,2.48,0.0
20230203:2111,0.0,0.0,2.18,4.0,0.0
20230203:2211,0.0,0.0,1.84,5.24,0.0
20230203:2311,0.0,0.0,1.61,5.93,0.0
20230204:0011,0.0,0.0,1.32,6.34,0.0
20230204:0111,0.0,0.0,1.03,6.62,0.0
20230204:0211,0.0,0.0,0.76,6.76,0.0
20230204:0311,0.0,0.0,0.49,6.97,0.0
20230204:0411,0.0,0.0,0.16,6.9,0.0
20230204:0511,0.0,0.0,0.02,6.97,0.0
20230204:0611,0.0,0.0,0.07,7.31,0.0
20230204:0711,0.0,0.0,0.06,7.86,0.0
20230204:0811,1.66,2.65,-0.02,7.93,0.0
20230204:0911,79.35,8.17,0.03,8.07,0.0
20230204:1011,299.97,12.24,0.36,8.48,0.0
20230204:1111,92.66,14.54,0.75,8.76,0.0
20230204:1211,193.14,14.88,1.11,9.1,0.0
20230204:1311,71.58,13.22,1.48,9.45,0.0
20230204:1411,87.72,9.71,1.86,9.24,0.0
20230204:1511,8.31,4.64,2.16,9.66,0.0
20230204:1611,0.0,0.0,2.43,10.07,0.0
20230204:1711,0.0,0.0,2.75,10.28,0.0
20230204:1811,0.0,0.0,3.11,10.34,0.0
20230204:1911,0.0,0.0,3.64,10.14,0.0
20230204:2011,0.0,0.0,3.85,10.21,0.0
20230204:2111,0.0,0.0,4.18,9.93,0.0
20230204:2211,0.0,0.0,4.66,9.72,0.0
20230204:2311,0.0,0.0,5.06,7.72,0.0
20230205:0011,0.0,0.0,5.25,6.83,0.0
20230205:0111,0.0,0.0,4.49,9.59,0.0
20230205:0211,0.0,0.0,4.23,9.52,0.0
20230205:0311,0.0,0.0,4.49,9.45,0.0
20230205:0411,0.0,0.0,4.12,9.79,0.0
20230205:0511,0.0,0.0,3.86,9.86,0.0
20230205:0611,0.0,0.0,3.87,9.79,0.0
20230205:0711,0.0,0.0,4.48,8.55,0.0
20230205:0811,5.4,2.91,4.4,6.83,0.0
20230205:0911,401.61,8.44,4.38,5.93,0.0
20230205:1011,589.52,12.52,4.52,5.24,0.0
20230205:1111,203.39,14.84,4.91,4.48,0.0
20230205:1211,183.31,15.18,5.12,4.9,0.0
20230205:1311,26.08,13.52,5.08,5.17,0.0
20230205:1411,409.03,10.01,5.16,4.34,0.0
20230205:1511,24.94,4.93,5.12,3.72,0.0
20230205:1611,0.0,0.0,4.98,3.72,0.0
20230205:1711,0.0,0.0,4.84,3.31,0.0
20230205:1811,0.0,0.0,4.86,2.76,0.0
20230205:1911,0.0,0.0,4.97,3.93,0.0
20230205:2011,0.0,0.0,4.97,3.24,0.0
20230205:2111,0.0,0.0,4.96,3.03,0.0
20230205:2211,0.0,0.0,5.09,2.07,0.0
20230205:2311,0.0,0.0,5.22,0.14,0.0
20230206:0011,0.0,0.0,4.65,1.45,0.0
20230206:0111,0.0,0.0,4.73,2.14,0.0
20230206:0211,0.0,0.0,5.03,2.83,0.0
20230206:0311,0.0,0.0,5.03,3.38,0.0
20230206:0411,0.0,0.0,5.37,3.79,0.0
20230206:0511,0.0,0.0,5.46,3.59,0.0
20230206:0611,0.0,0.0,5.53,2.9,0.0
20230206:0711,0.0,0.0,4.97,2.69,0.0
20230206:0811,3.6,3.18,4.69,2.97,0.0
20230206:0911,31.48,8.72,4.41,3.31,0.0
20230206:1011,50.37,12.82,4.68,3.38,0.0
20230206:1111,190.62,15.14,4.76,3.52,0.0
20230206:1211,62.06,15.49,5.0,3.52,0.0
20230206:1311,229.45,13.83,5.23,3.52,0.0
20230206:1411,139.29,10.31,5.17,3.59,0.0
20230206:1511,14.96,5.22,4.84,3.38,0.0
20230206:1611,0.0,0.0,4.47,3.31,0.0
20230206:1711,0.0,0.0,4.06,3.66,0.0
20230206:1811,0.0,0.0,4.05,4.28,0.0
20230206:1911,0.0,0.0,4.69,4.69,0.0
20230206:2011,0.0,0.0,4.85,4.97,0.0
20230206:2111,0.0,0.0,5.04,4.97,0.0
20230206:2211,0.0,0.0,5.21,4.9,0.0
20230206:2311,0.0,0.0,5.27,5.03,0.0
20230207:0011,0.0,0.0,5.48,5.31,0.0
20230207:0111,0.0,0.0,5.47,4.9,0.0
20230207:0211,0.0,0.0,5.34,4.69,0.0
20230207:0311,0.0,0.0,5.14,4.69,0.0
20230207:0411,0.0,0.0,5.04,4.9,0.0
20230207:0511,0.0,0.0,4.96,4.83,0.0
20230207:0611,0.0,0.0,4.99,4.07,0.0
20230207:0711,0.0,0.0,4.84,3.52,0.0
20230207:0811,2.7,3.45,4.86,3.66,0.0
20230207:0911,15.29,9.01,5.0,3.79,0.0
20230207:1011,15.29,13.11,5.29,3.72,0.0
20230207:1111,97.49,15.45,5.62,3.52,0.0
20230207:1211,37.78,15.8,5.96,3.38,0.0
20230207:1311,44.97,14.13,6.11,3.38,0.0
20230207:1411,43.17,10.61,6.19,3.24,0.0
20230207:1511,6.65,5.52,6.09,3.31,0.0
20230207:1611,0.0,0.0,6.05,3.59,0.0
20230207:1711,0.0,0.0,6.05,3.93,0.0
20230207:1811,0.0,0.0,6.05,4.28,0.0
20230207:1911,0.0,0.0,6.05,3.93,0.0
20230207:2011,0.0,0.0,6.07,4.07,0.0
20230207:2111,0.0,0.0,6.07,4.07,0.0
20230207:2211,0.0,0.0,6.03,3.93,0.0
20230207:2311,0.0,0.0,5.98,3.72,0.0
20230208:0011,0.0,0.0,5.87,3.59,0.0
20230208:0111,0.0,0.0,5.8,3.45,0.0
20230208:0211,0.0,0.0,5.76,3.66,0.0
20230208:0311,0.0,0.0,5.66,4.28,0.0
20230208:0411,0.0,0.0,5.61,4.9,0.0
20230208:0511,0.0,0.0,5.64,5.24,0.0
20230208:0611,0.0,0.0,5.75,5.72,0.0
20230208:0711,0.0,0.0,5.69,6.28,0.0
20230208:0811,2.7,3.73,5.79,6.34,0.0
20230208:0911,18.89,9.3,5.93,6.55,0.0
20230208:1011,16.19,13.42,6.05,7.38,0.0
20230208:1111,19.79,15.76,6.08,8.14,0.0
20230208:1211,19.79,16.11,6.01,8.69,0.0
20230208:1311,17.99,14.45,5.93,8.83,0.0
20230208:1411,24.28,10.92,5.72,9.17,0.0
20230208:1511,9.14,5.81,5.51,9.24,0.0
20230208:1611,0.0,0.0,5.32,9.66,0.0
20230208:1711,0.0,0.0,5.12,10.14,0.0
20230208:1811,0.0,0.0,4.92,10.48,0.0
20230208:1911,0.0,0.0,5.12,10.34,0.0
20230208:2011,0.0,0.0,5.04,10.07,0.0
20230208:2111,0.0,0.0,5.09,9.72,0.0
20230208:2211,0.0,0.0,5.35,8.69,0.0
20230208:2311,0.0,0.0,5.88,9.93,0.0
20230209:0011,0.0,0.0,6.18,10.41,0.0
20230209:0111,0.0,0.0,5.95,9.86,0.0
20230209:0211,0.0,0.0,5.0,7.86,0.0
20230209:0311,0.0,0.0,4.24,6.48,0.0
20230209:0411,0.0,0.0,4.01,7.72,0.0
20230209:0511,0.0,0.0,4.26,7.72,0.0
20230209:0611,0.0,0.0,4.36,8.97,0.0
20230209:0711,0.0,0.0,4.75,9.59,0.0
20230209:0811,11.69,4.01,4.73,9.79,0.0
20230209:0911,115.14,9.59,4.73,9.93,0.0
20230209:1011,168.97,13.72,4.94,10.34,0.0
20230209:1111,246.71,16.07,4.41,11.38,0.0
20230209:1211,43.17,16.43,4.19,11.31,0.0
20230209:1311,35.98,14.76,4.21,11.79,0.0
20230209:1411,32.38,11.23,4.0,13.24,0.0
20230209:1511,29.1,6.11,3.66,13.03,0.0
20230209:1611,0.0,0.0,3.44,12.07,0.0
20230209:1711,0.0,0.0,3.07,11.86,0.0
20230209:1811,0.0,0.0,2.72,11.79,0.0
20230209:1911,0.0,0.0,3.17,10.83,0.0
20230209:2011,0.0,0.0,3.14,10.21,0.0
20230209:2111,0.0,0.0,3.2,9.93,0.0
20230209:2211,0.0,0.0,2.92,9.66,0.0
20230209:2311,0.0,0.0,2.73,9.17,0.0
20230210:0011,0.0,0.0,2.64,8.48,0.0
20230210:0111,0.0,0.0,2.58,7.45,0.0
20230210:0211,0.0,0.0,2.47,6.34,0.0
20230210:0311,0.0,0.0,2.42,5.45,0.0
20230210:0411,0.0,0.0,2.46,5.17,0.0
20230210:0511,0.0,0.0,2.6,4.21,0.0
20230210:0611,0.0,0.0,2.73,3.45,0.0
20230210:0711,0.0,0.0,2.5,1.66,0.0
20230210:0811,5.4,4.3,2.61,3.59,0.0
20230210:0911,16.19,9.89,2.84,5.93,0.0
20230210:1011,32.38,14.04,3.47,7.24,0.0
20230210:1111,35.08,16.4,3.54,6.9,0.0
20230210:1211,30.58,16.76,4.36,8.34,0.0
20230210:1311,23.39,15.08,4.75,8.9,0.0
20230210:1411,13.49,11.54,5.18,9.1,0.0
20230210:1511,13.3,6.41,5.6,9.45,0.0
20230210:1611,0.0,0.0,6.03,10.41,0.0
20230210:1711,0.0,0.0,6.6,10.76,0.0
20230210:1811,0.0,0.0,7.13,9.86,0.0
20230210:1911,0.0,0.0,7.3,9.03,0.0
20230210:2011,0.0,0.0,7.31,8.48,0.0
20230210:2111,0.0,0.0,7.3,8.21,0.0
20230210:2211,0.0,0.0,7.18,7.31,0.0
20230210:2311,0.0,0.0,7.02,7.31,0.0
20230211:0011,0.0,0.0,6.96,8.28,0.0
20230211:0111,0.0,0.0,6.93,9.31,0.0
20230211:0211,0.0,0.0,6.86,9.31,0.0
20230211:0311,0.0,0.0,6.83,9.59,0.0
20230211:0411,0.0,0.0,6.77,9.72,0.0
20230211:0511,0.0,0.0,6.78,9.38,0.0
20230211:0611,0.0,0.0,6.69,8.97,0.0
20230211:0711,0.0,0.0,6.76,8.55,0.0
20230211:0811,164.21,4.59,6.75,8.9,0.0
20230211:0911,405.82,10.2,6.8,8.76,0.0
20230211:1011,444.37,14.35,6.85,8.48,0.0
20230211:1111,539.91,16.72,6.91,8.07,0.0
20230211:1211,600.03,17.08,7.09,7.59,0.0
20230211:1311,308.88,15.41,7.09,6.9,0.0
20230211:1411,68.51,11.85,6.97,5.59,0.0
20230211:1511,10.81,6.72,6.85,4.07,0.0
20230211:1611,0.0,0.0,6.68,2.69,0.0
20230211:1711,0.0,0.0,6.51,2.83,0.0
20230211:1811,0.0,0.0,6.55,3.86,0.0
20230211:1911,0.0,0.0,6.49,4.76,0.0
20230211:2011,0.0,0.0,6.78,5.52,0.0
20230211:2111,0.0,0.0,6.76,5.72,0.0
20230211:2211,0.0,0.0,6.68,5.45,0.0
20230211:2311,0.0,0.0,6.58,4.97,0.0
20230212:0011,0.0,0.0,6.43,4.76,0.0
20230212:0111,0.0,0.0,6.31,4.76,0.0
20230212:0211,0.0,0.0,6.31,4.48,0.0
20230212:0311,0.0,0.0,6.27,3.79,0.0
20230212:0411,0.0,0.0,6.24,3.31,0.0
20230212:0511,0.0,0.0,6.21,2.97,0.0
20230212:0611,0.0,0.0,6.21,2.55,0.0
20230212:0711,0.0,0.0,5.98,2.14,0.0
20230212:0811,40.37,4.89,5.82,1.93,0.0
20230212:0911,281.83,10.51,6.24,2.07,0.0
20230212:1011,206.63,14.67,6.63,2.55,0.0
20230212:1111,162.75,17.05,6.72,2.97,0.0
20230212:1211,53.97,17.41,6.85,3.24,0.0
20230212:1311,79.09,15.73,6.73,3.24,0.0
20230212:1411,64.28,12.17,6.64,3.1,0.0
20230212:1511,19.12,7.02,6.48,3.31,0.0
20230212:1611,0.0,0.0,6.24,3.59,0.0
20230212:1711,0.0,0.0,6.05,3.66,0.0
20230212:1811,0.0,0.0,6.02,3.79,0.0
20230212:1911,0.0,0.0,6.06,3.66,0.0
20230212:2011,0.0,0.0,6.0,3.52,0.0
20230212:2111,0.0,0.0,5.91,3.52,0.0
20230212:2211,0.0,0.0,5.86,3.38,0.0
20230212:2311,0.0,0.0,5.75,3.52,0.0
20230213:0011,0.0,0.0,5.75,3.59,0.0
20230213:0111,0.0,0.0,5.82,3.59,0.0
20230213:0211,0.0,0.0,5.88,3.52,0.0
20230213:0311,0.0,0.0,5.78,3.38,0.0
20230213:0411,0.0,0.0,5.75,3.38,0.0
20230213:0511,0.0,0.0,5.71,3.31,0.0
20230213:0611,0.0,0.0,5.63,3.24,0.0
20230213:0711,0.0,0.0,5.77,3.03,0.0
20230213:0811,120.92,5.19,5.77,2.41,0.0
20230213:0911,454.71,10.82,5.91,1.86,0.0
20230213:1011,512.78,15.0,6.13,1.31,0.0
20230213:1111,269.64,17.38,6.34,1.45,0.0
20230213:1211,28.78,17.75,6.47,2.07,0.0
20230213:1311,32.38,16.06,6.58,2.41,0.0
20230213:1411,32.38,12.49,6.42,2.34,0.0
20230213:1511,20.78,7.33,6.23,2.07,0.0
20230213:1611,0.0,0.0,5.84,1.79,0.0
20230213:1711,0.0,0.0,5.57,1.59,0.0
20230213:1811,0.0,0.0,5.48,1.59,0.0
20230213:1911,0.0,0.0,5.47,1.72,0.0
20230213:2011,0.0,0.0,5.38,1.86,0.0
20230213:2111,0.0,0.0,5.37,2.21,0.0
20230213:2211,0.0,0.0,5.15,2.69,0.0
20230213:2311,0.0,0.0,4.98,2.97,0.0
20230214:0011,0.0,0.0,4.82,3.24,0.0
20230214:0111,0.0,0.0,4.78,3.38,0.0
20230214:0211,0.0,0.0,4.58,3.59,0.0
20230214:0311,0.0,0.0,4.41,3.86,0.0
20230214:0411,0.0,0.0,4.32,4.21,0.0
20230214:0511,0.0,0.0,4.26,4.41,0.0
20230214:0611,0.0,0.0,4.25,4.41,0.0
20230214:0711,0.0,0.0,4.48,4.28,0.0
20230214:0811,9.89,5.5,4.52,4.62,0.0
20230214:0911,27.88,11.14,4.68,5.1,0.0
20230214:1011,30.58,15.33,5.08,5.66,0.0
20230214:1111,35.08,17.72,5.45,5.72,0.0
20230214:1211,34.18,18.09,5.78,6.0,0.0
20230214:1311,34.18,16.4,5.97,6.07,0.0
20230214:1411,30.58,12.81,5.95,6.21,0.0
20230214:1511,41.56,7.64,5.99,6.34,0.0
20230214:1611,0.0,0.0,5.76,6.0,0.0
20230214:1711,0.0,0.0,5.57,5.93,0.0
20230214:1811,0.0,0.0,5.47,5.86,0.0
20230214:1911,0.0,0.0,5.35,5.72,0.0
20230214:2011,0.0,0.0,5.34,5.45,0.0
20230214:2111,0.0,0.0,5.3,5.24,0.0
20230214:2211,0.0,0.0,5.32,5.03,0.0
20230214:2311,0.0,0.0,5.27,5.03,0.0
20230215:0011,0.0,0.0,5.15,4.97,0.0
20230215:0111,0.0,0.0,4.98,4.9,0.0
20230215:0211,0.0,0.0,4.78,5.17,0.0
20230215:0311,0.0,0.0,4.67,5.24,0.0
20230215:0411,0.0,0.0,4.52,5.59,0.0
20230215:0511,0.0,0.0,4.41,6.0,0.0
20230215:0611,0.0,0.0,4.43,6.0,0.0
20230215:0711,0.0,0.0,4.7,6.48,0.0
20230215:0811,11.69,5.81,4.73,6.48,0.0
20230215:0911,153.01,11.46,4.91,6.69,0.0
20230215:1011,497.54,15.66,5.27,7.24,0.0
20230215:1111,266.19,18.06,5.52,7.66,0.0
20230215:1211,169.77,18.43,5.57,8.41,0.0
20230215:1311,81.6,16.73,5.45,7.93,0.0
20230215:1411,29.68,13.14,5.33,8.07,0.0
20230215:1511,45.72,7.95,5.24,8.62,0.0
20230215:1611,0.0,0.0,5.02,8.9,0.0
20230215:1711,0.0,0.0,4.8,8.83,0.0
20230215:1811,0.0,0.0,4.71,8.69,0.0
20230215:1911,0.0,0.0,4.89,8.07,0.0
20230215:2011,0.0,0.0,5.0,7.45,0.0
20230215:2111,0.0,0.0,5.15,6.9,0.0
20230215:2211,0.0,0.0,5.16,6.0,0.0
20230215:2311,0.0,0.0,5.62,5.03,0.0
20230216:0011,0.0,0.0,5.83,4.55,0.0
20230216:0111,0.0,0.0,5.79,4.69,0.0
20230216:0211,0.0,0.0,5.81,4.69,0.0
20230216:0311,0.0,0.0,5.82,4.55,0.0
20230216:0411,0.0,0.0,5.87,4.83,0.0
20230216:0511,0.0,0.0,5.94,4.76,0.0
20230216:0611,0.0,0.0,5.79,4.28,0.0
20230216:0711,0.0,0.0,5.77,3.31,0.0
20230216:0811,46.18,6.12,5.61,2.62,0.0
20230216:0911,366.21,11.79,5.58,2.07,0.0
20230216:1011,318.85,16.0,5.58,1.86,0.0
20230216:1111,356.46,18.41,5.72,2.0,0.0
20230216:1211,309.99,18.77,5.69,1.93,0.0
20230216:1311,598.84,17.07,5.88,2.34,0.0
20230216:1411,181.2,13.46,5.81,2.21,0.0
20230216:1511,47.38,8.27,5.62,2.07,0.0
20230216:1611,0.83,1.86,5.23,2.48,0.0
20230216:1711,0.0,0.0,5.2,2.97,0.0
20230216:1811,0.0,0.0,5.23,3.45,0.0
20230216:1911,0.0,0.0,5.47,4.0,0.0
20230216:2011,0.0,0.0,5.39,4.55,0.0
20230216:2111,0.0,0.0,5.27,4.97,0.0
20230216:2211,0.0,0.0,5.24,5.31,0.0
20230216:2311,0.0,0.0,5.14,5.17,0.0
20230217:0011,0.0,0.0,5.18,4.97,0.0
20230217:0111,0.0,0.0,5.09,5.1,0.0
20230217:0211,0.0,0.0,5.06,5.24,0.0
20230217:0311,0.0,0.0,5.16,5.52,0.0
20230217:0411,0.0,0.0,5.16,6.07,0.0
20230217:0511,0.0,0.0,5.04,6.9,0.0
20230217:0611,0.0,0.0,5.07,8.28,0.0
20230217:0711,0.0,0.0,5.17,9.03,0.0
20230217:0811,7.2,6.44,5.47,7.24,0.0
20230217:0911,44.97,12.12,6.31,6.69,0.0
20230217:1011,34.18,16.34,6.87,9.93,0.0
20230217:1111,23.39,18.75,7.31,9.38,0.0
20230217:1211,24.28,19.12,6.71,7.1,0.0
20230217:1311,35.08,17.41,6.37,9.03,0.0
20230217:1411,60.26,13.79,5.83,16.34,0.0
20230217:1511,8.31,8.58,4.88,14.55,0.0
20230217:1611,0.83,2.16,4.45,15.45,0.0
20230217:1711,0.0,0.0,4.76,14.48,0.0
20230217:1811,0.0,0.0,4.76,13.24,0.0
20230217:1911,0.0,0.0,4.48,11.93,0.0
20230217:2011,0.0,0.0,4.5,11.1,0.0
20230217:2111,0.0,0.0,4.39,10.62,0.0
20230217:2211,0.0,0.0,3.98,10.14,0.0
20230217:2311,0.0,0.0,3.92,9.45,0.0
20230218:0011,0.0,0.0,3.88,9.31,0.0
20230218:0111,0.0,0.0,3.66,9.24,0.0
20230218:0211,0.0,0.0,3.54,9.17,0.0
20230218:0311,0.0,0.0,3.48,8.76,0.0
20230218:0411,0.0,0.0,3.36,8.55,0.0
20230218:0511,0.0,0.0,3.25,8.41,0.0
20230218:0611,0.0,0.0,3.02,8.28,0.0
20230218:0711,0.0,0.0,3.04,7.1,0.0
20230218:0811,76.19,6.77,2.95,6.83,0.0
20230218:0911,486.3,12.46,3.0,6.76,0.0
20230218:1011,708.01,16.69,3.1,6.62,0.0
20230218:1111,807.97,19.11,3.38,6.83,0.0
20230218:1211,735.18,19.47,3.47,6.69,0.0
20230218:1311,637.55,17.76,3.51,6.69,0.0
20230218:1411,80.88,14.12,3.45,6.9,0.0
20230218:1511,35.75,8.9,3.23,6.9,0.0
20230218:1611,1.66,2.47,2.94,6.48,0.0
20230218:1711,0.0,0.0,2.6,6.21,0.0
20230218:1811,0.0,0.0,2.25,6.14,0.0
20230218:1911,0.0,0.0,2.01,5.59,0.0
20230218:2011,0.0,0.0,1.88,5.31,0.0
20230218:2111,0.0,0.0,1.74,5.1,0.0
20230218:2211,0.0,0.0,1.75,5.03,0.0
20230218:2311,0.0,0.0,1.71,4.97,0.0
20230219:0011,0.0,0.0,1.72,4.76,0.0
20230219:0111,0.0,0.0,1.94,4.76,0.0
20230219:0211,0.0,0.0,2.12,3.93,0.0
20230219:0311,0.0,0.0,2.26,3.1,0.0
20230219:0411,0.0,0.0,2.39,2.76,0.0
20230219:0511,0.0,0.0,2.54,2.28,0.0
20230219:0611,0.0,0.0,2.96,3.52,0.0
20230219:0711,0.0,0.0,3.96,6.83,0.0
20230219:0811,109.44,7.09,3.95,7.24,0.0
20230219:0911,161.74,12.8,4.3,7.86,0.0
20230219:1011,174.86,17.04,4.67,7.79,0.0
20230219:1111,186.35,19.46,4.77,7.03,0.0
20230219:1211,323.71,19.83,4.77,6.62,0.0
20230219:1311,222.94,18.1,4.85,6.69,0.0
20230219:1411,131.46,14.46,4.74,6.62,0.0
20230219:1511,35.75,9.22,4.56,6.97,0.0
20230219:1611,2.49,2.77,4.34,5.93,0.0
20230219:1711,0.0,0.0,4.3,4.9,0.0
20230219:1811,0.0,0.0,4.02,4.62,0.0
20230219:1911,0.0,0.0,4.6,5.31,0.0
20230219:2011,0.0,0.0,5.23,6.62,0.0
20230219:2111,0.0,0.0,5.79,7.93,0.0
20230219:2211,0.0,0.0,6.11,8.97,0.0
20230219:2311,0.0,0.0,6.35,9.31,0.0
20230220:0011,0.0,0.0,7.27,9.45,0.0
20230220:0111,0.0,0.0,6.91,10.76,0.0
20230220:0211,0.0,0.0,7.18,12.07,0.0
20230220:0311,0.0,0.0,7.41,12.34,0.0
20230220:0411,0.0,0.0,7.78,13.17,0.0
20230220:0511,0.0,0.0,7.61,12.69,0.0
20230220:0611,0.0,0.0,7.02,11.72,0.0
20230220:0711,0.0,0.0,6.49,11.66,0.0
20230220:0811,10.79,7.43,6.04,11.66,0.0
20230220:0911,64.42,13.14,5.9,11.31,0.0
20230220:1011,266.78,17.39,5.65,12.28,0.0
20230220:1111,232.02,19.82,5.91,11.45,0.0
20230220:1211,139.07,20.18,5.94,11.72,0.0
20230220:1311,106.16,18.45,5.95,11.86,0.0
20230220:1411,102.86,14.79,5.6,12.28,0.0
20230220:1511,18.29,9.54,5.66,12.41,0.0
20230220:1611,3.33,3.08,5.73,12.41,0.0
20230220:1711,0.0,0.0,5.69,12.83,0.0
20230220:1811,0.0,0.0,5.56,12.9,0.0
20230220:1911,0.0,0.0,5.54,12.83,0.0
20230220:2011,0.0,0.0,5.39,12.83,0.0
20230220:2111,0.0,0.0,5.36,12.55,0.0
20230220:2211,0.0,0.0,5.38,12.07,0.0
20230220:2311,0.0,0.0,5.53,11.17,0.0
20230221:0011,0.0,0.0,5.42,10.69,0.0
20230221:0111,0.0,0.0,5.55,9.72,0.0
20230221:0211,0.0,0.0,5.74,9.03,0.0
20230221:0311,0.0,0.0,5.72,8.62,0.0
20230221:0411,0.0,0.0,5.72,8.21,0.0
20230221:0511,0.0,0.0,5.7,7.52,0.0
20230221:0611,0.0,0.0,5.62,6.55,0.0
20230221:0711,0.0,0.0,5.43,4.9,0.0
20230221:0811,249.92,7.76,5.49,4.14,0.0
20230221:0911,528.37,13.49,5.61,3.66,0.0
20230221:1011,651.45,17.75,5.83,3.31,0.0
20230221:1111,70.16,20.18,5.96,3.24,0.0
20230221:1211,714.1,20.54,6.15,3.1,0.0
20230221:1311,550.27,18.8,6.39,2.34,0.0
20230221:1411,585.81,15.13,6.38,1.38,0.0
20230221:1511,59.37,9.86,6.19,1.86,0.0
20230221:1611,5.82,3.39,5.8,2.21,0.0
20230221:1711,0.0,0.0,5.43,2.41,0.0
20230221:1811,0.0,0.0,5.08,2.9,0.0
20230221:1911,0.0,0.0,5.06,3.1,0.0
20230221:2011,0.0,0.0,4.9,3.93,0.0
20230221:2111,0.0,0.0,4.9,4.9,0.0
20230221:2211,0.0,0.0,4.82,6.14,0.0
20230221:2311,0.0,0.0,4.5,6.9,0.0
20230222:0011,0.0,0.0,4.21,7.45,0.0
20230222:0111,0.0,0.0,4.27,7.66,0.0
20230222:0211,0.0,0.0,4.35,7.72,0.0
20230222:0311,0.0,0.0,4.49,7.72,0.0
20230222:0411,0.0,0.0,4.62,7.79,0.0
20230222:0511,0.0,0.0,4.69,8.0,0.0
20230222:0611,0.0,0.0,4.67,8.0,0.0
20230222:0711,0.0,0.0,4.55,8.14,0.0
20230222:0811,8.99,8.1,4.65,7.86,0.0
20230222:0911,19.79,13.84,4.75,7.66,0.0
20230222:1011,63.86,18.11,4.99,7.38,0.0
20230222:1111,83.65,20.54,5.18,7.59,0.0
20230222:1211,44.97,20.91,5.37,7.24,0.0
20230222:1311,43.17,19.15,5.4,6.69,0.0
20230222:1411,40.47,15.47,5.4,6.28,0.0
20230222:1511,10.79,10.18,5.14,6.34,0.0
20230222:1611,7.48,3.7,4.93,5.86,0.0
20230222:1711,0.0,0.0,4.9,5.45,0.0
20230222:1811,0.0,0.0,4.9,4.76,0.0
20230222:1911,0.0,0.0,5.05,3.93,0.0
20230222:2011,0.0,0.0,5.1,3.45,0.0
20230222:2111,0.0,0.0,5.11,3.17,0.0
20230222:2211,0.0,0.0,5.1,1.59,0.0
20230222:2311,0.0,0.0,5.02,2.48,0.0
20230223:0011,0.0,0.0,4.8,6.41,0.0
20230223:0111,0.0,0.0,4.14,7.66,0.0
20230223:0211,0.0,0.0,3.62,8.14,0.0
20230223:0311,0.0,0.0,3.23,8.9,0.0
20230223:0411,0.0,0.0,2.71,9.24,0.0
20230223:0511,0.0,0.0,2.26,9.1,0.0
20230223:0611,0.0,0.0,1.9,8.97,0.0
20230223:0711,0.0,0.0,2.11,8.14,0.0
20230223:0811,302.83,8.44,2.11,7.59,0.0
20230223:0911,540.1,14.19,2.31,7.45,0.0
20230223:1011,273.41,18.47,2.6,7.38,0.0
20230223:1111,365.08,20.91,3.02,7.59,0.0
20230223:1211,863.26,21.27,3.4,7.59,0.0
20230223:1311,778.69,19.51,3.62,6.34,0.0
20230223:1411,341.79,15.81,3.83,5.52,0.0
20230223:1511,96.28,10.51,3.98,4.55,0.0
20230223:1611,5.82,4.01,4.2,3.66,0.0
20230223:1711,0.0,0.0,3.99,3.52,0.0
20230223:1811,0.0,0.0,3.93,6.83,0.0
20230223:1911,0.0,0.0,3.73,7.86,0.0
20230223:2011,0.0,0.0,4.09,8.55,0.0
20230223:2111,0.0,0.0,4.4,8.28,0.0
20230223:2211,0.0,0.0,4.93,7.52,0.0
20230223:2311,0.0,0.0,5.04,8.55,0.0
20230224:0011,0.0,0.0,5.29,8.28,0.0
20230224:0111,0.0,0.0,5.04,7.66,0.0
20230224:0211,0.0,0.0,4.84,7.45,0.0
20230224:0311,0.0,0.0,4.66,7.24,0.0
20230224:0411,0.0,0.0,4.44,7.38,0.0
20230224:0511,0.0,0.0,4.17,7.93,0.0
20230224:0611,0.0,0.0,3.99,8.69,0.0
20230224:0711,0.9,1.97,3.81,9.17,0.0
20230224:0811,158.96,8.79,3.7,10.21,0.0
20230224:0911,417.29,14.55,3.68,10.83,0.0
20230224:1011,619.8,18.84,3.79,10.97,0.0
20230224:1111,799.88,21.28,3.96,11.38,0.0
20230224:1211,829.33,21.64,4.12,11.38,0.0
20230224:1311,777.38,19.86,4.29,11.24,0.0
20230224:1411,587.17,16.15,4.34,11.03,0.0
20230224:1511,388.71,10.83,4.19,10.76,0.0
20230224:1611,15.79,4.32,3.89,10.62,0.0
20230224:1711,0.0,0.0,3.44,10.34,0.0
20230224:1811,0.0,0.0,3.04,10.21,0.0
20230224:1911,0.0,0.0,2.85,9.93,0.0
20230224:2011,0.0,0.0,2.61,9.45,0.0
20230224:2111,0.0,0.0,2.37,8.76,0.0
20230224:2211,0.0,0.0,2.06,8.0,0.0
20230224:2311,0.0,0.0,1.85,7.52,0.0
20230225:0011,0.0,0.0,1.64,7.31,0.0
20230225:0111,0.0,0.0,1.36,6.83,0.0
20230225:0211,0.0,0.0,1.15,6.41,0.0
20230225:0311,0.0,0.0,1.0,6.34,0.0
20230225:0411,0.0,0.0,0.87,6.28,0.0
20230225:0511,0.0,0.0,0.8,6.55,0.0
20230225:0611,0.0,0.0,0.76,6.69,0.0
20230225:0711,4.5,2.31,0.78,5.86,0.0
20230225:0811,342.62,9.14,0.99,6.14,0.0
20230225:0911,569.5,14.91,1.5,6.21,0.0
20230225:1011,769.33,19.2,2.16,6.48,0.0
20230225:1111,873.16,21.65,2.74,6.69,0.0
20230225:1211,834.3,22.01,3.2,6.76,0.0
20230225:1311,838.9,20.22,3.44,6.9,0.0
20230225:1411,680.36,16.49,3.48,6.76,0.0
20230225:1511,470.82,11.16,3.32,6.41,0.0
20230225:1611,20.78,4.63,2.82,6.34,0.0
20230225:1711,0.0,0.0,2.2,6.41,0.0
20230225:1811,0.0,0.0,1.77,6.14,0.0
20230225:1911,0.0,0.0,1.54,5.52,0.0
20230225:2011,0.0,0.0,1.34,5.45,0.0
20230225:2111,0.0,0.0,1.17,5.1,0.0
20230225:2211,0.0,0.0,0.98,4.62,0.0
20230225:2311,0.0,0.0,0.83,4.34,0.0
20230226:0011,0.0,0.0,0.71,4.14,0.0
20230226:0111,0.0,0.0,0.68,3.93,0.0
20230226:0211,0.0,0.0,0.6,3.72,0.0
20230226:0311,0.0,0.0,0.53,3.72,0.0
20230226:0411,0.0,0.0,0.49,3.93,0.0
20230226:0511,0.0,0.0,0.49,4.0,0.0
20230226:0611,0.0,0.0,0.52,4.14,0.0
20230226:0711,5.4,2.65,0.67,3.93,0.0
20230226:0811,325.73,9.49,1.07,4.21,0.0
20230226:0911,552.28,15.27,1.91,4.41,0.0
20230226:1011,754.66,19.58,2.66,5.1,0.0
20230226:1111,808.04,22.03,3.2,5.52,0.0
20230226:1211,789.13,22.38,3.66,5.86,0.0
20230226:1311,795.72,20.58,4.02,6.14,0.0
20230226:1411,345.71,16.84,4.24,6.76,0.0
20230226:1511,209.23,11.49,4.24,7.17,0.0
20230226:1611,7.48,4.95,4.05,7.17,0.0
20230226:1711,0.0,0.0,3.52,6.55,0.0
20230226:1811,0.0,0.0,3.25,5.86,0.0
20230226:1911,0.0,0.0,3.11,6.41,0.0
20230226:2011,0.0,0.0,3.06,6.28,0.0
20230226:2111,0.0,0.0,2.98,6.0,0.0
20230226:2211,0.0,0.0,2.84,5.86,0.0
20230226:2311,0.0,0.0,2.74,6.14,0.0
20230227:0011,0.0,0.0,2.65,5.93,0.0
20230227:0111,0.0,0.0,2.74,6.21,0.0
20230227:0211,0.0,0.0,2.74,6.55,0.0
20230227:0311,0.0,0.0,2.72,6.34,0.0
20230227:0411,0.0,0.0,2.69,6.14,0.0
20230227:0511,0.0,0.0,2.59,5.72,0.0
20230227:0611,0.0,0.0,2.4,5.45,0.0
20230227:0711,9.89,3.0,1.96,5.17,0.0
20230227:0811,331.63,9.85,2.19,4.83,0.0
20230227:0911,559.92,15.63,3.06,4.55,0.0
20230227:1011,743.08,19.95,4.09,4.14,0.0
20230227:1111,827.29,22.41,4.9,3.86,0.0
20230227:1211,790.93,22.75,5.53,3.86,0.0
20230227:1311,788.19,20.94,5.91,4.0,0.0
20230227:1411,620.21,17.18,6.06,4.07,0.0
20230227:1511,479.98,11.81,5.91,4.0,0.0
20230227:1611,14.96,5.26,5.58,4.07,0.0
20230227:1711,0.0,0.0,5.02,4.14,0.0
20230227:1811,0.0,0.0,4.43,4.41,0.0
20230227:1911,0.0,0.0,3.13,2.83,0.0
20230227:2011,0.0,0.0,2.76,2.97,0.0
20230227:2111,0.0,0.0,2.64,2.97,0.0
20230227:2211,0.0,0.0,2.52,2.9,0.0
20230227:2311,0.0,0.0,2.43,3.03,0.0
20230228:0011,0.0,0.0,2.32,3.38,0.0
20230228:0111,0.0,0.0,2.27,3.93,0.0
20230228:0211,0.0,0.0,2.42,4.41,0.0
20230228:0311,0.0,0.0,2.51,4.69,0.0
20230228:0411,0.0,0.0,2.55,5.24,0.0
20230228:0511,0.0,0.0,2.55,5.93,0.0
20230228:0611,0.0,0.0,2.54,6.62,0.0
20230228:0711,12.59,3.35,2.46,5.72,0.0
20230228:0811,335.92,10.2,2.68,6.55,0.0
20230228:0911,516.51,16.0,3.56,7.03,0.0
20230228:1011,766.83,20.33,4.54,7.72,0.0
20230228:1111,877.36,22.79,5.4,7.72,0.0
20230228:1211,819.22,23.13,5.92,7.38,0.0
20230228:1311,856.9,21.31,6.35,7.38,0.0
20230228:1411,685.88,17.53,6.44,7.17,0.0
20230228:1511,460.48,12.14,6.18,7.03,0.0
20230228:1611,27.43,5.57,5.58,6.9,0.0
20230228:1711,0.0,0.0,4.94,6.48,0.0
20230228:1811,0.0,0.0,4.37,6.07,0.0
20230228:1911,0.0,0.0,4.33,5.59,0.0
20230228:2011,0.0,0.0,3.77,5.03,0.0
20230228:2111,0.0,0.0,3.09,4.62,0.0
20230228:2211,0.0,0.0,2.62,4.34,0.0
20230228:2311,0.0,0.0,2.34,4.07,0.0
20230301:0011,0.0,0.0,2.11,3.86,0.0
20230301:0111,0.0,0.0,1.81,3.45,0.0
20230301:0211,0.0,0.0,1.71,3.1,0.0
20230301:0311,0.0,0.0,1.63,2.97,0.0
20230301:0411,0.0,0.0,1.61,3.03,0.0
20230301:0511,0.0,0.0,1.45,3.24,0.0
20230301:0611,0.0,0.0,1.38,3.31,0.0
20230301:0711,17.58,3.7,1.19,2.07,0.0
20230301:0811,344.14,10.56,1.71,2.14,0.0
20230301:0911,563.03,16.37,3.16,2.0,0.0
20230301:1011,738.72,20.71,4.38,1.72,0.0
20230301:1111,855.32,23.17,5.1,1.24,0.0
20230301:1211,883.48,23.5,5.5,0.55,0.0
20230301:1311,797.07,21.67,5.71,1.03,0.0
20230301:1411,653.9,17.87,5.6,1.59,0.0
20230301:1511,443.94,12.47,5.3,1.52,0.0
20230301:1611,27.43,5.89,4.9,1.52,0.0
20230301:1711,0.0,0.0,4.38,1.52,0.0
20230301:1811,0.0,0.0,3.73,1.66,0.0
20230301:1911,0.0,0.0,3.13,1.52,0.0
20230301:2011,0.0,0.0,2.07,1.31,0.0
20230301:2111,0.0,0.0,1.22,0.97,0.0
20230301:2211,0.0,0.0,1.54,0.69,0.0
20230301:2311,0.0,0.0,1.1,0.97,0.0
20230302:0011,0.0,0.0,0.74,0.97,0.0
20230302:0111,0.0,0.0,1.22,0.62,0.0
20230302:0211,0.0,0.0,1.49,0.41,0.0
20230302:0311,0.0,0.0,1.14,0.83,0.0
20230302:0411,0.0,0.0,-0.34,1.38,0.0
20230302:0511,0.0,0.0,-0.61,1.52,0.0
20230302:0611,0.0,0.0,-0.5,1.38,0.0
20230302:0711,25.67,4.06,-0.82,1.45,0.0
20230302:0811,371.37,10.93,0.94,1.79,0.0
20230302:0911,584.06,16.75,3.14,1.72,0.0
20230302:1011,749.1,21.09,4.56,1.66,0.0
20230302:1111,872.05,23.55,5.31,2.41,0.0
20230302:1211,911.93,23.88,5.52,3.79,0.0
20230302:1311,825.28,22.04,5.45,4.76,0.0
20230302:1411,686.22,18.22,5.27,5.45,0.0
20230302:1511,467.51,12.8,5.03,5.52,0.0
20230302:1611,25.77,6.2,4.59,5.52,0.0
20230302:1711,0.0,0.0,4.04,5.66,0.0
20230302:1811,0.0,0.0,3.68,6.14,0.0
20230302:1911,0.0,0.0,3.82,6.34,0.0
20230302:2011,0.0,0.0,3.69,6.9,0.0
20230302:2111,0.0,0.0,3.48,7.17,0.0
20230302:2211,0.0,0.0,3.2,7.24,0.0
20230302:2311,0.0,0.0,2.98,7.31,0.0
20230303:0011,0.0,0.0,2.85,7.24,0.0
20230303:0111,0.0,0.0,2.77,7.17,0.0
20230303:0211,0.0,0.0,2.74,7.45,0.0
20230303:0311,0.0,0.0,2.77,7.93,0.0
20230303:0411,0.0,0.0,2.78,8.28,0.0
20230303:0511,0.0,0.0,2.81,8.34,0.0
20230303:0611,0.0,0.0,2.83,8.41,0.0
20230303:0711,31.51,4.42,2.88,7.52,0.0
20230303:0811,367.54,11.29,3.31,7.31,0.0
20230303:0911,488.37,17.12,4.02,7.17,0.0
20230303:1011,729.18,21.47,4.71,7.17,0.0
20230303:1111,840.55,23.94,5.38,7.24,0.0
20230303:1211,470.5,24.26,5.91,8.34,0.0
20230303:1311,390.53,22.4,6.19,8.69,0.0
20230303:1411,112.92,18.57,6.24,9.52,0.0
20230303:1511,213.77,13.13,6.05,10.0,0.0
20230303:1611,29.93,6.51,5.85,9.93,0.0
20230303:1711,0.0,0.0,5.58,9.86,0.0
20230303:1811,0.0,0.0,5.07,10.14,0.0
20230303:1911,0.0,0.0,5.2,9.52,0.0
20230303:2011,0.0,0.0,4.67,9.79,0.0
20230303:2111,0.0,0.0,4.1,10.55,0.0
20230303:2211,0.0,0.0,3.55,11.24,0.0
20230303:2311,0.0,0.0,3.09,11.59,0.0
20230304:0011,0.0,0.0,2.7,11.79,0.0
20230304:0111,0.0,0.0,2.19,12.07,0.0
20230304:0211,0.0,0.0,1.98,12.21,0.0
20230304:0311,0.0,0.0,1.72,12.21,0.0
20230304:0411,0.0,0.0,1.51,12.21,0.0
20230304:0511,0.0,0.0,1.31,12.07,0.0
20230304:0611,0.0,0.0,1.15,11.79,0.0
20230304:0711,10.79,4.78,1.17,11.03,0.0
20230304:0811,177.82,11.66,1.29,10.14,0.0
20230304:0911,387.36,17.5,1.51,9.52,0.0
20230304:1011,548.93,21.86,1.67,9.17,0.0
20230304:1111,267.18,24.33,1.89,9.38,0.0
20230304:1211,165.19,24.64,1.77,9.59,0.0
20230304:1311,371.2,22.77,1.87,9.86,0.0
20230304:1411,195.52,18.92,1.5,10.48,0.0
20230304:1511,132.81,13.46,1.35,10.21,0.0
20230304:1611,28.26,6.83,0.96,10.07,0.0
20230304:1711,0.0,0.0,0.69,9.86,0.0
20230304:1811,0.0,0.0,0.55,9.66,0.0
20230304:1911,0.0,0.0,0.41,8.48,0.0
20230304:2011,0.0,0.0,0.17,8.0,0.0
20230304:2111,0.0,0.0,-0.02,7.66,0.0
20230304:2211,0.0,0.0,-0.1,7.31,0.0
20230304:2311,0.0,0.0,-0.17,7.1,0.0
20230305:0011,0.0,0.0,-0.14,6.97,0.0
20230305:0111,0.0,0.0,-0.15,6.83,0.0
20230305:0211,0.0,0.0,-0.27,6.62,0.0
20230305:0311,0.0,0.0,-0.39,6.48,0.0
20230305:0411,0.0,0.0,-0.49,6.48,0.0
20230305:0511,0.0,0.0,-0.65,6.41,0.0
20230305:0611,0.0,0.0,-0.78,6.41,0.0
20230305:0711,43.17,5.14,-0.64,6.48,0.0
20230305:0811,398.97,12.03,-0.37,6.41,0.0
20230305:0911,607.01,17.88,0.05,6.55,0.0
20230305:1011,772.26,22.24,0.57,6.83,0.0
20230305:1111,881.32,24.72,0.97,7.03,0.0
20230305:1211,933.55,25.03,1.33,7.52,0.0
20230305:1311,842.07,23.14,1.52,7.66,0.0
20230305:1411,713.12,19.27,1.53,7.79,0.0
20230305:1511,510.54,13.79,1.44,7.72,0.0
20230305:1611,37.41,7.14,1.19,7.45,0.0
20230305:1711,0.0,0.0,0.67,7.31,0.0
20230305:1811,0.0,0.0,0.25,6.97,0.0
20230305:1911,0.0,0.0,0.32,6.48,0.0
20230305:2011,0.0,0.0,0.16,6.34,0.0
20230305:2111,0.0,0.0,0.0,6.28,0.0
20230305:2211,0.0,0.0,-0.13,6.0,0.0
20230305:2311,0.0,0.0,-0.22,5.45,0.0
20230306:0011,0.0,0.0,-0.34,4.97,0.0
20230306:0111,0.0,0.0,-0.41,4.76,0.0
20230306:0211,0.0,0.0,-0.53,4.34,0.0
20230306:0311,0.0,0.0,-0.65,3.72,0.0
20230306:0411,0.0,0.0,-0.72,3.1,0.0
20230306:0511,0.0,0.0,-0.83,2.41,0.0
20230306:0611,0.0,0.0,-0.92,2.07,0.0
20230306:0711,12.59,5.51,-1.19,2.07,0.0
20230306:0811,142.17,12.41,-0.96,2.0,0.0
20230306:0911,328.39,18.27,-0.27,1.79,0.0
20230306:1011,519.46,22.63,0.4,1.52,0.0
20230306:1111,810.94,25.11,0.92,1.38,0.0
20230306:1211,713.29,25.41,1.34,1.24,0.0
20230306:1311,632.51,23.51,1.57,1.31,0.0
20230306:1411,300.01,19.62,1.59,1.52,0.0
20230306:1511,203.03,14.12,1.35,2.0,0.0
20230306:1611,33.25,7.46,1.0,2.34,0.0
20230306:1711,0.0,0.0,0.54,2.69,0.0
20230306:1811,0.0,0.0,0.14,3.1,0.0
20230306:1911,0.0,0.0,0.06,3.31,0.0
20230306:2011,0.0,0.0,-0.07,3.66,0.0
20230306:2111,0.0,0.0,-0.16,3.79,0.0
20230306:2211,0.0,0.0,-0.33,3.93,0.0
20230306:2311,0.0,0.0,-0.49,4.0,0.0
20230307:0011,0.0,0.0,-0.65,3.86,0.0
20230307:0111,0.0,0.0,-0.86,3.72,0.0
20230307:0211,0.0,0.0,-1.07,3.66,0.0
20230307:0311,0.0,0.0,-1.26,3.59,0.0
20230307:0411,0.0,0.0,-1.45,3.72,0.0
20230307:0511,0.0,0.0,-1.67,3.72,0.0
20230307:0611,0.0,0.0,-1.81,3.59,0.0
20230307:0711,59.34,5.87,-2.05,3.52,0.0
20230307:0811,426.52,12.78,-1.59,3.24,0.0
20230307:0911,639.51,18.65,-0.99,3.24,0.0
20230307:1011,813.53,23.03,-0.43,3.45,0.0
20230307:1111,942.17,25.5,0.0,3.72,0.0
20230307:1211,969.81,25.79,0.31,3.79,0.0
20230307:1311,894.96,23.88,0.55,3.93,0.0
20230307:1411,760.22,19.97,0.64,4.0,0.0
20230307:1511,535.28,14.45,0.57,4.07,0.0
20230307:1611,40.73,7.77,0.38,4.0,0.0
20230307:1711,0.0,0.0,-0.04,3.86,0.0
20230307:1811,0.0,0.0,-0.37,3.72,0.0
20230307:1911,0.0,0.0,-0.64,3.45,0.0
20230307:2011,0.0,0.0,-0.75,3.1,0.0
20230307:2111,0.0,0.0,-0.84,2.76,0.0
20230307:2211,0.0,0.0,-0.94,2.28,0.0
20230307:2311,0.0,0.0,-1.16,1.93,0.0
20230308:0011,0.0,0.0,-1.9,1.45,0.0
20230308:0111,0.0,0.0,-2.47,1.1,0.0
20230308:0211,0.0,0.0,-2.34,1.03,0.0
20230308:0311,0.0,0.0,-2.51,1.03,0.0
20230308:0411,0.0,0.0,-2.75,1.1,0.0
20230308:0511,0.0,0.0,-3.01,1.17,0.0
20230308:0611,0.0,0.0,-2.97,1.03,0.0
20230308:0711,30.76,6.24,-2.78,2.21,0.0
20230308:0811,427.37,13.16,-1.6,2.34,0.0
20230308:0911,616.93,19.04,-0.29,2.55,0.0
20230308:1011,809.44,23.42,0.45,2.9,0.0
20230308:1111,917.11,25.89,0.96,3.31,0.0
20230308:1211,918.73,26.18,1.28,3.79,0.0
20230308:1311,856.7,24.25,1.45,3.93,0.0
20230308:1411,115.91,20.32,1.4,3.66,0.0
20230308:1511,242.87,14.78,1.2,3.52,0.0
20230308:1611,34.08,8.09,0.88,3.52,0.0
20230308:1711,0.0,0.0,0.06,3.45,0.0
20230308:1811,0.0,0.0,-0.35,3.31,0.0
20230308:1911,0.0,0.0,-0.19,3.86,0.0
20230308:2011,0.0,0.0,-0.28,3.66,0.0
20230308:2111,0.0,0.0,-0.18,3.59,0.0
20230308:2211,0.0,0.0,-0.02,3.45,0.0
20230308:2311,0.0,0.0,-0.25,3.59,0.0
20230309:0011,0.0,0.0,-0.65,3.72,0.0
20230309:0111,0.0,0.0,-0.79,3.59,0.0
20230309:0211,0.0,0.0,-1.03,3.52,0.0
20230309:0311,0.0,0.0,-1.21,3.59,0.0
20230309:0411,0.0,0.0,-1.38,3.93,0.0
20230309:0511,0.0,0.0,-1.31,3.93,0.0
20230309:0611,0.0,0.0,-1.28,3.79,0.0
20230309:0711,34.25,6.61,-2.14,2.97,0.0
20230309:0811,212.36,13.54,-1.92,2.0,0.0
20230309:0911,311.17,19.42,-1.28,1.24,0.0
20230309:1011,466.97,23.81,-0.46,0.9,0.0
20230309:1111,622.91,26.29,0.25,1.86,0.0
20230309:1211,659.54,26.57,0.62,3.52,0.0
20230309:1311,118.73,24.62,0.18,4.97,0.0
20230309:1411,26.98,20.67,-0.46,4.9,0.0
20230309:1511,161.38,15.11,-0.66,4.28,0.0
20230309:1611,48.22,8.4,-0.83,5.24,0.0
20230309:1711,0.0,0.0,-1.18,5.72,0.0
20230309:1811,0.0,0.0,-1.69,5.45,0.0
20230309:1911,0.0,0.0,-2.71,5.38,0.0
20230309:2011,0.0,0.0,-2.78,4.62,0.0
20230309:2111,0.0,0.0,-2.96,4.55,0.0
20230309:2211,0.0,0.0,-3.1,4.69,0.0
20230309:2311,0.0,0.0,-3.32,4.76,0.0
20230310:0011,0.0,0.0,-3.56,4.62,0.0
20230310:0111,0.0,0.0,-3.8,4.34,0.0
20230310:0211,0.0,0.0,-4.14,4.0,0.0
20230310:0311,0.0,0.0,-4.46,3.66,0.0
20230310:0411,0.0,0.0,-4.73,3.31,0.0
20230310:0511,0.0,0.0,-4.89,2.9,0.0
20230310:0611,0.0,0.0,-5.06,2.69,0.0
20230310:0711,88.82,6.99,-5.35,3.31,0.0
20230310:0811,276.24,13.92,-4.74,3.1,0.0
20230310:0911,352.69,19.81,-3.75,2.69,0.0
20230310:1011,554.64,24.21,-2.6,2.28,0.0
20230310:1111,615.98,26.68,-1.71,2.0,0.0
20230310:1211,803.69,26.96,-1.11,2.14,0.0
20230310:1311,576.27,24.99,-0.74,2.9,0.0
20230310:1411,418.34,21.02,-0.56,3.59,0.0
20230310:1511,309.45,15.44,-0.41,3.86,0.0
20230310:1611,49.05,8.72,-0.48,3.79,0.0
20230310:1711,0.0,0.0,-0.68,4.07,0.0
20230310:1811,0.0,0.0,-0.79,4.28,0.0
20230310:1911,0.0,0.0,-0.7,3.38,0.0
20230310:2011,0.0,0.0,-0.75,2.83,0.0
20230310:2111,0.0,0.0,-0.81,2.07,0.0
20230310:2211,0.0,0.0,-1.12,1.38,0.0
20230310:2311,0.0,0.0,-1.7,1.1,0.0
20230311:0011,0.0,0.0,-1.4,1.45,0.0
20230311:0111,0.0,0.0,-1.4,2.41,0.0
20230311:0211,0.0,0.0,-1.03,3.38,0.0
20230311:0311,0.0,0.0,-0.88,4.69,0.0
20230311:0411,0.0,0.0,-0.72,6.62,0.0
20230311:0511,0.0,0.0,-0.71,8.07,0.0
20230311:0611,0.0,0.0,-0.77,8.0,0.0
20230311:0711,7.2,7.36,-0.96,6.62,0.0
20230311:0811,35.98,14.3,-0.93,6.76,0.0
20230311:0911,48.57,20.2,-0.88,6.48,0.0
20230311:1011,104.33,24.61,-0.51,6.69,0.0
20230311:1111,430.27,27.08,-0.34,7.52,0.0
20230311:1211,36.88,27.34,-0.62,7.86,0.0
20230311:1311,152.21,25.36,-0.8,8.07,0.0
20230311:1411,27.88,21.37,-0.78,8.41,0.0
20230311:1511,131.97,15.77,-0.65,8.14,0.0
20230311:1611,40.73,9.03,-1.2,8.55,0.0
20230311:1711,0.0,0.0,-1.42,8.55,0.0
20230311:1811,0.0,0.0,-1.63,8.21,0.0
20230311:1911,0.0,0.0,-1.33,7.38,0.0
20230311:2011,0.0,0.0,-1.52,7.24,0.0
20230311:2111,0.0,0.0,-1.61,7.1,0.0
20230311:2211,0.0,0.0,-1.59,6.21,0.0
20230311:2311,0.0,0.0,-1.75,5.66,0.0
20230312:0011,0.0,0.0,-1.59,4.97,0.0
20230312:0111,0.0,0.0,-1.34,3.79,0.0
20230312:0211,0.0,0.0,-1.55,2.28,0.0
20230312:0311,0.0,0.0,-2.61,1.1,0.0
20230312:0411,0.0,0.0,-2.56,0.83,0.0
20230312:0511,0.0,0.0,-4.22,1.38,0.0
20230312:0611,0.0,0.0,-4.95,2.14,0.0
20230312:0711,22.49,7.74,-4.01,4.28,0.0
20230312:0811,58.46,14.68,-2.48,4.55,0.0
20230312:0911,147.65,20.6,-1.03,5.24,0.0
20230312:1011,124.62,25.0,-0.07,6.28,0.0
20230312:1111,165.05,27.48,0.49,7.31,0.0
20230312:1211,122.32,27.73,0.85,8.69,0.0
20230312:1311,54.87,25.73,1.23,9.45,0.0
20230312:1411,35.08,21.72,1.51,8.97,0.0
20230312:1511,40.47,16.1,1.57,9.31,0.0
20230312:1611,11.64,9.35,1.66,9.52,0.0
20230312:1711,0.83,1.89,1.61,9.66,0.0
20230312:1811,0.0,0.0,1.67,10.0,0.0
20230312:1911,0.0,0.0,1.69,10.69,0.0
20230312:2011,0.0,0.0,1.69,10.48,0.0
20230312:2111,0.0,0.0,1.75,10.07,0.0
20230312:2211,0.0,0.0,1.88,9.03,0.0
20230312:2311,0.0,0.0,1.87,7.79,0.0
20230313:0011,0.0,0.0,1.81,7.24,0.0
20230313:0111,0.0,0.0,1.95,6.97,0.0
20230313:0211,0.0,0.0,2.02,6.69,0.0
20230313:0311,0.0,0.0,2.29,6.83,0.0
20230313:0411,0.0,0.0,1.89,6.76,0.0
20230313:0511,0.0,0.0,2.29,7.1,0.0
20230313:0611,0.0,0.0,2.69,7.31,0.0
20230313:0711,16.19,8.11,2.8,6.9,0.0
20230313:0811,35.98,15.07,3.08,7.03,0.0
20230313:0911,43.17,20.99,3.28,7.24,0.0
20230313:1011,86.35,25.4,3.35,7.38,0.0
20230313:1111,35.98,27.88,3.44,7.31,0.0
20230313:1211,36.88,28.12,3.47,7.59,0.0
20230313:1311,33.28,26.11,3.91,6.62,0.0
20230313:1411,45.87,22.07,5.02,5.45,0.0
20230313:1511,27.88,16.43,5.57,5.17,0.0
20230313:1611,13.49,9.66,5.46,3.17,0.0
20230313:1711,0.83,2.19,4.5,5.86,0.0
20230313:1811,0.0,0.0,3.52,7.86,0.0
20230313:1911,0.0,0.0,3.21,8.97,0.0
20230313:2011,0.0,0.0,3.09,8.83,0.0
20230313:2111,0.0,0.0,2.88,8.76,0.0
20230313:2211,0.0,0.0,2.77,9.17,0.0
20230313:2311,0.0,0.0,2.53,9.38,0.0
20230314:0011,0.0,0.0,2.24,10.21,0.0
20230314:0111,0.0,0.0,1.79,10.9,0.0
20230314:0211,0.0,0.0,1.6,10.9,0.0
20230314:0311,0.0,0.0,1.61,10.48,0.0
20230314:0411,0.0,0.0,1.55,10.07,0.0
20230314:0511,0.0,0.0,1.44,9.66,0.0
20230314:0611,0.0,0.0,1.4,9.24,0.0
20230314:0711,191.45,8.49,1.98,8.9,0.0
20230314:0811,456.82,15.45,2.14,8.9,0.0
20230314:0911,685.65,21.38,2.39,9.31,0.0
20230314:1011,854.49,25.8,2.65,9.79,0.0
20230314:1111,961.03,28.28,2.93,10.34,0.0
20230314:1211,695.67,28.51,3.01,10.41,0.0
20230314:1311,661.31,26.48,2.8,10.07,0.0
20230314:1411,701.2,22.42,2.29,9.45,0.0
20230314:1511,480.74,16.76,1.9,8.97,0.0
20230314:1611,191.03,9.97,1.54,8.62,0.0
20230314:1711,3.33,2.5,1.09,8.34,0.0
20230314:1811,0.0,0.0,0.99,7.93,0.0
20230314:1911,0.0,0.0,-0.55,7.31,0.0
20230314:2011,0.0,0.0,-0.52,6.83,0.0
20230314:2111,0.0,0.0,-0.54,7.1,0.0
20230314:2211,0.0,0.0,-0.25,6.97,0.0
20230314:2311,0.0,0.0,-0.09,6.69,0.0
20230315:0011,0.0,0.0,0.05,6.34,0.0
20230315:0111,0.0,0.0,0.51,5.86,0.0
20230315:0211,0.0,0.0,0.82,5.66,0.0
20230315:0311,0.0,0.0,0.59,5.1,0.0
20230315:0411,0.0,0.0,0.38,4.28,0.0
20230315:0511,0.0,0.0,0.32,3.03,0.0
20230315:0611,0.0,0.0,0.52,2.14,0.0
20230315:0711,17.09,8.87,1.45,1.72,0.0
20230315:0811,179.89,15.84,1.72,0.9,0.0
20230315:0911,312.56,21.78,2.5,0.41,0.0
20230315:1011,471.29,26.2,3.01,1.45,0.0
20230315:1111,732.87,28.68,3.44,2.28,0.0
20230315:1211,779.85,28.9,3.24,2.69,0.0
20230315:1311,694.14,26.85,3.44,3.31,0.0
20230315:1411,736.5,22.77,3.43,3.66,0.0
20230315:1511,473.83,17.09,3.31,3.52,0.0
20230315:1611,313.12,10.28,2.99,3.03,0.0
20230315:1711,9.98,2.8,2.55,2.55,0.0
20230315:1811,0.0,0.0,1.84,1.72,0.0
20230315:1911,0.0,0.0,0.46,1.17,0.0
20230315:2011,0.0,0.0,-1.0,1.59,0.0
20230315:2111,0.0,0.0,-1.97,2.14,0.0
20230315:2211,0.0,0.0,-2.36,2.83,0.0
20230315:2311,0.0,0.0,-1.48,3.52,0.0
20230316:0011,0.0,0.0,-0.32,4.28,0.0
20230316:0111,0.0,0.0,0.18,5.17,0.0
20230316:0211,0.0,0.0,0.5,5.86,0.0
20230316:0311,0.0,0.0,0.87,6.41,0.0
20230316:0411,0.0,0.0,1.19,7.03,0.0
20230316:0511,0.0,0.0,1.34,7.59,0.0
20230316:0611,0.0,0.0,1.49,8.07,0.0
20230316:0711,21.59,9.25,1.88,8.83,0.0
20230316:0811,61.16,16.23,2.15,9.79,0.0
20230316:0911,81.85,22.17,2.33,10.55,0.0
20230316:1011,75.55,26.6,2.58,10.83,0.0
20230316:1111,71.96,29.08,2.5,11.38,0.0
20230316:1211,203.09,29.29,2.36,11.38,0.0
20230316:1311,107.03,27.22,2.38,12.62,0.0
20230316:1411,108.83,23.12,2.2,12.9,0.0
20230316:1511,43.17,17.42,1.92,12.97,0.0
20230316:1611,33.28,10.6,1.73,12.9,0.0
20230316:1711,3.33,3.1,1.8,12.97,0.0
20230316:1811,0.0,0.0,1.83,13.31,0.0
20230316:1911,0.0,0.0,2.12,13.24,0.0
20230316:2011,0.0,0.0,2.36,12.55,0.0
20230316:2111,0.0,0.0,2.76,11.59,0.0
20230316:2211,0.0,0.0,3.46,10.41,0.0
20230316:2311,0.0,0.0,4.23,9.66,0.0
20230317:0011,0.0,0.0,4.79,8.9,0.0
20230317:0111,0.0,0.0,4.86,8.62,0.0
20230317:0211,0.0,0.0,5.02,7.86,0.0
20230317:0311,0.0,0.0,5.0,7.24,0.0
20230317:0411,0.0,0.0,4.99,6.83,0.0
20230317:0511,0.0,0.0,4.96,6.62,0.0
20230317:0611,1.8,2.05,4.97,6.34,0.0
20230317:0711,112.53,9.63,5.0,5.79,0.0
20230317:0811,63.86,16.62,5.11,5.59,0.0
20230317:0911,63.86,22.57,5.2,5.52,0.0
20230317:1011,54.87,27.01,5.49,5.38,0.0
20230317:1111,76.45,29.48,5.89,5.24,0.0
20230317:1211,38.68,29.68,6.01,5.17,0.0
20230317:1311,35.98,27.59,6.16,5.17,0.0
20230317:1411,62.06,23.47,5.99,4.76,0.0
20230317:1511,53.97,17.75,6.05,4.48,0.0
20230317:1611,49.29,10.91,5.86,4.55,0.0
20230317:1711,5.82,3.41,5.77,4.48,0.0
20230317:1811,0.0,0.0,5.67,4.21,0.0
20230317:1911,0.0,0.0,5.57,3.59,0.0
20230317:2011,0.0,0.0,5.56,3.52,0.0
20230317:2111,0.0,0.0,5.5,2.9,0.0
20230317:2211,0.0,0.0,5.4,2.21,0.0
20230317:2311,0.0,0.0,5.29,1.86,0.0
20230318:0011,0.0,0.0,5.27,1.59,0.0
20230318:0111,0.0,0.0,5.04,1.17,0.0
20230318:0211,0.0,0.0,4.89,0.69,0.0
20230318:0311,0.0,0.0,4.84,0.28,0.0
20230318:0411,0.0,0.0,4.14,0.55,0.0
20230318:0511,0.0,0.0,3.83,0.9,0.0
20230318:0611,0.9,2.43,3.69,1.1,0.0
20230318:0711,116.8,10.01,3.45,1.52,0.0
20230318:0811,243.39,17.0,4.36,1.45,0.0
20230318:0911,249.02,22.96,4.93,1.38,0.0
20230318:1011,257.61,27.41,5.27,1.24,0.0
20230318:1111,326.96,29.88,5.89,1.1,0.0
20230318:1211,302.05,30.07,6.35,1.03,0.0
20230318:1311,400.26,27.96,6.68,1.03,0.0
20230318:1411,143.28,23.82,6.82,0.69,0.0
20230318:1511,229.63,18.07,6.81,0.28,0.0
20230318:1611,97.69,11.22,6.78,0.76,0.0
20230318:1711,9.14,3.71,6.41,1.66,0.0
20230318:1811,0.0,0.0,5.81,2.55,0.0
20230318:1911,0.0,0.0,5.66,3.03,0.0
20230318:2011,0.0,0.0,5.59,3.72,0.0
20230318:2111,0.0,0.0,5.41,4.28,0.0
20230318:2211,0.0,0.0,5.43,4.76,0.0
20230318:2311,0.0,0.0,5.5,5.1,0.0
20230319:0011,0.0,0.0,5.52,5.38,0.0
20230319:0111,0.0,0.0,5.53,5.38,0.0
20230319:0211,0.0,0.0,5.52,5.52,0.0
20230319:0311,0.0,0.0,5.43,5.86,0.0
20230319:0411,0.0,0.0,5.38,6.34,0.0
20230319:0511,0.0,0.0,5.32,6.62,0.0
20230319:0611,4.5,2.81,5.11,6.21,0.0
20230319:0711,93.96,10.39,4.85,6.21,0.0
20230319:0811,175.56,17.39,4.92,6.28,0.0
20230319:0911,76.45,23.36,5.08,6.21,0.0
20230319:1011,48.57,27.81,5.39,5.79,0.0
20230319:1111,80.05,30.28,5.74,5.31,0.0
20230319:1211,122.32,30.46,5.94,4.69,0.0
20230319:1311,83.65,28.33,5.78,4.0,0.0
20230319:1411,37.78,24.16,5.79,3.66,0.0
20230319:1511,100.89,18.4,5.68,3.38,0.0
20230319:1611,27.88,11.53,5.49,3.31,0.0
20230319:1711,5.82,4.01,5.18,3.1,0.0
20230319:1811,0.0,0.0,4.95,3.03,0.0
20230319:1911,0.0,0.0,4.88,3.03,0.0
20230319:2011,0.0,0.0,4.9,2.76,0.0
20230319:2111,0.0,0.0,4.98,2.55,0.0
20230319:2211,0.0,0.0,5.02,2.34,0.0
20230319:2311,0.0,0.0,5.03,2.97,0.0
20230320:0011,0.0,0.0,5.0,3.72,0.0
20230320:0111,0.0,0.0,4.86,4.55,0.0
20230320:0211,0.0,0.0,4.66,5.03,0.0
20230320:0311,0.0,0.0,4.44,5.17,0.0
20230320:0411,0.0,0.0,4.23,4.83,0.0
20230320:0511,0.0,0.0,4.04,4.28,0.0
20230320:0611,5.4,3.19,3.9,3.79,0.0
20230320:0711,210.22,10.78,3.92,3.86,0.0
20230320:0811,207.52,17.78,4.24,4.0,0.0
20230320:0911,433.02,23.76,4.67,4.34,0.0
20230320:1011,770.03,28.21,5.01,4.48,0.0
20230320:1111,971.26,30.68,5.37,4.62,0.0
20230320:1211,987.62,30.85,5.65,4.76,0.0
20230320:1311,866.4,28.7,5.78,4.69,0.0
20230320:1411,779.65,24.51,5.78,4.55,0.0
20230320:1511,573.95,18.72,5.73,4.48,0.0
20230320:1611,260.81,11.84,5.38,4.41,0.0
20230320:1711,14.13,4.31,4.78,4.14,0.0
20230320:1811,0.0,0.0,4.15,3.72,0.0
20230320:1911,0.0,0.0,4.09,2.9,0.0
20230320:2011,0.0,0.0,3.77,2.34,0.0
20230320:2111,0.0,0.0,3.48,2.0,0.0
20230320:2211,0.0,0.0,2.91,1.93,0.0
20230320:2311,0.0,0.0,2.14,1.38,0.0
20230321:0011,0.0,0.0,1.77,1.79,0.0
20230321:0111,0.0,0.0,1.58,1.38,0.0
20230321:0211,0.0,0.0,1.31,1.66,0.0
20230321:0311,0.0,0.0,1.31,2.14,0.0
20230321:0411,0.0,0.0,1.56,2.76,0.0
20230321:0511,0.0,0.0,1.74,3.31,0.0
20230321:0611,4.5,3.57,2.09,3.86,0.0
20230321:0711,0.0,0.0,2.78,5.1,0.0
20230321:0811,0.0,0.0,3.31,5.79,0.0
20230321:0911,82.75,24.16,3.62,6.34,0.0
20230321:1011,120.52,28.62,3.67,6.97,0.0
20230321:1111,187.97,31.08,3.69,7.66,0.0
20230321:1211,151.44,31.24,3.61,7.93,0.0
20230321:1311,200.41,29.07,3.78,8.28,0.0
20230321:1411,120.01,24.86,3.9,8.41,0.0
20230321:1511,105.25,19.05,4.01,8.55,0.0
20230321:1611,64.0,12.15,4.07,8.34,0.0
20230321:1711,3.33,4.61,3.9,8.21,0.0
20230321:1811,0.0,0.0,3.93,7.72,0.0
20230321:1911,0.0,0.0,3.98,6.97,0.0
20230321:2011,0.0,0.0,4.34,6.62,0.0
20230321:2111,0.0,0.0,4.67,6.41,0.0
20230321:2211,0.0,0.0,4.8,6.0,0.0
20230321:2311,0.0,0.0,4.83,6.0,0.0
20230322:0011,0.0,0.0,4.97,5.93,0.0
20230322:0111,0.0,0.0,4.94,5.93,0.0
20230322:0211,0.0,0.0,5.01,6.21,0.0
20230322:0311,0.0,0.0,5.08,6.55,0.0
20230322:0411,0.0,0.0,5.12,6.48,0.0
20230322:0511,0.0,0.0,5.12,6.55,0.0
20230322:0611,3.6,3.94,5.21,6.83,0.0
20230322:0711,0.0,0.0,5.17,7.45,0.0
20230322:0811,42.27,18.56,5.41,7.93,0.0
20230322:0911,65.66,24.55,5.61,8.62,0.0
20230322:1011,71.06,29.02,5.7,9.1,0.0
20230322:1111,96.24,31.48,5.71,8.97,0.0
20230322:1211,147.51,31.63,5.87,8.0,0.0
20230322:1311,882.39,29.44,6.19,7.93,0.0
20230322:1411,487.77,25.2,6.59,7.45,0.0
20230322:1511,563.93,19.37,6.76,6.83,0.0
20230322:1611,279.0,12.45,6.69,7.03,0.0
20230322:1711,21.61,4.91,6.38,7.52,0.0
20230322:1811,0.0,0.0,6.05,7.66,0.0
20230322:1911,0.0,0.0,6.2,8.55,0.0
20230322:2011,0.0,0.0,6.27,8.07,0.0
20230322:2111,0.0,0.0,6.12,7.66,0.0
20230322:2211,0.0,0.0,6.02,6.97,0.0
20230322:2311,0.0,0.0,5.88,6.14,0.0
20230323:0011,0.0,0.0,5.64,5.72,0.0
20230323:0111,0.0,0.0,5.41,5.79,0.0
20230323:0211,0.0,0.0,5.14,5.38,0.0
20230323:0311,0.0,0.0,5.06,5.24,0.0
20230323:0411,0.0,0.0,4.89,5.66,0.0
20230323:0511,0.0,0.0,4.9,6.14,0.0
20230323:0611,7.2,4.32,4.96,6.21,0.0
20230323:0711,42.27,11.92,4.68,6.76,0.0
20230323:0811,102.81,18.95,4.76,6.76,0.0
20230323:0911,89.04,24.95,5.1,6.62,0.0
20230323:1011,83.65,29.42,5.45,6.0,0.0
20230323:1111,387.04,31.88,5.86,6.69,0.0
20230323:1211,407.72,32.02,6.21,7.1,0.0
20230323:1311,127.72,29.81,6.23,6.62,0.0
20230323:1411,93.54,25.55,6.37,6.41,0.0
20230323:1511,75.55,19.7,6.18,6.07,0.0
20230323:1611,35.08,12.76,5.93,5.93,0.0
20230323:1711,4.16,5.21,5.68,5.1,0.0
20230323:1811,0.0,0.0,5.28,4.76,0.0
20230323:1911,0.0,0.0,5.42,5.03,0.0
20230323:2011,0.0,0.0,5.38,4.55,0.0
20230323:2111,0.0,0.0,5.35,4.48,0.0
20230323:2211,0.0,0.0,5.3,4.48,0.0
20230323:2311,0.0,0.0,5.26,4.34,0.0
20230324:0011,0.0,0.0,5.14,4.41,0.0
20230324:0111,0.0,0.0,5.13,4.55,0.0
20230324:0211,0.0,0.0,4.94,4.48,0.0
20230324:0311,0.0,0.0,4.93,4.34,0.0
20230324:0411,0.0,0.0,4.72,4.28,0.0
20230324:0511,0.0,0.0,4.7,4.07,0.0
20230324:0611,3.6,4.7,4.78,3.86,0.0
20230324:0711,16.19,12.3,4.83,3.66,0.0
20230324:0811,129.61,19.34,4.92,3.1,0.0
20230324:0911,44.07,25.35,4.93,2.69,0.0
20230324:1011,96.24,29.82,5.06,2.41,0.0
20230324:1111,148.41,32.28,5.07,2.62,0.0
20230324:1211,188.34,32.41,4.97,3.17,0.0
20230324:1311,176.74,30.18,4.89,3.72,0.0
20230324:1411,120.52,25.89,4.87,3.59,0.0
20230324:1511,35.08,20.02,4.87,3.17,0.0
20230324:1611,24.28,13.07,4.86,3.24,0.0
20230324:1711,21.59,5.5,4.8,3.86,0.0
20230324:1811,0.0,0.0,4.93,4.41,0.0
20230324:1911,0.0,0.0,5.01,3.93,0.0
20230324:2011,0.0,0.0,4.9,3.52,0.0
20230324:2111,0.0,0.0,4.72,3.45,0.0
20230324:2211,0.0,0.0,4.69,3.31,0.0
20230324:2311,0.0,0.0,4.59,3.1,0.0
20230325:0011,0.0,0.0,4.51,2.83,0.0
20230325:0111,0.0,0.0,4.61,2.69,0.0
20230325:0211,0.0,0.0,4.56,2.48,0.0
20230325:0311,0.0,0.0,4.47,2.0,0.0
20230325:0411,0.0,0.0,4.39,1.31,0.0
20230325:0511,0.0,0.0,4.24,0.76,0.0
20230325:0611,17.99,5.08,4.15,0.28,0.0
20230325:0711,145.9,12.68,4.6,0.97,0.0
20230325:0811,196.28,19.73,4.85,1.24,0.0
20230325:0911,159.26,25.74,4.96,1.52,0.0
20230325:1011,257.46,30.22,5.21,1.86,0.0
20230325:1111,208.0,32.68,5.58,2.28,0.0
20230325:1211,359.81,32.79,5.68,2.97,0.0
20230325:1311,550.77,30.54,5.71,3.93,0.0
20230325:1411,190.27,26.23,5.62,4.62,0.0
20230325:1511,295.98,20.34,5.18,4.9,0.0
20230325:1611,148.71,13.37,4.94,5.24,0.0
20230325:1711,48.77,5.8,4.61,5.72,0.0
20230325:1811,0.0,0.0,4.17,6.14,0.0
20230325:1911,0.0,0.0,3.83,6.76,0.0
20230325:2011,0.0,0.0,3.51,6.55,0.0
20230325:2111,0.0,0.0,3.27,6.55,0.0
20230325:2211,0.0,0.0,3.11,6.97,0.0
20230325:2311,0.0,0.0,2.95,7.45,0.0
20230326:0011,0.0,0.0,2.73,7.72,0.0
20230326:0111,0.0,0.0,2.37,7.79,0.0
20230326:0211,0.0,0.0,2.26,8.0,0.0
20230326:0311,0.0,0.0,2.09,8.21,0.0
20230326:0411,0.0,0.0,1.91,8.28,0.0
20230326:0511,0.0,0.0,1.81,8.34,0.0
20230326:0611,33.47,5.46,1.7,8.41,0.0
20230326:0711,272.44,13.07,1.91,8.41,0.0
20230326:0811,540.61,20.11,2.29,8.62,0.0
20230326:0911,763.71,26.14,2.77,8.62,0.0
20230326:1011,933.82,30.62,3.21,8.69,0.0
20230326:1111,1030.02,33.08,3.52,8.9,0.0
20230326:1211,1045.0,33.18,3.6,9.1,0.0
20230326:1311,919.66,30.91,3.5,9.1,0.0
20230326:1411,804.05,26.57,3.29,8.97,0.0
20230326:1511,616.64,20.66,3.12,8.76,0.0
20230326:1611,333.41,13.68,2.83,8.34,0.0
20230326:1711,113.16,6.1,2.54,8.07,0.0
20230326:1811,0.0,0.0,2.04,8.28,0.0
20230326:1911,0.0,0.0,1.71,7.52,0.0
20230326:2011,0.0,0.0,1.29,7.45,0.0
20230326:2111,0.0,0.0,1.04,7.17,0.0
20230326:2211,0.0,0.0,0.95,6.97,0.0
20230326:2311,0.0,0.0,0.9,7.24,0.0
20230327:0011,0.0,0.0,0.81,7.38,0.0
20230327:0111,0.0,0.0,0.47,7.24,0.0
20230327:0211,0.0,0.0,0.15,7.1,0.0
20230327:0311,0.0,0.0,0.1,7.03,0.0
20230327:0411,0.0,0.0,0.12,7.03,0.0
20230327:0511,0.0,0.0,0.24,7.52,0.0
20230327:0611,8.99,5.83,0.34,7.66,0.0
20230327:0711,168.32,13.45,0.23,8.48,0.0
20230327:0811,118.85,20.5,0.71,8.28,0.0
20230327:0911,261.13,26.53,1.32,8.41,0.0
20230327:1011,400.24,31.02,2.09,8.62,0.0
20230327:1111,567.51,33.48,2.7,8.69,0.0
20230327:1211,822.9,33.57,3.2,8.76,0.0
20230327:1311,819.69,31.27,3.57,8.9,0.0
20230327:1411,726.73,26.91,3.76,8.9,0.0
20230327:1511,268.96,20.98,3.84,8.83,0.0
20230327:1611,291.89,13.98,3.66,8.41,0.0
20230327:1711,113.89,6.39,3.31,7.79,0.0
20230327:1811,0.0,0.0,2.71,7.31,0.0
20230327:1911,0.0,0.0,2.31,6.41,0.0
20230327:2011,0.0,0.0,2.09,6.07,0.0
20230327:2111,0.0,0.0,1.9,5.31,0.0
20230327:2211,0.0,0.0,1.78,4.76,0.0
20230327:2311,0.0,0.0,1.73,3.86,0.0
20230328:0011,0.0,0.0,1.72,2.62,0.0
20230328:0111,0.0,0.0,1.29,1.45,0.0
20230328:0211,0.0,0.0,1.32,1.17,0.0
20230328:0311,0.0,0.0,0.82,1.52,0.0
20230328:0411,0.0,0.0,0.97,2.55,0.0
20230328:0511,0.0,0.0,0.86,2.97,0.0
20230328:0611,5.4,6.21,1.12,3.38,0.0
20230328:0711,49.47,13.83,1.1,5.31,0.0
20230328:0811,172.95,20.89,1.64,6.41,0.0
20230328:0911,238.57,26.93,2.39,7.03,0.0
20230328:1011,186.92,31.42,3.01,7.24,0.0
20230328:1111,216.63,33.87,3.48,7.38,0.0
20230328:1211,455.86,33.95,3.7,7.79,0.0
20230328:1311,83.65,31.64,2.9,7.79,0.0
20230328:1411,37.78,27.25,2.76,7.72,0.0
20230328:1511,53.97,21.29,3.08,6.14,0.0
20230328:1611,77.76,14.28,3.59,4.0,0.0
20230328:1711,20.69,6.68,3.55,2.9,0.0
20230328:1811,0.0,0.0,3.93,2.62,0.0
20230328:1911,0.0,0.0,3.78,1.31,0.0
20230328:2011,0.0,0.0,3.25,1.31,0.0
20230328:2111,0.0,0.0,3.07,1.45,0.0
20230328:2211,0.0,0.0,2.9,1.38,0.0
20230328:2311,0.0,0.0,2.71,1.31,0.0
20230329:0011,0.0,0.0,3.1,1.45,0.0
20230329:0111,0.0,0.0,2.42,1.72,0.0
20230329:0211,0.0,0.0,2.34,1.93,0.0
20230329:0311,0.0,0.0,2.28,2.0,0.0
20230329:0411,0.0,0.0,2.61,2.07,0.0
20230329:0511,0.0,0.0,2.46,1.93,0.0
20230329:0611,39.51,6.58,2.29,1.79,0.0
20230329:0711,113.39,14.2,2.76,1.86,0.0
20230329:0811,143.12,21.27,3.55,1.79,0.0
20230329:0911,160.5,27.32,4.38,2.0,0.0
20230329:1011,103.44,31.82,4.72,2.62,0.0
20230329:1111,131.32,34.27,4.82,3.45,0.0
20230329:1211,433.61,34.33,4.51,4.28,0.0
20230329:1311,306.01,32.0,4.42,4.97,0.0
20230329:1411,380.99,27.59,4.53,5.31,0.0
20230329:1511,176.43,21.61,4.37,5.93,0.0
20230329:1611,122.9,14.58,3.95,6.28,0.0
20230329:1711,51.32,6.98,3.7,6.76,0.0
20230329:1811,0.0,0.0,3.31,6.9,0.0
20230329:1911,0.0,0.0,2.59,7.52,0.0
20230329:2011,0.0,0.0,2.31,7.79,0.0
20230329:2111,0.0,0.0,1.94,8.14,0.0
20230329:2211,0.0,0.0,1.65,8.55,0.0
20230329:2311,0.0,0.0,1.42,8.9,0.0
20230330:0011,0.0,0.0,1.25,9.03,0.0
20230330:0111,0.0,0.0,1.38,9.45,0.0
20230330:0211,0.0,0.0,1.31,9.66,0.0
20230330:0311,0.0,0.0,1.28,9.52,0.0
20230330:0411,0.0,0.0,1.18,9.66,0.0
20230330:0511,0.0,0.0,0.88,9.86,0.0
20230330:0611,11.69,6.96,0.77,10.07,0.0
20230330:0711,68.98,14.58,0.92,10.21,0.0
20230330:0811,133.01,21.66,1.23,9.93,0.0
20230330:0911,122.32,27.71,1.79,9.59,0.0
20230330:1011,206.35,32.22,2.27,8.9,0.0
20230330:1111,158.3,34.67,2.71,8.14,0.0
20230330:1211,76.45,34.71,3.02,7.17,0.0
20230330:1311,96.24,32.36,3.21,6.14,0.0
20230330:1411,118.73,27.93,3.3,5.24,0.0
20230330:1511,123.79,21.92,3.38,4.14,0.0
20230330:1611,63.86,14.88,3.38,2.97,0.0
20230330:1711,56.1,7.27,3.4,2.34,0.0
20230330:1811,0.0,0.0,3.33,2.14,0.0
20230330:1911,0.0,0.0,2.62,1.66,0.0
20230330:2011,0.0,0.0,2.5,1.72,0.0
20230330:2111,0.0,0.0,2.4,1.59,0.0
20230330:2211,0.0,0.0,2.41,1.38,0.0
20230330:2311,0.0,0.0,1.87,1.38,0.0
20230331:0011,0.0,0.0,2.22,1.52,0.0
20230331:0111,0.0,0.0,1.64,1.66,0.0
20230331:0211,0.0,0.0,1.61,1.38,0.0
20230331:0311,0.0,0.0,1.54,1.17,0.0
20230331:0411,0.0,0.0,1.22,1.31,0.0
20230331:0511,0.0,0.0,1.14,1.17,0.0
20230331:0611,23.39,7.33,1.23,1.1,0.0
20230331:0711,49.47,14.96,2.24,1.72,0.0
20230331:0811,182.43,22.04,2.99,1.93,0.0
20230331:0911,403.48,28.1,3.59,2.07,0.0
20230331:1011,311.07,32.61,3.96,2.21,0.0
20230331:1111,441.87,35.06,4.7,2.41,0.0
20230331:1211,310.9,35.1,5.3,2.62,0.0
20230331:1311,447.77,32.72,5.74,2.69,0.0
20230331:1411,326.65,28.26,5.86,2.69,0.0
20230331:1511,112.57,22.24,5.86,3.1,0.0
20230331:1611,82.02,15.18,5.45,2.97,0.0
20230331:1711,34.91,7.56,4.87,2.9,0.0
20230331:1811,0.0,0.0,4.31,2.83,0.0
20230331:1911,0.0,0.0,4.24,2.83,0.0
20230331:2011,0.0,0.0,3.78,3.24,0.0
20230331:2111,0.0,0.0,3.36,3.45,0.0
20230331:2211,0.0,0.0,3.09,3.17,0.0
20230331:2311,0.0,0.0,2.87,3.1,0.0
20230401:0011,0.0,0.0,2.6,3.1,0.0
20230401:0111,0.0,0.0,2.28,2.83,0.0
20230401:0211,0.0,0.0,1.94,2.69,0.0
20230401:0311,0.0,0.0,1.61,2.76,0.0
20230401:0411,0.0,0.0,1.32,2.83,0.0
20230401:0511,0.0,0.0,1.13,2.97,0.0
20230401:0611,82.17,7.7,1.07,3.03,0.0
20230401:0711,301.69,15.33,1.11,3.1,0.0
20230401:0811,559.11,22.42,1.97,2.9,0.0
20230401:0911,778.77,28.49,2.95,2.69,0.0
20230401:1011,943.37,33.01,3.93,2.62,0.0
20230401:1111,1036.88,35.45,4.82,2.41,0.0
20230401:1211,1008.94,35.47,5.53,2.34,0.0
20230401:1311,977.06,33.08,5.97,2.34,0.0
20230401:1411,829.72,28.59,6.11,2.48,0.0
20230401:1511,610.35,22.55,6.02,2.9,0.0
20230401:1611,367.32,15.47,5.78,3.31,0.0
20230401:1711,131.87,7.85,5.29,3.72,0.0
20230401:1811,0.0,0.0,4.69,3.86,0.0
20230401:1911,0.0,0.0,3.93,4.41,0.0
20230401:2011,0.0,0.0,3.01,4.07,0.0
20230401:2111,0.0,0.0,2.09,3.38,0.0
20230401:2211,0.0,0.0,1.66,2.62,0.0
20230401:2311,0.0,0.0,1.38,2.0,0.0
20230402:0011,0.0,0.0,1.13,1.59,0.0
20230402:0111,0.0,0.0,0.49,1.24,0.0
20230402:0211,0.0,0.0,-0.23,1.17,0.0
20230402:0311,0.0,0.0,-0.6,1.03,0.0
20230402:0411,0.0,0.0,-0.39,0.9,0.0
20230402:0511,0.0,0.0,-0.13,0.83,0.0
20230402:0611,85.56,8.07,0.7,0.62,0.0
20230402:0711,302.73,15.71,1.23,0.69,0.0
20230402:0811,547.79,22.8,3.87,0.9,0.0
20230402:0911,770.85,28.88,4.78,1.17,0.0
20230402:1011,933.16,33.4,5.25,1.45,0.0
20230402:1111,963.66,35.84,5.55,1.93,0.0
20230402:1211,515.72,35.85,5.71,2.34,0.0
20230402:1311,875.76,33.43,5.73,2.55,0.0
20230402:1411,692.94,28.93,5.64,2.69,0.0
20230402:1511,593.08,22.86,5.46,2.62,0.0
20230402:1611,372.82,15.77,5.14,2.48,0.0
20230402:1711,135.4,8.14,4.51,2.28,0.0
20230402:1811,0.0,0.0,3.93,2.0,0.0
20230402:1911,0.0,0.0,3.3,0.9,0.0
20230402:2011,0.0,0.0,3.25,0.48,0.0
20230402:2111,0.0,0.0,2.81,0.55,0.0
20230402:2211,0.0,0.0,1.4,0.83,0.0
20230402:2311,0.0,0.0,0.81,0.9,0.0
20230403:0011,0.0,0.0,0.93,0.69,0.0
20230403:0111,0.0,0.0,0.71,0.83,0.0
20230403:0211,0.0,0.0,0.56,0.83,0.0
20230403:0311,0.0,0.0,0.88,0.55,0.0
20230403:0411,0.0,0.0,1.65,0.41,0.0
20230403:0511,0.0,0.0,0.36,0.9,0.0
20230403:0611,91.3,8.44,-0.2,1.17,0.0
20230403:0711,296.07,16.08,1.97,1.79,0.0
20230403:0811,525.48,23.18,3.49,2.21,0.0
20230403:0911,734.23,29.27,4.26,2.07,0.0
20230403:1011,880.86,33.79,4.81,2.21,0.0
20230403:1111,935.37,36.23,5.07,2.34,0.0
20230403:1211,976.74,36.23,5.19,2.62,0.0
20230403:1311,965.8,33.79,5.23,2.69,0.0
20230403:1411,777.14,29.26,5.16,2.28,0.0
20230403:1511,568.33,23.17,4.98,1.86,0.0
20230403:1611,348.09,16.06,4.74,1.66,0.0
20230403:1711,100.24,8.43,4.31,1.17,0.0
20230403:1811,0.0,0.0,3.78,0.97,0.0
20230403:1911,0.0,0.0,3.35,0.62,0.0
20230403:2011,0.0,0.0,2.58,0.97,0.0
20230403:2111,0.0,0.0,1.33,1.38,0.0
20230403:2211,0.0,0.0,0.73,1.59,0.0
20230403:2311,0.0,0.0,0.01,1.59,0.0
20230404:0011,0.0,0.0,-0.5,1.52,0.0
20230404:0111,0.0,0.0,-0.59,1.31,0.0
20230404:0211,0.0,0.0,-0.66,1.31,0.0
20230404:0311,0.0,0.0,-0.72,1.45,0.0
20230404:0411,0.0,0.0,-0.73,1.59,0.0
20230404:0511,0.0,0.0,-0.62,1.79,0.0
20230404:0611,90.55,8.81,0.27,1.79,0.0
20230404:0711,304.83,16.45,2.02,1.52,0.0
20230404:0811,540.38,23.56,3.54,1.52,0.0
20230404:0911,639.05,29.65,4.35,1.72,0.0
20230404:1011,861.53,34.18,4.92,2.07,0.0
20230404:1111,1015.89,36.62,5.34,2.48,0.0
20230404:1211,991.14,36.6,5.59,2.83,0.0
20230404:1311,966.56,34.14,5.66,3.1,0.0
20230404:1411,819.65,29.58,5.51,3.45,0.0
20230404:1511,600.08,23.47,5.15,3.52,0.0
20230404:1611,222.53,16.36,4.63,2.97,0.0
20230404:1711,66.81,8.71,4.22,2.69,0.0
20230404:1811,0.0,0.0,3.68,2.83,0.0
20230404:1911,0.0,0.0,3.39,2.83,0.0
20230404:2011,0.0,0.0,2.88,3.03,0.0
20230404:2111,0.0,0.0,2.34,3.1,0.0
20230404:2211,0.0,0.0,2.04,3.24,0.0
20230404:2311,0.0,0.0,1.96,3.38,0.0
20230405:0011,0.0,0.0,2.01,3.59,0.0
20230405:0111,0.0,0.0,1.95,3.79,0.0
20230405:0211,0.0,0.0,1.91,4.07,0.0
20230405:0311,0.0,0.0,1.86,4.34,0.0
20230405:0411,0.0,0.0,1.87,4.62,0.0
20230405:0511,0.0,0.0,1.93,4.62,0.0
20230405:0611,84.49,9.17,2.24,4.48,0.0
20230405:0711,294.01,16.82,3.11,4.97,0.0
20230405:0811,522.36,23.93,4.09,5.86,0.0
20230405:0911,737.02,30.03,4.81,6.97,0.0
20230405:1011,919.87,34.57,5.42,6.97,0.0
20230405:1111,1026.98,37.0,5.9,6.76,0.0
20230405:1211,1003.84,36.98,6.15,6.55,0.0
20230405:1311,933.96,34.49,6.17,6.34,0.0
20230405:1411,793.13,29.91,6.03,6.07,0.0
20230405:1511,603.95,23.78,5.73,5.66,0.0
20230405:1611,362.23,16.65,5.35,5.24,0.0
20230405:1711,129.32,9.0,4.95,4.76,0.0
20230405:1811,0.0,0.0,4.16,4.62,0.0
20230405:1911,0.0,0.0,3.84,4.07,0.0
20230405:2011,0.0,0.0,3.2,3.66,0.0
20230405:2111,0.0,0.0,2.67,3.31,0.0
20230405:2211,0.0,0.0,2.26,3.1,0.0
20230405:2311,0.0,0.0,2.01,3.03,0.0
20230406:0011,0.0,0.0,1.82,3.03,0.0
20230406:0111,0.0,0.0,1.61,3.03,0.0
20230406:0211,0.0,0.0,1.51,3.03,0.0
20230406:0311,0.0,0.0,1.65,3.31,0.0
20230406:0411,0.0,0.0,2.04,4.07,0.0
20230406:0511,0.83,1.79,1.9,5.45,0.0
20230406:0611,60.23,9.54,1.59,6.76,0.0
20230406:0711,171.57,17.18,1.95,7.38,0.0
20230406:0811,393.66,24.3,2.6,7.66,0.0
20230406:0911,215.72,30.41,3.45,7.86,0.0
20230406:1011,247.35,34.96,4.26,7.66,0.0
20230406:1111,241.91,37.39,4.83,7.31,0.0
20230406:1211,230.12,37.35,5.35,7.17,0.0
20230406:1311,247.45,34.84,5.45,7.31,0.0
20230406:1411,306.58,30.24,5.43,7.24,0.0
20230406:1511,545.74,24.08,5.12,6.9,0.0
20230406:1611,237.06,16.94,5.0,6.55,0.0
20230406:1711,109.7,9.28,4.65,6.0,0.0
20230406:1811,0.0,0.0,4.08,5.86,0.0
20230406:1911,0.0,0.0,2.95,5.59,0.0
20230406:2011,0.0,0.0,2.43,5.79,0.0
20230406:2111,0.0,0.0,2.08,6.07,0.0
20230406:2211,0.0,0.0,1.94,6.07,0.0
20230406:2311,0.0,0.0,2.03,6.07,0.0
20230407:0011,0.0,0.0,2.19,6.21,0.0
20230407:0111,0.0,0.0,2.37,6.21,0.0
20230407:0211,0.0,0.0,2.6,6.07,0.0
20230407:0311,0.0,0.0,2.7,5.86,0.0
20230407:0411,0.0,0.0,2.77,6.0,0.0
20230407:0511,0.83,2.15,2.7,6.21,0.0
20230407:0611,100.99,9.9,3.0,6.34,0.0
20230407:0711,151.52,17.54,3.75,6.34,0.0
20230407:0811,281.71,24.67,4.68,6.69,0.0
20230407:0911,701.01,30.79,5.54,6.41,0.0
20230407:1011,872.41,35.34,6.23,6.14,0.0
20230407:1111,997.43,37.77,6.89,5.79,0.0
20230407:1211,978.87,37.72,7.37,5.31,0.0
20230407:1311,872.71,35.19,7.64,4.69,0.0
20230407:1411,801.2,30.56,7.79,3.86,0.0
20230407:1511,606.46,24.39,7.72,3.03,0.0
20230407:1611,370.14,17.23,7.39,2.41,0.0
20230407:1711,145.27,9.57,6.72,1.86,0.0
20230407:1811,2.49,1.83,5.89,1.45,0.0
20230407:1911,0.0,0.0,4.88,1.24,0.0
20230407:2011,0.0,0.0,4.39,0.48,0.0
20230407:2111,0.0,0.0,3.15,0.83,0.0
20230407:2211,0.0,0.0,1.58,1.66,0.0
20230407:2311,0.0,0.0,1.62,2.21,0.0
20230408:0011,0.0,0.0,1.62,2.55,0.0
20230408:0111,0.0,0.0,1.6,2.55,0.0
20230408:0211,0.0,0.0,1.49,2.62,0.0
20230408:0311,0.0,0.0,1.3,2.62,0.0
20230408:0411,0.0,0.0,1.23,2.62,0.0
20230408:0511,2.49,2.51,1.2,2.55,0.0
20230408:0611,82.68,10.26,1.84,2.34,0.0
20230408:0711,139.02,17.91,3.52,2.76,0.0
20230408:0811,263.23,25.04,4.65,2.34,0.0
20230408:0911,261.03,31.17,6.23,2.0,0.0
20230408:1011,345.13,35.72,7.25,1.59,0.0
20230408:1111,337.89,38.15,8.01,1.17,0.0
20230408:1211,604.3,38.08,8.46,1.24,0.0
20230408:1311,730.84,35.53,8.58,1.93,0.0
20230408:1411,734.64,30.88,8.15,2.62,0.0
20230408:1511,434.95,24.69,7.59,3.03,0.0
20230408:1611,180.17,17.51,7.02,3.17,0.0
20230408:1711,61.3,9.85,6.25,2.69,0.0
20230408:1811,0.83,2.11,5.58,1.93,0.0
20230408:1911,0.0,0.0,6.18,0.83,0.0
20230408:2011,0.0,0.0,5.78,0.55,0.0
20230408:2111,0.0,0.0,5.93,0.14,0.0
20230408:2211,0.0,0.0,5.48,0.0,0.0
20230408:2311,0.0,0.0,4.37,0.55,0.0
20230409:0011,0.0,0.0,3.3,1.24,0.0
20230409:0111,0.0,0.0,3.82,2.0,0.0
20230409:0211,0.0,0.0,4.02,2.55,0.0
20230409:0311,0.0,0.0,4.2,2.76,0.0
20230409:0411,0.0,0.0,4.53,3.24,0.0
20230409:0511,1.66,2.87,4.74,3.86,0.0
20230409:0611,30.58,10.61,5.11,4.07,0.0
20230409:0711,87.67,18.27,5.81,3.79,0.0
20230409:0811,144.83,25.41,6.19,4.07,0.0
20230409:0911,181.33,31.54,6.46,4.48,0.0
20230409:1011,223.95,36.1,6.54,4.9,0.0
20230409:1111,221.42,38.53,7.06,5.17,0.0
20230409:1211,84.55,38.45,8.03,5.52,0.0
20230409:1311,364.1,35.88,8.21,5.45,0.0
20230409:1411,342.58,31.2,8.26,5.52,0.0
20230409:1511,136.59,24.99,8.35,5.52,0.0
20230409:1611,99.31,17.8,8.27,5.59,0.0
20230409:1711,41.37,10.13,7.91,5.79,0.0
20230409:1811,1.66,2.39,7.13,6.28,0.0
20230409:1911,0.0,0.0,5.91,6.83,0.0
20230409:2011,0.0,0.0,5.76,6.97,0.0
20230409:2111,0.0,0.0,5.61,7.24,0.0
20230409:2211,0.0,0.0,5.34,7.45,0.0
20230409:2311,0.0,0.0,5.03,7.79,0.0
20230410:0011,0.0,0.0,5.27,8.34,0.0
20230410:0111,0.0,0.0,5.27,8.62,0.0
20230410:0211,0.0,0.0,5.25,8.69,0.0
20230410:0311,0.0,0.0,5.28,8.76,0.0
20230410:0411,0.0,0.0,5.26,8.97,0.0
20230410:0511,1.66,3.22,5.15,9.31,0.0
20230410:0611,31.48,10.96,5.1,9.66,0.0
20230410:0711,114.09,18.62,5.6,9.72,0.0
20230410:0811,206.13,25.77,5.78,9.59,0.0
20230410:0911,332.96,31.91,6.21,10.76,0.0
20230410:1011,513.81,36.48,6.5,10.83,0.0
20230410:1111,388.38,38.9,6.77,11.17,0.0
20230410:1211,469.05,38.81,7.0,11.52,0.0
20230410:1311,188.02,36.22,7.06,11.1,0.0
20230410:1411,111.53,31.52,7.14,10.69,0.0
20230410:1511,201.25,25.28,7.09,10.62,0.0
20230410:1611,42.27,18.08,6.78,10.62,0.0
20230410:1711,17.99,10.41,6.83,10.48,0.0
20230410:1811,1.66,2.67,6.9,10.41,0.0
20230410:1911,0.0,0.0,6.86,9.93,0.0
20230410:2011,0.0,0.0,6.59,10.21,0.0
20230410:2111,0.0,0.0,6.38,10.21,0.0
20230410:2211,0.0,0.0,6.29,10.41,0.0
20230410:2311,0.0,0.0,6.2,10.9,0.0
20230411:0011,0.0,0.0,6.46,10.97,0.0
20230411:0111,0.0,0.0,6.25,9.86,0.0
20230411:0211,0.0,0.0,6.08,8.69,0.0
20230411:0311,0.0,0.0,6.0,8.07,0.0
20230411:0411,0.0,0.0,5.92,7.79,0.0
20230411:0511,10.81,3.57,5.86,7.59,0.0
20230411:0611,73.77,11.32,5.8,7.45,0.0
20230411:0711,89.43,18.98,5.58,7.24,0.0
20230411:0811,127.45,26.13,5.55,7.03,0.0
20230411:0911,260.73,32.28,5.7,6.69,0.0
20230411:1011,204.89,36.85,5.64,6.21,0.0
20230411:1111,352.78,39.28,5.58,4.62,0.0
20230411:1211,225.9,39.17,5.61,3.93,0.0
20230411:1311,187.09,36.56,5.86,3.79,0.0
20230411:1411,80.05,31.83,5.9,3.72,0.0
20230411:1511,96.24,25.58,6.24,3.31,0.0
20230411:1611,87.0,18.37,6.03,3.24,0.0
20230411:1711,18.89,10.69,5.73,2.9,0.0
20230411:1811,1.66,2.95,5.41,2.83,0.0
20230411:1911,0.0,0.0,4.91,2.0,0.0
20230411:2011,0.0,0.0,4.8,2.41,0.0
20230411:2111,0.0,0.0,4.83,2.97,0.0
20230411:2211,0.0,0.0,4.85,3.52,0.0
20230411:2311,0.0,0.0,4.84,4.28,0.0
20230412:0011,0.0,0.0,4.78,5.31,0.0
20230412:0111,0.0,0.0,4.66,6.21,0.0
20230412:0211,0.0,0.0,4.58,6.97,0.0
20230412:0311,0.0,0.0,4.26,7.66,0.0
20230412:0411,0.0,0.0,4.02,8.07,0.0
20230412:0511,4.16,3.92,3.91,8.28,0.0
20230412:0611,85.89,11.66,4.03,8.55,0.0
20230412:0711,154.02,19.33,4.5,10.69,0.0
20230412:0811,252.04,26.49,5.04,11.24,0.0
20230412:0911,190.04,32.65,5.36,11.45,0.0
20230412:1011,201.29,37.23,5.42,11.79,0.0
20230412:1111,187.94,39.65,5.1,11.52,0.0
20230412:1211,206.87,39.53,4.95,10.62,0.0
20230412:1311,206.9,36.89,5.06,10.14,0.0
20230412:1411,181.59,32.15,5.25,9.59,0.0
20230412:1511,147.14,25.87,5.24,9.1,0.0
20230412:1611,85.17,18.65,5.08,9.03,0.0
20230412:1711,49.71,10.96,4.77,8.97,0.0
20230412:1811,2.49,3.23,4.5,8.97,0.0
20230412:1911,0.0,0.0,4.33,8.69,0.0
20230412:2011,0.0,0.0,4.58,8.34,0.0
20230412:2111,0.0,0.0,4.82,8.07,0.0
20230412:2211,0.0,0.0,4.95,7.52,0.0
20230412:2311,0.0,0.0,5.04,6.97,0.0
20230413:0011,0.0,0.0,5.03,6.62,0.0
20230413:0111,0.0,0.0,4.96,6.21,0.0
20230413:0211,0.0,0.0,5.02,5.59,0.0
20230413:0311,0.0,0.0,4.95,5.03,0.0
20230413:0411,0.0,0.0,4.97,5.1,0.0
20230413:0511,12.47,4.27,4.96,5.03,0.0
20230413:0611,17.99,12.01,4.97,4.76,0.0
20230413:0711,26.08,19.67,5.21,3.03,0.0
20230413:0811,61.16,26.84,5.49,2.83,0.0
20230413:0911,157.23,33.01,5.46,3.38,0.0
20230413:1011,120.52,37.6,5.77,3.93,0.0
20230413:1111,213.07,40.01,5.93,5.03,0.0
20230413:1211,519.65,39.88,6.08,6.21,0.0
20230413:1311,949.88,37.23,6.88,6.55,0.0
20230413:1411,787.15,32.46,7.0,6.62,0.0
20230413:1511,419.45,26.16,7.28,6.21,0.0
20230413:1611,190.39,18.93,7.01,5.45,0.0
20230413:1711,11.69,11.24,6.45,5.86,0.0
20230413:1811,12.47,3.51,5.56,6.97,0.0
20230413:1911,0.0,0.0,5.13,6.62,0.0
20230413:2011,0.0,0.0,4.93,7.03,0.0
20230413:2111,0.0,0.0,5.01,7.45,0.0
20230413:2211,0.0,0.0,5.2,8.14,0.0
20230413:2311,0.0,0.0,5.27,8.69,0.0
20230414:0011,0.0,0.0,5.17,9.03,0.0
20230414:0111,0.0,0.0,5.18,8.9,0.0
20230414:0211,0.0,0.0,5.24,8.83,0.0
20230414:0311,0.0,0.0,5.27,8.69,0.0
20230414:0411,0.0,0.0,5.26,8.55,0.0
20230414:0511,8.31,4.61,5.25,8.55,0.0
20230414:0611,96.84,12.35,5.17,8.69,0.0
20230414:0711,114.78,20.02,5.65,8.48,0.0
20230414:0811,141.5,27.19,6.05,8.55,0.0
20230414:0911,180.29,33.37,6.53,8.55,0.0
20230414:1011,690.19,37.96,6.7,8.55,0.0
20230414:1111,658.17,40.38,7.11,8.48,0.0
20230414:1211,623.26,40.24,7.29,7.93,0.0
20230414:1311,882.74,37.56,7.96,7.24,0.0
20230414:1411,815.42,32.77,8.36,6.48,0.0
20230414:1511,622.23,26.45,8.33,5.79,0.0
20230414:1611,214.06,19.2,8.19,5.1,0.0
20230414:1711,55.06,11.51,7.93,4.34,0.0
20230414:1811,4.16,3.79,7.44,4.14,0.0
20230414:1911,0.0,0.0,6.82,4.21,0.0
20230414:2011,0.0,0.0,6.24,4.07,0.0
20230414:2111,0.0,0.0,5.73,3.93,0.0
20230414:2211,0.0,0.0,5.18,3.52,0.0
20230414:2311,0.0,0.0,4.68,2.97,0.0
20230415:0011,0.0,0.0,4.17,2.21,0.0
20230415:0111,0.0,0.0,3.63,1.59,0.0
20230415:0211,0.0,0.0,2.95,1.03,0.0
20230415:0311,0.0,0.0,2.52,0.97,0.0
20230415:0411,0.0,0.0,1.92,1.31,0.0
20230415:0511,19.12,4.95,2.39,1.72,0.0
20230415:0611,102.84,12.69,3.23,2.0,0.0
20230415:0711,200.9,20.36,5.17,2.97,0.0
20230415:0811,156.18,27.54,6.22,3.31,0.0
20230415:0911,207.56,33.73,6.92,3.45,0.0
20230415:1011,445.65,38.33,7.37,3.38,0.0
20230415:1111,246.17,40.74,7.82,2.97,0.0
20230415:1211,187.92,40.59,8.08,2.48,0.0
20230415:1311,247.25,37.89,8.05,2.28,0.0
20230415:1411,93.54,33.07,7.68,2.41,0.0
20230415:1511,343.68,26.74,7.49,2.41,0.0
20230415:1611,219.31,19.48,7.21,2.48,0.0
20230415:1711,100.85,11.78,7.03,2.41,0.0
20230415:1811,9.14,4.06,6.81,2.34,0.0
20230415:1911,0.0,0.0,6.34,2.34,0.0
20230415:2011,0.0,0.0,5.96,2.07,0.0
20230415:2111,0.0,0.0,5.6,1.93,0.0
20230415:2211,0.0,0.0,5.4,1.72,0.0
20230415:2311,0.0,0.0,5.21,1.59,0.0
20230416:0011,0.0,0.0,5.01,1.66,0.0
20230416:0111,0.0,0.0,4.95,1.72,0.0
20230416:0211,0.0,0.0,4.85,1.72,0.0
20230416:0311,0.0,0.0,4.78,1.66,0.0
20230416:0411,0.0,0.0,4.68,1.72,0.0
20230416:0511,23.28,5.29,4.65,1.72,0.0
20230416:0611,136.93,13.03,4.95,1.52,0.0
20230416:0711,302.65,20.7,5.75,1.72,0.0
20230416:0811,506.1,27.89,6.47,1.66,0.0
20230416:0911,421.53,34.08,7.24,1.45,0.0
20230416:1011,626.65,38.69,7.65,1.45,0.0
20230416:1111,388.12,41.1,7.83,1.66,0.0
20230416:1211,264.27,40.94,7.79,1.79,0.0
20230416:1311,505.84,38.22,7.57,1.93,0.0
20230416:1411,134.92,33.38,7.41,1.93,0.0
20230416:1511,275.68,27.03,7.26,1.72,0.0
20230416:1611,173.28,19.75,7.2,1.38,0.0
20230416:1711,83.5,12.05,7.02,1.24,0.0
20230416:1811,4.99,4.33,6.58,0.9,0.0
20230416:1911,0.0,0.0,6.67,0.83,0.0
20230416:2011,0.0,0.0,6.01,0.97,0.0
20230416:2111,0.0,0.0,5.48,1.17,0.0
20230416:2211,0.0,0.0,5.6,1.38,0.0
20230416:2311,0.0,0.0,5.36,1.66,0.0
20230417:0011,0.0,0.0,5.21,2.0,0.0
20230417:0111,0.0,0.0,4.86,2.21,0.0
20230417:0211,0.0,0.0,4.62,2.21,0.0
20230417:0311,0.0,0.0,4.52,2.07,0.0
20230417:0411,0.0,0.0,4.3,2.0,0.0
20230417:0511,24.94,5.62,4.28,2.0,0.0
20230417:0611,131.16,13.36,5.04,1.86,0.0
20230417:0711,371.78,21.04,6.16,0.97,0.0
20230417:0811,604.92,28.23,7.86,0.14,0.0
20230417:0911,804.26,34.43,8.67,1.31,0.0
20230417:1011,931.0,39.04,9.19,1.93,0.0
20230417:1111,1048.79,41.46,9.13,2.41,0.0
20230417:1211,1054.1,41.28,8.99,2.62,0.0
20230417:1311,981.09,38.54,9.07,2.83,0.0
20230417:1411,827.84,33.68,9.07,3.17,0.0
20230417:1511,586.0,27.31,9.01,3.45,0.0
20230417:1611,370.8,20.03,8.88,3.52,0.0
20230417:1711,167.62,12.32,8.62,3.1,0.0
20230417:1811,14.13,4.61,8.21,2.9,0.0
20230417:1911,0.0,0.0,7.85,2.97,0.0
20230417:2011,0.0,0.0,7.64,3.1,0.0
20230417:2111,0.0,0.0,7.39,3.1,0.0
20230417:2211,0.0,0.0,6.75,3.1,0.0
20230417:2311,0.0,0.0,6.14,2.9,0.0
20230418:0011,0.0,0.0,5.62,2.69,0.0
20230418:0111,0.0,0.0,5.21,2.55,0.0
20230418:0211,0.0,0.0,4.91,2.55,0.0
20230418:0311,0.0,0.0,4.84,2.55,0.0
20230418:0411,0.0,0.0,4.77,2.48,0.0
20230418:0511,30.76,5.95,4.91,2.28,0.0
20230418:0611,140.27,13.69,5.43,2.0,0.0
20230418:0711,344.51,21.37,6.85,2.07,0.0
20230418:0811,579.67,28.57,8.94,1.79,0.0
20230418:0911,789.26,34.78,10.22,1.31,0.0
20230418:1011,959.76,39.4,10.93,0.76,0.0
20230418:1111,973.35,41.81,11.24,1.24,0.0
20230418:1211,1047.15,41.62,11.29,2.07,0.0
20230418:1311,967.22,38.86,10.85,3.31,0.0
20230418:1411,797.55,33.98,10.44,4.07,0.0
20230418:1511,615.07,27.59,10.26,4.28,0.0
20230418:1611,386.96,20.3,9.95,4.28,0.0
20230418:1711,165.29,12.58,9.6,4.21,0.0
20230418:1811,14.96,4.88,9.2,4.14,0.0
20230418:1911,0.0,0.0,8.81,3.79,0.0
20230418:2011,0.0,0.0,8.36,3.86,0.0
20230418:2111,0.0,0.0,7.26,3.45,0.0
20230418:2211,0.0,0.0,6.52,3.1,0.0
20230418:2311,0.0,0.0,6.02,2.97,0.0
20230419:0011,0.0,0.0,5.52,2.9,0.0
20230419:0111,0.0,0.0,5.14,2.76,0.0
20230419:0211,0.0,0.0,4.9,2.62,0.0
20230419:0311,0.0,0.0,4.67,2.55,0.0
20230419:0411,0.0,0.0,4.52,2.48,0.0
20230419:0511,27.43,6.28,4.58,2.34,0.0
20230419:0611,145.89,14.01,5.53,2.14,0.0
20230419:0711,379.54,21.7,7.4,2.21,0.0
20230419:0811,613.77,28.9,9.51,1.79,0.0
20230419:0911,809.66,35.12,10.8,1.45,0.0
20230419:1011,969.69,39.75,11.39,1.59,0.0
20230419:1111,1046.96,42.16,11.52,2.48,0.0
20230419:1211,1055.84,41.96,11.48,3.31,0.0
20230419:1311,966.55,39.18,11.46,4.21,0.0
20230419:1411,835.34,34.28,11.35,4.83,0.0
20230419:1511,637.78,27.87,11.23,5.31,0.0
20230419:1611,405.83,20.56,10.98,5.52,0.0
20230419:1711,173.75,12.85,10.52,5.38,0.0
20230419:1811,22.44,5.14,9.84,5.17,0.0
20230419:1911,0.0,0.0,9.43,4.83,0.0
20230419:2011,0.0,0.0,8.52,3.93,0.0
20230419:2111,0.0,0.0,7.52,3.1,0.0
20230419:2211,0.0,0.0,6.71,2.48,0.0
20230419:2311,0.0,0.0,6.08,2.21,0.0
20230420:0011,0.0,0.0,5.59,2.0,0.0
20230420:0111,0.0,0.0,5.27,1.72,0.0
20230420:0211,0.0,0.0,5.13,1.66,0.0
20230420:0311,0.0,0.0,5.06,1.59,0.0
20230420:0411,0.0,0.0,4.92,1.66,0.0
20230420:0511,29.1,6.61,4.97,1.66,0.0
20230420:0611,149.9,14.33,5.97,1.59,0.0
20230420:0711,381.0,22.02,7.8,1.93,0.0
20230420:0811,615.97,29.23,9.84,1.79,0.0
20230420:0911,806.55,35.46,11.12,1.86,0.0
20230420:1011,966.45,40.1,11.8,1.79,0.0
20230420:1111,1046.94,42.51,12.21,1.79,0.0
20230420:1211,1045.03,42.3,12.39,2.0,0.0
20230420:1311,966.62,39.5,12.21,2.62,0.0
20230420:1411,830.25,34.57,11.63,3.03,0.0
20230420:1511,638.43,28.15,10.9,3.24,0.0
20230420:1611,406.78,20.83,10.25,3.1,0.0
20230420:1711,172.54,13.11,9.45,2.83,0.0
20230420:1811,24.11,5.41,8.53,2.34,0.0
20230420:1911,0.0,0.0,7.91,2.14,0.0
20230420:2011,0.0,0.0,7.43,1.79,0.0
20230420:2111,0.0,0.0,7.06,1.52,0.0
20230420:2211,0.0,0.0,6.42,1.52,0.0
20230420:2311,0.0,0.0,5.65,1.59,0.0
20230421:0011,0.0,0.0,5.26,1.72,0.0
20230421:0111,0.0,0.0,4.95,1.93,0.0
20230421:0211,0.0,0.0,4.6,2.0,0.0
20230421:0311,0.0,0.0,4.25,2.0,0.0
20230421:0411,0.0,0.0,3.89,1.86,0.0
20230421:0511,30.76,6.92,4.04,1.66,0.0
20230421:0611,154.12,14.65,5.28,1.31,0.0
20230421:0711,383.47,22.34,7.99,1.1,0.0
20230421:0811,612.25,29.56,10.12,0.9,0.0
20230421:0911,808.4,35.8,11.18,1.03,0.0
20230421:1011,961.1,40.44,11.7,1.38,0.0
20230421:1111,1047.97,42.86,11.97,1.72,0.0
20230421:1211,1051.65,42.63,12.09,2.14,0.0
20230421:1311,966.32,39.81,12.04,2.69,0.0
20230421:1411,830.08,34.86,11.81,3.17,0.0
20230421:1511,638.12,28.42,11.54,3.31,0.0
20230421:1611,406.46,21.09,11.23,3.17,0.0
20230421:1711,177.86,13.37,10.81,2.83,0.0
20230421:1811,24.94,5.67,10.15,2.76,0.0
20230421:1911,0.0,0.0,10.18,3.31,0.0
20230421:2011,0.0,0.0,9.5,3.17,0.0
20230421:2111,0.0,0.0,8.9,2.9,0.0
20230421:2211,0.0,0.0,8.09,2.48,0.0
20230421:2311,0.0,0.0,6.98,2.21,0.0
20230422:0011,0.0,0.0,6.29,2.07,0.0
20230422:0111,0.0,0.0,5.97,2.14,0.0
20230422:0211,0.0,0.0,5.94,2.28,0.0
20230422:0311,0.0,0.0,6.03,2.41,0.0
20230422:0411,0.0,0.0,5.94,2.41,0.0
20230422:0511,32.42,7.24,6.08,2.34,0.0
20230422:0611,158.06,14.97,7.32,2.21,0.0
20230422:0711,385.11,22.66,8.61,2.14,0.0
20230422:0811,613.27,29.88,10.57,1.93,0.0
20230422:0911,813.84,36.13,11.96,2.0,0.0
20230422:1011,954.72,40.78,12.88,1.86,0.0
20230422:1111,1046.74,43.2,13.41,1.79,0.0
20230422:1211,1044.59,42.96,13.55,1.72,0.0
20230422:1311,947.06,40.12,13.48,1.66,0.0
20230422:1411,224.51,35.15,13.24,1.66,0.0
20230422:1511,85.45,28.7,12.86,1.52,0.0
20230422:1611,80.05,21.36,12.1,1.52,0.0
20230422:1711,40.47,13.63,10.56,1.03,0.0
20230422:1811,11.64,5.94,9.91,1.24,0.0
20230422:1911,0.0,0.0,10.13,2.0,0.0
20230422:2011,0.0,0.0,9.16,2.14,0.0
20230422:2111,0.0,0.0,8.81,2.9,0.0
20230422:2211,0.0,0.0,8.71,3.17,0.0
20230422:2311,0.0,0.0,8.55,2.69,0.0
20230423:0011,0.0,0.0,8.28,2.14,0.0
20230423:0111,0.0,0.0,7.55,2.0,0.0
20230423:0211,0.0,0.0,6.94,2.07,0.0
20230423:0311,0.0,0.0,6.86,1.45,0.0
20230423:0411,0.0,0.0,6.71,1.72,0.0
20230423:0511,8.31,7.55,6.55,2.48,0.0
20230423:0611,113.49,15.28,6.78,2.62,0.0
20230423:0711,264.89,22.97,6.91,3.1,0.0
20230423:0811,171.1,30.2,7.11,3.24,0.0
20230423:0911,197.08,36.46,7.68,3.31,0.0
20230423:1011,165.5,41.12,8.02,3.1,0.0
20230423:1111,181.69,43.53,8.73,3.59,0.0
20230423:1211,238.66,43.29,9.12,4.14,0.0
20230423:1311,93.54,40.43,9.14,5.1,0.0
20230423:1411,241.74,35.44,8.75,5.38,0.0
20230423:1511,179.03,28.97,8.53,5.17,0.0
20230423:1611,299.45,21.62,8.41,5.1,0.0
20230423:1711,76.55,13.89,8.17,4.69,0.0
20230423:1811,29.93,6.2,7.8,4.07,0.0
20230423:1911,0.0,0.0,7.44,3.93,0.0
20230423:2011,0.0,0.0,7.24,3.52,0.0
20230423:2111,0.0,0.0,7.05,3.17,0.0
20230423:2211,0.0,0.0,6.93,2.76,0.0
20230423:2311,0.0,0.0,6.75,2.28,0.0
20230424:0011,0.0,0.0,6.93,1.72,0.0
20230424:0111,0.0,0.0,6.7,1.17,0.0
20230424:0211,0.0,0.0,6.46,0.41,0.0
20230424:0311,0.0,0.0,6.2,0.41,0.0
20230424:0411,0.0,0.0,5.97,1.31,0.0
20230424:0511,42.4,7.86,5.98,2.07,0.0
20230424:0611,79.55,15.58,6.45,2.55,0.0
20230424:0711,371.32,23.28,6.77,0.97,0.0
20230424:0811,272.25,30.52,7.3,1.79,0.0
20230424:0911,315.71,36.78,8.04,2.9,0.0
20230424:1011,167.3,41.45,8.01,4.34,0.0
20230424:1111,179.89,43.87,8.11,5.66,0.0
20230424:1211,204.02,43.61,7.98,6.55,0.0
20230424:1311,444.27,40.74,7.84,7.17,0.0
20230424:1411,394.02,35.72,7.4,7.79,0.0
20230424:1511,320.51,29.23,7.07,8.07,0.0
20230424:1611,250.97,21.87,6.67,8.62,0.0
20230424:1711,97.32,14.14,6.16,9.24,0.0
20230424:1811,21.61,6.46,5.6,9.72,0.0
20230424:1911,0.0,0.0,5.27,9.17,0.0
20230424:2011,0.0,0.0,4.96,9.52,0.0
20230424:2111,0.0,0.0,4.67,9.72,0.0
20230424:2211,0.0,0.0,4.49,10.0,0.0
20230424:2311,0.0,0.0,4.34,10.28,0.0
20230425:0011,0.0,0.0,4.19,10.34,0.0
20230425:0111,0.0,0.0,4.02,10.55,0.0
20230425:0211,0.0,0.0,3.98,10.69,0.0
20230425:0311,0.0,0.0,3.93,10.76,0.0
20230425:0411,0.0,0.0,3.87,10.83,0.0
20230425:0511,16.63,8.16,3.9,11.31,0.0
20230425:0611,93.16,15.88,4.09,11.93,0.0
20230425:0711,299.23,23.58,4.18,11.38,0.0
20230425:0811,393.11,30.83,4.36,11.45,0.0
20230425:0911,639.23,37.1,4.64,11.59,0.0
20230425:1011,754.47,41.78,4.82,11.72,0.0
20230425:1111,1001.74,44.2,5.1,11.79,0.0
20230425:1211,946.44,43.93,5.29,12.0,0.0
20230425:1311,926.4,41.04,5.29,12.0,0.0
20230425:1411,735.09,36.01,5.25,12.21,0.0
20230425:1511,514.13,29.5,5.08,11.93,0.0
20230425:1611,350.46,22.13,4.88,11.66,0.0
20230425:1711,142.19,14.4,4.58,11.52,0.0
20230425:1811,34.08,6.71,4.32,10.97,0.0
20230425:1911,0.0,0.0,3.86,10.21,0.0
20230425:2011,0.0,0.0,3.68,9.93,0.0
20230425:2111,0.0,0.0,3.61,9.66,0.0
20230425:2211,0.0,0.0,3.48,9.52,0.0
20230425:2311,0.0,0.0,3.36,9.17,0.0
20230426:0011,0.0,0.0,3.31,8.97,0.0
20230426:0111,0.0,0.0,3.09,8.76,0.0
20230426:0211,0.0,0.0,2.87,8.62,0.0
20230426:0311,0.0,0.0,2.6,8.55,0.0
20230426:0411,0.0,0.0,2.42,8.14,0.0
20230426:0511,41.56,8.46,2.39,7.93,0.0
20230426:0611,171.07,16.18,2.56,7.79,0.0
20230426:0711,395.9,23.88,3.19,7.72,0.0
20230426:0811,512.54,31.13,3.6,7.72,0.0
20230426:0911,713.42,37.42,3.97,7.66,0.0
20230426:1011,737.64,42.1,4.18,7.45,0.0
20230426:1111,793.42,44.52,4.3,7.38,0.0
20230426:1211,1048.97,44.25,4.47,7.24,0.0
20230426:1311,617.44,41.34,4.53,7.24,0.0
20230426:1411,169.09,36.28,4.34,7.31,0.0
20230426:1511,558.23,29.76,4.34,7.24,0.0
20230426:1611,238.44,22.38,4.11,7.24,0.0
20230426:1711,190.19,14.65,3.86,7.31,0.0
20230426:1811,24.94,6.97,3.59,7.1,0.0
20230426:1911,0.0,0.0,3.32,6.48,0.0
20230426:2011,0.0,0.0,3.13,6.69,0.0
20230426:2111,0.0,0.0,3.09,6.76,0.0
20230426:2211,0.0,0.0,3.13,6.48,0.0
20230426:2311,0.0,0.0,3.11,6.34,0.0
20230427:0011,0.0,0.0,3.16,6.62,0.0
20230427:0111,0.0,0.0,3.07,6.76,0.0
20230427:0211,0.0,0.0,3.1,6.97,0.0
20230427:0311,0.0,0.0,3.08,7.1,0.0
20230427:0411,0.0,0.0,3.11,7.1,0.0
20230427:0511,36.58,8.76,3.25,6.97,0.0
20230427:0611,138.56,16.47,3.61,7.1,0.0
20230427:0711,332.56,24.18,3.79,6.83,0.0
20230427:0811,274.45,31.43,4.26,6.97,0.0
20230427:0911,717.92,37.73,4.73,6.83,0.0
20230427:1011,582.61,42.42,5.12,6.76,0.0
20230427:1111,623.96,44.85,5.38,6.69,0.0
20230427:1211,860.1,44.56,5.51,6.62,0.0
20230427:1311,886.37,41.63,5.57,6.83,0.0
20230427:1411,630.87,36.56,5.56,6.55,0.0
20230427:1511,479.7,30.02,5.58,6.28,0.0
20230427:1611,423.18,22.63,5.47,5.93,0.0
20230427:1711,184.16,14.9,5.2,5.72,0.0
20230427:1811,32.42,7.22,4.81,5.24,0.0
20230427:1911,0.0,0.0,4.11,4.21,0.0
20230427:2011,0.0,0.0,3.69,3.66,0.0
20230427:2111,0.0,0.0,3.38,3.17,0.0
20230427:2211,0.0,0.0,3.19,2.76,0.0
20230427:2311,0.0,0.0,3.07,2.41,0.0
20230428:0011,0.0,0.0,2.96,2.14,0.0
20230428:0111,0.0,0.0,2.9,1.93,0.0
20230428:0211,0.0,0.0,2.8,1.86,0.0
20230428:0311,0.0,0.0,2.75,1.72,0.0
20230428:0411,0.83,1.7,2.61,1.59,0.0
20230428:0511,8.31,9.05,2.53,1.24,0.0
20230428:0611,63.86,16.76,3.21,0.55,0.0
20230428:0711,155.54,24.47,4.04,1.31,0.0
20230428:0811,273.09,31.73,4.76,1.52,0.0
20230428:0911,333.62,38.04,5.28,1.66,0.0
20230428:1011,445.46,42.74,5.59,1.72,0.0
20230428:1111,497.92,45.16,5.74,1.79,0.0
20230428:1211,364.48,44.87,5.78,2.21,0.0
20230428:1311,374.46,41.93,5.51,2.69,0.0
20230428:1411,167.3,36.83,5.56,3.17,0.0
20230428:1511,193.28,30.28,5.78,3.52,0.0
20230428:1611,179.42,22.88,5.75,3.72,0.0
20230428:1711,142.06,15.14,5.57,3.86,0.0
20230428:1811,31.59,7.47,5.34,4.0,0.0
20230428:1911,0.0,0.0,5.1,4.41,0.0
20230428:2011,0.0,0.0,4.78,4.76,0.0
20230428:2111,0.0,0.0,4.66,5.17,0.0
20230428:2211,0.0,0.0,4.67,5.66,0.0
20230428:2311,0.0,0.0,4.93,6.28,0.0
20230429:0011,0.0,0.0,5.14,6.48,0.0
20230429:0111,0.0,0.0,5.26,5.79,0.0
20230429:0211,0.0,0.0,5.01,6.55,0.0
20230429:0311,0.0,0.0,4.32,7.66,0.0
20230429:0411,0.83,1.99,3.69,7.38,0.0
20230429:0511,36.58,9.33,3.28,7.38,0.0
20230429:0611,126.43,17.04,3.51,7.38,0.0
20230429:0711,384.91,24.75,3.95,7.93,0.0
20230429:0811,446.24,32.02,4.25,8.0,0.0
20230429:0911,525.99,38.34,4.44,8.0,0.0
20230429:1011,450.0,43.05,4.76,8.14,0.0
20230429:1111,786.51,45.48,5.19,8.28,0.0
20230429:1211,748.37,45.18,5.4,8.34,0.0
20230429:1311,912.45,42.21,5.42,8.55,0.0
20230429:1411,545.78,37.1,5.4,8.55,0.0
20230429:1511,270.45,30.53,5.17,8.48,0.0
20230429:1611,409.2,23.13,4.85,8.28,0.0
20230429:1711,171.54,15.39,4.61,8.0,0.0
20230429:1811,33.25,7.72,4.25,7.59,0.0
20230429:1911,0.0,0.0,3.94,7.38,0.0
20230429:2011,0.0,0.0,3.72,7.31,0.0
20230429:2111,0.0,0.0,3.49,7.1,0.0
20230429:2211,0.0,0.0,3.39,7.03,0.0
20230429:2311,0.0,0.0,3.23,6.83,0.0
20230430:0011,0.0,0.0,3.16,6.83,0.0
20230430:0111,0.0,0.0,2.98,6.62,0.0
20230430:0211,0.0,0.0,3.01,6.34,0.0
20230430:0311,0.0,0.0,3.04,6.07,0.0
20230430:0411,0.83,2.27,3.1,5.86,0.0
20230430:0511,31.59,9.61,3.38,5.52,0.0
20230430:0611,102.05,17.32,3.67,5.24,0.0
20230430:0711,290.53,25.03,4.12,5.17,0.0
20230430:0811,279.62,32.31,4.44,4.69,0.0
20230430:0911,693.26,38.64,4.91,4.28,0.0
20230430:1011,740.28,43.36,5.14,3.86,0.0
20230430:1111,826.27,45.79,5.36,3.72,0.0
20230430:1211,909.81,45.48,5.58,3.66,0.0
20230430:1311,747.36,42.5,5.59,3.45,0.0
20230430:1411,433.99,37.37,5.55,3.03,0.0
20230430:1511,320.89,30.79,5.41,2.48,0.0
20230430:1611,138.51,23.37,4.98,1.59,0.0
20230430:1711,122.7,15.63,4.8,0.9,0.0
20230430:1811,14.13,7.97,4.58,1.03,0.0
20230430:1911,0.0,0.0,3.89,2.34,0.0
20230430:2011,0.0,0.0,3.21,3.31,0.0
20230430:2111,0.0,0.0,2.88,4.69,0.0
20230430:2211,0.0,0.0,2.94,5.66,0.0
20230430:2311,0.0,0.0,3.19,6.21,0.0
20230501:0011,0.0,0.0,3.74,6.41,0.0
20230501:0111,0.0,0.0,3.69,6.48,0.0
20230501:0211,0.0,0.0,4.33,5.72,0.0
20230501:0311,0.0,0.0,4.84,5.17,0.0
20230501:0411,1.66,2.56,5.19,4.62,0.0
20230501:0511,9.14,9.89,5.46,3.59,0.0
20230501:0611,24.28,17.6,5.71,2.69,0.0
20230501:0711,100.74,25.31,6.29,2.83,0.0
20230501:0811,156.01,32.59,6.66,3.17,0.0
20230501:0911,99.84,38.93,6.55,3.72,0.0
20230501:1011,87.25,43.66,6.61,5.03,0.0
20230501:1111,109.73,46.09,6.46,6.21,0.0
20230501:1211,380.45,45.78,6.54,7.1,0.0
20230501:1311,522.43,42.78,6.38,8.21,0.0
20230501:1411,451.54,37.63,6.01,8.97,0.0
20230501:1511,468.21,31.04,5.81,9.66,0.0
20230501:1611,413.02,23.61,5.42,9.93,0.0
20230501:1711,195.49,15.87,4.84,10.14,0.0
20230501:1811,44.06,8.21,4.35,10.14,0.0
20230501:1911,0.0,0.0,4.08,9.59,0.0
20230501:2011,0.0,0.0,3.86,9.31,0.0
20230501:2111,0.0,0.0,3.8,9.03,0.0
20230501:2211,0.0,0.0,3.77,8.9,0.0
20230501:2311,0.0,0.0,3.68,8.48,0.0
20230502:0011,0.0,0.0,3.6,8.28,0.0
20230502:0111,0.0,0.0,3.36,7.66,0.0
20230502:0211,0.0,0.0,3.33,6.97,0.0
20230502:0311,0.0,0.0,3.27,6.34,0.0
20230502:0411,3.33,2.83,3.34,5.86,0.0
20230502:0511,49.88,10.16,3.49,5.45,0.0
20230502:0611,175.59,17.87,4.0,5.1,0.0
20230502:0711,0.0,0.0,5.06,5.59,0.0
20230502:0811,453.44,32.87,5.73,6.0,0.0
20230502:0911,652.15,39.22,6.13,6.0,0.0
20230502:1011,700.29,43.96,6.2,6.21,0.0
20230502:1111,563.83,46.4,6.47,6.62,0.0
20230502:1211,789.33,46.08,6.59,6.83,0.0
20230502:1311,936.41,43.06,6.62,7.24,0.0
20230502:1411,802.93,37.89,6.64,7.52,0.0
20230502:1511,591.03,31.28,6.54,7.52,0.0
20230502:1611,399.07,23.85,6.26,7.31,0.0
20230502:1711,204.61,16.11,5.99,6.97,0.0
20230502:1811,35.75,8.45,5.71,6.55,0.0
20230502:1911,0.0,0.0,5.6,5.52,0.0
20230502:2011,0.0,0.0,5.22,5.1,0.0
20230502:2111,0.0,0.0,4.95,5.03,0.0
20230502:2211,0.0,0.0,4.79,4.97,0.0
20230502:2311,0.0,0.0,4.69,4.83,0.0
20230503:0011,0.0,0.0,4.65,4.9,0.0
20230503:0111,0.0,0.0,4.65,4.9,0.0
20230503:0211,0.0,0.0,4.61,4.83,0.0
20230503:0311,0.0,0.0,4.47,4.55,0.0
20230503:0411,2.49,3.11,4.39,4.55,0.0
20230503:0511,56.53,10.43,4.59,4.48,0.0
20230503:0611,162.03,18.13,4.99,4.55,0.0
20230503:0711,262.88,25.85,5.48,4.34,0.0
20230503:0811,208.85,33.15,6.17,4.55,0.0
20230503:0911,360.75,39.5,6.83,4.69,0.0
20230503:1011,307.36,44.25,7.18,4.9,0.0
20230503:1111,613.02,46.69,7.53,5.31,0.0
20230503:1211,612.44,46.37,7.64,5.93,0.0
20230503:1311,812.7,43.34,7.48,6.48,0.0
20230503:1411,801.02,38.15,7.31,6.55,0.0
20230503:1511,663.86,31.53,7.14,6.41,0.0
20230503:1611,424.38,24.09,7.0,6.48,0.0
20230503:1711,201.26,16.34,6.82,6.41,0.0
20230503:1811,36.58,8.69,6.48,6.07,0.0
20230503:1911,0.0,0.0,6.09,5.45,0.0
20230503:2011,0.0,0.0,5.55,5.17,0.0
20230503:2111,0.0,0.0,5.13,5.1,0.0
20230503:2211,0.0,0.0,4.78,4.97,0.0
20230503:2311,0.0,0.0,4.53,4.69,0.0
20230504:0011,0.0,0.0,4.42,4.41,0.0
20230504:0111,0.0,0.0,4.23,4.21,0.0
20230504:0211,0.0,0.0,4.11,4.07,0.0
20230504:0311,0.0,0.0,3.99,3.72,0.0
20230504:0411,9.14,3.37,3.94,3.17,0.0
20230504:0511,46.55,10.69,4.19,2.62,0.0
20230504:0611,197.31,18.39,5.09,2.07,0.0
20230504:0711,334.23,26.11,6.35,1.93,0.0
20230504:0811,604.78,33.41,7.39,1.72,0.0
20230504:0911,775.94,39.78,8.33,1.45,0.0
20230504:1011,612.25,44.54,8.98,1.03,0.0
20230504:1111,383.49,46.99,9.24,0.48,0.0
20230504:1211,602.74,46.65,9.09,0.21,0.0
20230504:1311,717.86,43.61,9.24,0.28,0.0
20230504:1411,643.35,38.41,9.5,0.48,0.0
20230504:1511,549.6,31.77,9.37,0.83,0.0
20230504:1611,366.38,24.32,9.34,0.97,0.0
20230504:1711,168.89,16.57,9.02,0.97,0.0
20230504:1811,39.07,8.93,8.48,0.83,0.0
20230504:1911,0.83,1.76,7.81,1.17,0.0
20230504:2011,0.0,0.0,6.95,2.41,0.0
20230504:2111,0.0,0.0,6.39,3.66,0.0
20230504:2211,0.0,0.0,5.97,4.55,0.0
20230504:2311,0.0,0.0,5.56,4.76,0.0
20230505:0011,0.0,0.0,5.29,5.17,0.0
20230505:0111,0.0,0.0,5.15,5.52,0.0
20230505:0211,0.0,0.0,5.06,6.0,0.0
20230505:0311,0.0,0.0,5.06,6.48,0.0
20230505:0411,2.49,3.63,5.11,6.9,0.0
20230505:0511,27.43,10.94,5.34,7.31,0.0
20230505:0611,92.35,18.64,5.89,7.03,0.0
20230505:0711,322.36,26.36,6.77,6.9,0.0
20230505:0811,614.57,33.68,7.66,8.07,0.0
20230505:0911,824.56,40.05,8.58,8.41,0.0
20230505:1011,969.04,44.82,9.22,8.55,0.0
20230505:1111,1049.05,47.27,9.61,8.34,0.0
20230505:1211,1037.5,46.93,9.8,8.41,0.0
20230505:1311,996.3,43.87,9.85,8.48,0.0
20230505:1411,866.57,38.66,9.76,8.28,0.0
20230505:1511,657.35,32.01,9.62,7.93,0.0
20230505:1611,420.1,24.55,9.31,7.52,0.0
20230505:1711,178.51,16.8,8.78,7.31,0.0
20230505:1811,47.38,9.16,8.12,7.31,0.0
20230505:1911,0.83,2.0,7.54,7.17,0.0
20230505:2011,0.0,0.0,6.98,7.31,0.0
20230505:2111,0.0,0.0,6.63,7.45,0.0
20230505:2211,0.0,0.0,6.56,7.66,0.0
20230505:2311,0.0,0.0,6.65,7.86,0.0
20230506:0011,0.0,0.0,6.56,8.07,0.0
20230506:0111,0.0,0.0,6.47,8.21,0.0
20230506:0211,0.0,0.0,6.29,7.31,0.0
20230506:0311,0.0,0.0,6.07,7.1,0.0
20230506:0411,5.82,3.89,5.83,7.1,0.0
20230506:0511,64.84,11.2,5.77,7.1,0.0
20230506:0611,131.6,18.89,5.85,6.55,0.0
20230506:0711,292.76,26.61,6.5,6.9,0.0
20230506:0811,284.29,33.93,7.24,7.24,0.0
20230506:0911,441.6,40.32,8.05,7.24,0.0
20230506:1011,932.75,45.1,8.74,6.9,0.0
20230506:1111,1037.95,47.56,9.06,6.34,0.0
20230506:1211,1045.64,47.21,9.47,6.07,0.0
20230506:1311,984.97,44.14,9.86,5.72,0.0
20230506:1411,851.0,38.91,10.03,5.66,0.0
20230506:1511,652.8,32.24,9.95,5.79,0.0
20230506:1611,424.71,24.78,9.71,5.86,0.0
20230506:1711,203.7,17.03,9.39,6.0,0.0
20230506:1811,44.06,9.39,8.96,6.14,0.0
20230506:1911,1.66,2.24,8.53,6.0,0.0
20230506:2011,0.0,0.0,7.85,6.0,0.0
20230506:2111,0.0,0.0,7.36,6.14,0.0
20230506:2211,0.0,0.0,7.14,6.34,0.0
20230506:2311,0.0,0.0,7.12,6.55,0.0
20230507:0011,0.0,0.0,7.01,6.55,0.0
20230507:0111,0.0,0.0,6.84,6.62,0.0
20230507:0211,0.0,0.0,6.65,6.69,0.0
20230507:0311,0.0,0.0,6.41,6.83,0.0
20230507:0411,9.98,4.14,6.11,6.34,0.0
20230507:0511,52.37,11.44,6.15,6.28,0.0
20230507:0611,146.13,19.14,6.65,6.0,0.0
20230507:0711,299.31,26.86,7.82,6.97,0.0
20230507:0811,392.46,34.19,8.76,6.97,0.0
20230507:0911,796.08,40.58,9.66,7.1,0.0
20230507:1011,971.91,45.37,10.32,6.9,0.0
20230507:1111,1045.67,47.84,10.78,6.69,0.0
20230507:1211,1053.21,47.49,10.89,6.55,0.0
20230507:1311,901.98,44.4,10.76,6.69,0.0
20230507:1411,774.97,39.15,10.38,6.69,0.0
20230507:1511,586.25,32.47,10.27,6.76,0.0
20230507:1611,409.73,25.01,10.32,6.69,0.0
20230507:1711,198.84,17.25,10.23,6.34,0.0
20230507:1811,54.03,9.62,10.08,6.62,0.0
20230507:1911,0.83,2.47,10.02,6.28,0.0
20230507:2011,0.0,0.0,9.52,6.41,0.0
20230507:2111,0.0,0.0,9.2,6.69,0.0
20230507:2211,0.0,0.0,8.99,7.17,0.0
20230507:2311,0.0,0.0,8.89,7.38,0.0
20230508:0011,0.0,0.0,8.8,7.52,0.0
20230508:0111,0.0,0.0,8.81,7.72,0.0
20230508:0211,0.0,0.0,8.73,8.07,0.0
20230508:0311,0.0,0.0,8.61,8.0,0.0
20230508:0411,2.49,4.39,8.54,8.14,0.0
20230508:0511,30.76,11.68,8.66,8.28,0.0
20230508:0611,135.36,19.38,8.87,8.41,0.0
20230508:0711,201.12,27.1,9.22,8.34,0.0
20230508:0811,200.12,34.43,9.85,8.76,0.0
20230508:0911,655.95,40.84,10.41,9.1,0.0
20230508:1011,582.86,45.64,11.07,9.31,0.0
20230508:1111,669.81,48.11,11.42,9.31,0.0
20230508:1211,474.1,47.76,11.6,9.31,0.0
20230508:1311,368.91,44.65,11.38,9.31,0.0
20230508:1411,319.88,39.39,11.28,9.24,0.0
20230508:1511,329.33,32.7,11.28,9.03,0.0
20230508:1611,133.92,25.23,11.11,8.48,0.0
20230508:1711,56.66,17.48,11.11,8.34,0.0
20230508:1811,23.28,9.85,10.92,8.62,0.0
20230508:1911,1.66,2.71,10.57,8.41,0.0
20230508:2011,0.0,0.0,10.56,8.76,0.0
20230508:2111,0.0,0.0,10.62,8.76,0.0
20230508:2211,0.0,0.0,10.45,8.83,0.0
20230508:2311,0.0,0.0,10.02,8.76,0.0
20230509:0011,0.0,0.0,9.63,8.69,0.0
20230509:0111,0.0,0.0,9.6,8.48,0.0
20230509:0211,0.0,0.0,9.54,8.41,0.0
20230509:0311,0.0,0.0,9.5,8.41,0.0
20230509:0411,3.33,4.63,9.45,8.48,0.0
20230509:0511,27.43,11.92,9.34,8.55,0.0
20230509:0611,114.18,19.61,9.2,8.62,0.0
20230509:0711,194.21,27.33,9.38,8.41,0.0
20230509:0811,204.95,34.67,9.32,8.55,0.0
20230509:0911,350.02,41.09,9.18,8.69,0.0
20230509:1011,380.48,45.9,9.07,8.9,0.0
20230509:1111,459.82,48.38,8.97,9.17,0.0
20230509:1211,380.46,48.02,8.97,9.45,0.0
20230509:1311,229.42,44.91,8.91,9.38,0.0
20230509:1411,165.5,39.63,8.7,9.17,0.0
20230509:1511,104.33,32.93,8.75,9.03,0.0
20230509:1611,54.87,25.45,8.8,8.41,0.0
20230509:1711,43.17,17.69,8.95,8.0,0.0
20230509:1811,9.14,10.07,9.12,7.52,0.0
20230509:1911,1.66,2.94,9.19,6.48,0.0
20230509:2011,0.0,0.0,9.28,6.07,0.0
20230509:2111,0.0,0.0,9.38,5.79,0.0
20230509:2211,0.0,0.0,9.04,5.45,0.0
20230509:2311,0.0,0.0,9.06,5.38,0.0
20230510:0011,0.0,0.0,9.68,5.59,0.0
20230510:0111,0.0,0.0,8.74,6.0,0.0
20230510:0211,0.0,0.0,8.49,6.28,0.0
20230510:0311,0.0,0.0,8.7,6.21,0.0
20230510:0411,3.33,4.87,8.6,6.0,0.0
20230510:0511,11.64,12.15,8.03,6.0,0.0
20230510:0611,40.47,19.84,8.02,6.21,0.0
20230510:0711,62.96,27.56,7.83,6.0,0.0
20230510:0811,121.42,34.91,7.9,6.28,0.0
20230510:0911,153.8,41.33,8.06,6.34,0.0
20230510:1011,220.59,46.16,8.79,6.41,0.0
20230510:1111,270.64,48.64,9.58,6.28,0.0
20230510:1211,210.47,48.28,10.02,6.07,0.0
20230510:1311,211.97,45.15,10.36,5.72,0.0
20230510:1411,162.8,39.86,10.54,5.45,0.0
20230510:1511,89.94,33.15,9.55,5.03,0.0
20230510:1611,122.57,25.67,9.58,4.76,0.0
20230510:1711,68.36,17.91,9.53,4.55,0.0
20230510:1811,40.73,10.29,9.45,4.34,0.0
20230510:1911,7.48,3.17,10.07,3.52,0.0
20230510:2011,0.0,0.0,9.73,3.17,0.0
20230510:2111,0.0,0.0,9.44,2.9,0.0
20230510:2211,0.0,0.0,9.19,2.9,0.0
20230510:2311,0.0,0.0,8.97,2.9,0.0
20230511:0011,0.0,0.0,8.77,2.83,0.0
20230511:0111,0.0,0.0,8.64,2.62,0.0
20230511:0211,0.0,0.0,8.52,2.28,0.0
20230511:0311,0.0,0.0,8.47,1.93,0.0
20230511:0411,3.33,5.1,8.48,1.66,0.0
20230511:0511,19.12,12.37,8.59,1.38,0.0
20230511:0611,62.96,20.06,8.78,1.1,0.0
20230511:0711,170.05,27.79,8.88,1.31,0.0
20230511:0811,269.93,35.14,9.23,0.83,0.0
20230511:0911,333.11,41.57,9.56,0.34,0.0
20230511:1011,197.88,46.41,10.08,0.48,0.0
20230511:1111,237.76,48.9,10.34,1.24,0.0
20230511:1211,260.4,48.54,10.86,1.52,0.0
20230511:1311,367.44,45.4,10.73,2.34,0.0
20230511:1411,340.71,40.09,10.44,2.97,0.0
20230511:1511,220.13,33.37,10.08,3.1,0.0
20230511:1611,237.49,25.88,9.86,3.17,0.0
20230511:1711,118.78,18.12,9.83,3.17,0.0
20230511:1811,34.08,10.51,9.73,3.1,0.0
20230511:1911,2.49,3.39,8.91,3.03,0.0
20230511:2011,0.0,0.0,8.69,3.17,0.0
20230511:2111,0.0,0.0,8.6,3.17,0.0
20230511:2211,0.0,0.0,8.57,3.03,0.0
20230511:2311,0.0,0.0,8.47,2.9,0.0
20230512:0011,0.0,0.0,8.18,2.9,0.0
20230512:0111,0.0,0.0,7.81,2.83,0.0
20230512:0211,0.0,0.0,7.41,2.83,0.0
20230512:0311,0.0,0.0,7.13,2.97,0.0
20230512:0411,25.77,5.32,7.32,3.03,0.0
20230512:0511,60.68,12.59,7.99,3.03,0.0
20230512:0611,115.34,20.27,9.12,3.17,0.0
20230512:0711,245.42,28.01,9.67,3.1,0.0
20230512:0811,512.83,35.36,10.5,3.31,0.0
20230512:0911,821.17,41.81,10.97,3.79,0.0
20230512:1011,949.67,46.66,11.01,4.28,0.0
20230512:1111,1014.4,49.15,11.09,4.76,0.0
20230512:1211,1034.09,48.79,11.14,5.03,0.0
20230512:1311,997.38,45.64,11.31,5.38,0.0
20230512:1411,857.76,40.32,11.25,5.52,0.0
20230512:1511,643.01,33.59,10.98,5.45,0.0
20230512:1611,428.18,26.09,10.53,5.24,0.0
20230512:1711,211.44,18.33,9.95,5.03,0.0
20230512:1811,49.88,10.72,9.38,4.97,0.0
20230512:1911,8.31,3.61,8.81,4.83,0.0
20230512:2011,0.0,0.0,8.01,4.83,0.0
20230512:2111,0.0,0.0,7.52,4.69,0.0
20230512:2211,0.0,0.0,7.11,4.97,0.0
20230512:2311,0.0,0.0,6.88,4.9,0.0
20230513:0011,0.0,0.0,6.66,4.69,0.0
20230513:0111,0.0,0.0,6.67,4.55,0.0
20230513:0211,0.0,0.0,6.48,4.41,0.0
20230513:0311,0.0,0.0,6.52,4.21,0.0
20230513:0411,4.16,5.54,6.54,4.14,0.0
20230513:0511,29.1,12.8,6.74,4.62,0.0
20230513:0611,90.84,20.48,7.07,4.69,0.0
20230513:0711,151.41,28.22,7.8,5.31,0.0
20230513:0811,228.71,35.58,8.8,5.66,0.0
20230513:0911,264.94,42.04,9.37,5.52,0.0
20230513:1011,240.91,46.9,9.97,5.79,0.0
20230513:1111,435.25,49.4,10.38,6.07,0.0
20230513:1211,717.52,49.03,10.72,6.21,0.0
20230513:1311,909.96,45.87,10.45,6.34,0.0
20230513:1411,839.98,40.54,10.43,6.41,0.0
20230513:1511,637.49,33.8,9.91,6.0,0.0
20230513:1611,381.3,26.3,9.38,5.52,0.0
20230513:1711,219.9,18.54,9.15,4.97,0.0
20230513:1811,63.18,10.93,8.97,4.34,0.0
20230513:1911,2.49,3.83,9.17,3.79,0.0
20230513:2011,0.0,0.0,8.59,3.52,0.0
20230513:2111,0.0,0.0,8.22,3.31,0.0
20230513:2211,0.0,0.0,7.91,3.03,0.0
20230513:2311,0.0,0.0,7.57,2.48,0.0
20230514:0011,0.0,0.0,7.13,2.07,0.0
20230514:0111,0.0,0.0,6.85,1.86,0.0
20230514:0211,0.0,0.0,6.85,1.72,0.0
20230514:0311,0.0,0.0,6.87,1.79,0.0
20230514:0411,9.14,5.75,7.25,1.86,0.0
20230514:0511,78.14,13.01,8.25,1.86,0.0
20230514:0611,123.07,20.69,9.61,1.86,0.0
20230514:0711,235.47,28.42,10.15,2.55,0.0
20230514:0811,281.29,35.79,10.7,3.45,0.0
20230514:0911,268.06,42.26,10.51,3.93,0.0
20230514:1011,397.02,47.13,10.48,3.93,0.0
20230514:1111,729.74,49.65,10.66,4.0,0.0
20230514:1211,905.72,49.27,10.99,4.21,0.0
20230514:1311,687.93,46.1,10.64,4.55,0.0
20230514:1411,595.59,40.76,10.08,4.83,0.0
20230514:1511,434.54,34.01,9.4,4.55,0.0
20230514:1611,237.15,26.5,8.7,3.86,0.0
20230514:1711,78.25,18.74,8.31,3.24,0.0
20230514:1811,23.28,11.14,8.01,2.9,0.0
20230514:1911,2.49,4.04,7.24,2.07,0.0
20230514:2011,0.0,0.0,6.76,2.21,0.0
20230514:2111,0.0,0.0,6.32,2.41,0.0
20230514:2211,0.0,0.0,6.08,2.55,0.0
20230514:2311,0.0,0.0,5.88,2.48,0.0
20230515:0011,0.0,0.0,5.72,2.41,0.0
20230515:0111,0.0,0.0,5.68,2.28,0.0
20230515:0211,0.0,0.0,5.47,1.93,0.0
20230515:0311,0.0,0.0,5.49,1.79,0.0
20230515:0411,5.82,5.96,5.57,1.38,0.0
20230515:0511,25.77,13.21,5.73,0.83,0.0
20230515:0611,77.35,20.89,6.2,0.9,0.0
20230515:0711,160.47,28.62,6.42,0.28,0.0
20230515:0811,227.32,36.0,7.17,0.28,0.0
20230515:0911,285.31,42.48,8.09,1.17,0.0
20230515:1011,477.19,47.36,8.56,2.76,0.0
20230515:1111,299.93,49.88,8.53,4.14,0.0
20230515:1211,302.53,49.51,8.63,5.1,0.0
20230515:1311,273.44,46.33,8.6,5.66,0.0
20230515:1411,142.11,40.97,8.52,6.21,0.0
20230515:1511,273.53,34.21,8.46,6.9,0.0
20230515:1611,195.12,26.7,8.47,7.31,0.0
20230515:1711,162.55,18.94,8.39,7.45,0.0
20230515:1811,14.13,11.34,8.17,7.38,0.0
20230515:1911,2.49,4.25,7.61,7.31,0.0
20230515:2011,0.0,0.0,7.3,7.24,0.0
20230515:2111,0.0,0.0,7.0,7.17,0.0
20230515:2211,0.0,0.0,6.82,7.24,0.0
20230515:2311,0.0,0.0,6.71,7.45,0.0
20230516:0011,0.0,0.0,6.61,7.59,0.0
20230516:0111,0.0,0.0,6.42,7.66,0.0
20230516:0211,0.0,0.0,6.35,7.66,0.0
20230516:0311,0.0,0.0,6.28,7.66,0.0
20230516:0411,27.43,6.16,6.26,7.66,0.0
20230516:0511,68.17,13.41,6.46,7.52,0.0
20230516:0611,208.89,21.08,6.75,7.1,0.0
20230516:0711,426.8,28.82,7.31,6.76,0.0
20230516:0811,654.37,36.2,7.79,6.21,0.0
20230516:0911,792.97,42.69,8.37,5.93,0.0
20230516:1011,838.17,47.59,8.94,6.41,0.0
20230516:1111,800.56,50.12,9.12,6.55,0.0
20230516:1211,545.86,49.74,9.24,7.24,0.0
20230516:1311,369.57,46.55,8.7,7.93,0.0
20230516:1411,676.77,41.19,8.41,9.45,0.0
20230516:1511,406.01,34.41,7.44,10.55,0.0
20230516:1611,328.33,26.9,6.64,10.48,0.0
20230516:1711,199.02,19.14,6.09,10.62,0.0
20230516:1811,64.84,11.54,5.51,10.69,0.0
20230516:1911,4.99,4.46,5.57,10.34,0.0
20230516:2011,0.0,0.0,4.93,10.41,0.0
20230516:2111,0.0,0.0,4.36,10.28,0.0
20230516:2211,0.0,0.0,4.04,10.14,0.0
20230516:2311,0.0,0.0,3.87,10.41,0.0
20230517:0011,0.0,0.0,3.78,10.62,0.0
20230517:0111,0.0,0.0,3.88,10.69,0.0
20230517:0211,0.0,0.0,3.97,10.55,0.0
20230517:0311,0.0,0.0,4.08,10.07,0.0
20230517:0411,4.99,6.36,4.11,9.86,0.0
20230517:0511,51.54,13.6,4.24,10.0,0.0
20230517:0611,194.76,21.27,4.64,9.59,0.0
20230517:0711,321.63,29.01,5.51,9.52,0.0
20230517:0811,463.85,36.4,5.84,8.9,0.0
20230517:0911,702.21,42.9,6.26,8.62,0.0
20230517:1011,577.27,47.8,6.54,8.41,0.0
20230517:1111,904.1,50.34,6.64,8.62,0.0
20230517:1211,962.33,49.97,6.71,8.9,0.0
20230517:1311,998.85,46.77,6.58,8.83,0.0
20230517:1411,770.21,41.39,6.72,8.76,0.0
20230517:1511,503.16,34.61,6.75,8.48,0.0
20230517:1611,316.25,27.09,6.57,8.28,0.0
20230517:1711,172.97,19.33,6.29,7.93,0.0
20230517:1811,69.83,11.74,5.98,7.52,0.0
20230517:1911,19.12,4.66,5.88,6.07,0.0
20230517:2011,0.0,0.0,5.44,5.31,0.0
20230517:2111,0.0,0.0,5.19,4.41,0.0
20230517:2211,0.0,0.0,5.09,3.59,0.0
20230517:2311,0.0,0.0,4.97,2.62,0.0
20230518:0011,0.0,0.0,4.81,1.79,0.0
20230518:0111,0.0,0.0,4.61,1.24,0.0
20230518:0211,0.0,0.0,4.67,0.76,0.0
20230518:0311,0.0,0.0,4.14,0.69,0.0
20230518:0411,4.99,6.55,4.58,1.79,0.0
20230518:0511,30.76,13.78,5.11,2.28,0.0
20230518:0611,57.56,21.45,6.19,2.69,0.0
20230518:0711,166.78,29.19,7.81,3.38,0.0
20230518:0811,372.14,36.59,8.7,3.79,0.0
20230518:0911,400.01,43.09,9.19,4.62,0.0
20230518:1011,481.58,48.02,9.4,4.83,0.0
20230518:1111,441.39,50.56,9.76,4.83,0.0
20230518:1211,595.31,50.19,10.09,4.76,0.0
20230518:1311,538.9,46.99,9.99,4.48,0.0
20230518:1411,487.47,41.6,10.08,4.14,0.0
20230518:1511,548.27,34.81,10.07,3.93,0.0
20230518:1611,424.35,27.28,10.08,3.86,0.0
20230518:1711,197.25,19.52,9.55,3.59,0.0
20230518:1811,65.67,11.93,9.14,3.24,0.0
20230518:1911,19.12,4.86,8.97,3.03,0.0
20230518:2011,0.0,0.0,8.44,2.97,0.0
20230518:2111,0.0,0.0,8.0,3.24,0.0
20230518:2211,0.0,0.0,7.68,3.45,0.0
20230518:2311,0.0,0.0,7.3,3.52,0.0
20230519:0011,0.0,0.0,7.0,3.66,0.0
20230519:0111,0.0,0.0,6.56,3.72,0.0
20230519:0211,0.0,0.0,6.47,3.66,0.0
20230519:0311,0.0,0.0,6.43,3.79,0.0
20230519:0411,4.99,6.73,6.72,4.0,0.0
20230519:0511,74.82,13.96,7.29,4.28,0.0
20230519:0611,104.9,21.63,8.16,4.55,0.0
20230519:0711,255.34,29.37,8.67,5.1,0.0
20230519:0811,300.45,36.77,9.11,5.17,0.0
20230519:0911,446.18,43.29,9.52,5.24,0.0
20230519:1011,721.44,48.22,9.81,5.17,0.0
20230519:1111,533.78,50.78,10.53,5.24,0.0
20230519:1211,532.17,50.41,10.76,5.1,0.0
20230519:1311,958.61,47.19,10.98,4.76,0.0
20230519:1411,800.25,41.79,10.98,4.34,0.0
20230519:1511,590.14,35.0,10.85,4.07,0.0
20230519:1611,334.9,27.47,10.47,3.93,0.0
20230519:1711,170.41,19.71,9.97,3.72,0.0
20230519:1811,64.01,12.12,9.45,3.52,0.0
20230519:1911,22.44,5.05,9.26,2.69,0.0
20230519:2011,0.0,0.0,8.74,2.76,0.0
20230519:2111,0.0,0.0,8.33,2.69,0.0
20230519:2211,0.0,0.0,7.99,2.55,0.0
20230519:2311,0.0,0.0,7.66,2.55,0.0
20230520:0011,0.0,0.0,7.32,2.34,0.0
20230520:0111,0.0,0.0,7.17,2.07,0.0
20230520:0211,0.0,0.0,7.04,1.86,0.0
20230520:0311,0.0,0.0,6.93,1.72,0.0
20230520:0411,5.82,6.91,6.9,1.45,0.0
20230520:0511,57.36,14.13,7.61,1.17,0.0
20230520:0611,191.0,21.8,8.83,1.17,0.0
20230520:0711,421.7,29.54,9.13,1.52,0.0
20230520:0811,541.02,36.95,9.8,1.66,0.0
20230520:0911,779.71,43.48,10.35,2.07,0.0
20230520:1011,932.92,48.42,10.76,2.62,0.0
20230520:1111,1014.18,50.99,10.92,2.9,0.0
20230520:1211,1022.59,50.62,10.81,2.9,0.0
20230520:1311,989.88,47.4,10.78,2.76,0.0
20230520:1411,817.71,41.99,10.77,2.55,0.0
20230520:1511,631.82,35.18,10.66,2.41,0.0
20230520:1611,432.43,27.65,10.39,2.21,0.0
20230520:1711,213.81,19.89,9.97,2.0,0.0
20230520:1811,64.01,12.31,9.44,1.86,0.0
20230520:1911,16.63,5.25,9.22,1.38,0.0
20230520:2011,0.0,0.0,8.5,1.72,0.0
20230520:2111,0.0,0.0,7.89,1.79,0.0
20230520:2211,0.0,0.0,7.48,1.79,0.0
20230520:2311,0.0,0.0,7.12,1.79,0.0
20230521:0011,0.0,0.0,6.67,1.72,0.0
20230521:0111,0.0,0.0,6.23,1.66,0.0
20230521:0211,0.0,0.0,6.0,1.59,0.0
20230521:0311,0.0,0.0,5.83,1.72,0.0
20230521:0411,24.94,7.09,5.89,2.0,0.0
20230521:0511,86.45,14.3,6.95,2.07,0.0
20230521:0611,209.69,21.96,9.04,2.07,0.0
20230521:0711,431.47,29.7,10.78,1.24,0.0
20230521:0811,661.69,37.12,12.18,0.76,0.0
20230521:0911,844.16,43.66,12.49,1.93,0.0
20230521:1011,944.23,48.62,12.39,2.48,0.0
20230521:1111,1012.86,51.19,12.43,2.9,0.0
20230521:1211,1033.81,50.82,12.55,3.31,0.0
20230521:1311,965.64,47.6,12.55,3.66,0.0
20230521:1411,828.66,42.18,12.75,3.79,0.0
20230521:1511,643.96,35.37,12.77,3.93,0.0
20230521:1611,410.46,27.83,12.64,3.93,0.0
20230521:1711,191.18,20.07,12.41,3.86,0.0
20230521:1811,64.84,12.49,12.05,3.52,0.0
20230521:1911,24.94,5.43,12.01,3.45,0.0
20230521:2011,0.0,0.0,11.42,3.59,0.0
20230521:2111,0.0,0.0,10.98,3.66,0.0
20230521:2211,0.0,0.0,10.56,3.72,0.0
20230521:2311,0.0,0.0,10.2,3.72,0.0
20230522:0011,0.0,0.0,9.64,3.45,0.0
20230522:0111,0.0,0.0,9.35,2.97,0.0
20230522:0211,0.0,0.0,8.99,2.55,0.0
20230522:0311,0.0,0.0,8.81,2.21,0.0
20230522:0411,38.24,7.25,8.94,2.0,0.0
20230522:0511,34.91,14.46,9.87,1.66,0.0
20230522:0611,54.87,22.12,11.58,1.45,0.0
20230522:0711,296.0,29.86,13.02,1.86,0.0
20230522:0811,325.3,37.28,13.7,2.41,0.0
20230522:0911,516.11,43.83,13.87,2.9,0.0
20230522:1011,771.4,48.8,13.95,3.24,0.0
20230522:1111,817.08,51.39,14.02,3.31,0.0
20230522:1211,304.74,51.02,13.39,3.72,0.0
20230522:1311,651.58,47.79,13.17,4.14,0.0
20230522:1411,443.51,42.36,12.67,4.21,0.0
20230522:1511,331.46,35.55,12.13,4.83,0.0
20230522:1611,173.43,28.01,10.8,5.24,0.0
20230522:1711,34.18,20.25,9.9,5.66,0.0
20230522:1811,12.47,12.67,8.9,5.45,0.0
20230522:1911,4.16,5.62,8.41,4.76,0.0
20230522:2011,0.0,0.0,8.02,4.83,0.0
20230522:2111,0.0,0.0,7.75,5.52,0.0
20230522:2211,0.0,0.0,7.55,6.48,0.0
20230522:2311,0.0,0.0,7.27,6.97,0.0
20230523:0011,0.0,0.0,7.04,7.24,0.0
20230523:0111,0.0,0.0,7.0,7.31,0.0
20230523:0211,0.0,0.0,6.9,7.59,0.0
20230523:0311,0.0,0.0,6.87,8.14,0.0
20230523:0411,8.31,7.41,6.91,8.83,0.0
20230523:0511,67.33,14.62,7.12,8.97,0.0
20230523:0611,106.69,22.27,7.51,9.59,0.0
20230523:0711,408.28,30.02,8.05,9.79,0.0
20230523:0811,642.25,37.44,8.45,9.93,0.0
20230523:0911,811.08,44.0,8.82,9.86,0.0
20230523:1011,976.4,48.98,9.19,10.28,0.0
20230523:1111,1073.37,51.58,9.43,10.55,0.0
20230523:1211,1061.92,51.22,9.73,10.34,0.0
20230523:1311,986.46,47.98,9.8,9.79,0.0
20230523:1411,826.09,42.55,9.87,9.45,0.0
20230523:1511,625.96,35.72,9.83,9.31,0.0
20230523:1611,443.11,28.18,9.74,8.9,0.0
20230523:1711,226.74,20.42,9.49,8.34,0.0
20230523:1811,56.53,12.84,9.13,7.59,0.0
20230523:1911,25.77,5.8,8.75,6.48,0.0
20230523:2011,0.0,0.0,8.2,6.69,0.0
20230523:2111,0.0,0.0,7.75,6.07,0.0
20230523:2211,0.0,0.0,7.47,5.52,0.0
20230523:2311,0.0,0.0,7.24,4.69,0.0
20230524:0011,0.0,0.0,7.05,4.07,0.0
20230524:0111,0.0,0.0,6.96,3.72,0.0
20230524:0211,0.0,0.0,6.88,3.24,0.0
20230524:0311,0.0,0.0,6.88,2.62,0.0
20230524:0411,34.91,7.57,7.09,1.93,0.0
20230524:0511,24.11,14.76,7.79,1.17,0.0
20230524:0611,126.85,22.41,8.7,1.31,0.0
20230524:0711,226.51,30.16,9.09,1.79,0.0
20230524:0811,327.75,37.59,9.89,2.0,0.0
20230524:0911,483.01,44.16,10.54,2.41,0.0
20230524:1011,397.91,49.16,10.81,3.31,0.0
20230524:1111,407.6,51.77,10.75,4.14,0.0
20230524:1211,223.06,51.41,10.72,4.76,0.0
20230524:1311,249.49,48.17,10.53,5.66,0.0
20230524:1411,240.37,42.72,10.21,6.34,0.0
20230524:1511,228.55,35.89,9.89,6.48,0.0
20230524:1611,308.26,28.35,9.65,6.83,0.0
20230524:1711,189.95,20.59,9.44,7.03,0.0
20230524:1811,55.65,13.01,9.07,7.17,0.0
20230524:1911,29.1,5.97,9.19,6.14,0.0
20230524:2011,0.0,0.0,8.8,6.0,0.0
20230524:2111,0.0,0.0,8.46,6.21,0.0
20230524:2211,0.0,0.0,8.48,6.9,0.0
20230524:2311,0.0,0.0,8.45,7.03,0.0
20230525:0011,0.0,0.0,8.34,6.97,0.0
20230525:0111,0.0,0.0,8.03,7.03,0.0
20230525:0211,0.0,0.0,7.94,6.97,0.0
20230525:0311,0.0,0.0,7.8,6.76,0.0
20230525:0411,13.3,7.71,7.77,6.69,0.0
20230525:0511,91.44,14.91,7.97,7.31,0.0
20230525:0611,196.83,22.55,8.18,7.52,0.0
20230525:0711,402.77,30.3,8.82,6.34,0.0
20230525:0811,610.39,37.74,9.02,6.28,0.0
20230525:0911,638.23,44.32,9.22,6.21,0.0
20230525:1011,784.34,49.33,9.38,6.41,0.0
20230525:1111,931.71,51.95,9.44,6.55,0.0
20230525:1211,793.74,51.59,9.6,6.69,0.0
20230525:1311,871.68,48.34,9.61,6.9,0.0
20230525:1411,665.03,42.9,9.54,7.1,0.0
20230525:1511,545.8,36.06,9.41,7.24,0.0
20230525:1611,350.3,28.51,9.19,7.38,0.0
20230525:1711,199.2,20.75,8.88,7.38,0.0
20230525:1811,81.26,13.18,8.58,7.66,0.0
20230525:1911,16.63,6.14,8.45,6.55,0.0
20230525:2011,0.0,0.0,8.13,6.9,0.0
20230525:2111,0.0,0.0,8.0,7.17,0.0
20230525:2211,0.0,0.0,7.77,7.45,0.0
20230525:2311,0.0,0.0,7.71,7.52,0.0
20230526:0011,0.0,0.0,7.55,7.93,0.0
20230526:0111,0.0,0.0,7.55,7.86,0.0
20230526:0211,0.0,0.0,7.58,7.72,0.0
20230526:0311,0.0,0.0,7.55,7.93,0.0
20230526:0411,22.44,7.86,7.63,7.79,0.0
20230526:0511,91.44,15.04,7.74,7.45,0.0
20230526:0611,185.01,22.69,7.99,7.45,0.0
20230526:0711,238.26,30.44,8.1,6.34,0.0
20230526:0811,383.14,37.88,8.38,6.21,0.0
20230526:0911,516.2,44.47,8.74,6.14,0.0
20230526:1011,520.2,49.49,9.01,6.14,0.0
20230526:1111,626.9,52.12,9.16,6.21,0.0
20230526:1211,694.03,51.77,9.34,6.14,0.0
20230526:1311,709.35,48.52,9.58,6.14,0.0
20230526:1411,692.49,43.06,9.58,6.21,0.0
20230526:1511,606.78,36.22,9.58,6.28,0.0
20230526:1611,414.52,28.67,9.43,6.21,0.0
20230526:1711,212.86,20.91,9.24,5.93,0.0
20230526:1811,74.08,13.34,8.92,5.66,0.0
20230526:1911,23.28,6.31,8.5,4.34,0.0
20230526:2011,0.0,0.0,7.98,4.14,0.0
20230526:2111,0.0,0.0,7.65,3.52,0.0
20230526:2211,0.0,0.0,7.51,3.03,0.0
20230526:2311,0.0,0.0,7.36,2.69,0.0
20230527:0011,0.0,0.0,7.27,2.34,0.0
20230527:0111,0.0,0.0,7.36,2.21,0.0
20230527:0211,0.0,0.0,7.3,2.0,0.0
20230527:0311,0.83,1.61,7.24,1.86,0.0
20230527:0411,23.28,7.99,7.25,1.59,0.0
20230527:0511,85.62,15.17,7.48,1.17,0.0
20230527:0611,96.24,22.82,8.06,0.83,0.0
20230527:0711,261.54,30.57,8.64,2.14,0.0
20230527:0811,368.88,38.01,9.12,3.03,0.0
20230527:0911,355.21,44.61,9.37,4.28,0.0
20230527:1011,737.08,49.65,9.89,5.31,0.0
20230527:1111,246.59,52.29,10.21,6.14,0.0
20230527:1211,232.58,51.94,10.24,6.76,0.0
20230527:1311,98.04,48.69,9.92,7.24,0.0
20230527:1411,81.85,43.23,9.85,7.31,0.0
20230527:1511,99.84,36.38,9.81,7.03,0.0
20230527:1611,97.14,28.82,9.69,6.28,0.0
20230527:1711,26.98,21.07,9.64,5.31,0.0
20230527:1811,14.39,13.5,9.53,5.03,0.0
20230527:1911,4.99,6.47,9.44,4.21,0.0
20230527:2011,0.0,0.0,9.3,4.55,0.0
20230527:2111,0.0,0.0,9.08,5.1,0.0
20230527:2211,0.0,0.0,8.84,6.07,0.0
20230527:2311,0.0,0.0,8.48,6.28,0.0
20230528:0011,0.0,0.0,8.04,6.21,0.0
20230528:0111,0.0,0.0,7.69,6.41,0.0
20230528:0211,0.0,0.0,7.52,6.41,0.0
20230528:0311,0.83,1.74,7.42,6.69,0.0
20230528:0411,18.29,8.12,7.31,6.55,0.0
20230528:0511,90.61,15.3,7.38,6.83,0.0
20230528:0611,207.5,22.94,7.57,6.83,0.0
20230528:0711,334.66,30.69,8.04,6.62,0.0
20230528:0811,528.8,38.14,8.4,6.76,0.0
20230528:0911,656.82,44.75,8.68,7.03,0.0
20230528:1011,818.72,49.8,8.86,7.03,0.0
20230528:1111,832.42,52.45,8.78,7.24,0.0
20230528:1211,744.63,52.1,9.03,7.59,0.0
20230528:1311,711.18,48.85,9.12,8.0,0.0
20230528:1411,758.66,43.38,9.09,8.28,0.0
20230528:1511,668.6,36.53,8.8,8.48,0.0
20230528:1611,459.43,28.98,8.35,8.55,0.0
20230528:1711,171.58,21.22,7.99,8.34,0.0
20230528:1811,85.95,13.65,7.67,8.07,0.0
20230528:1911,21.61,6.62,7.73,7.79,0.0
20230528:2011,0.0,0.0,7.3,7.38,0.0
20230528:2111,0.0,0.0,6.95,7.24,0.0
20230528:2211,0.0,0.0,6.65,7.1,0.0
20230528:2311,0.0,0.0,6.43,6.97,0.0
20230529:0011,0.0,0.0,6.23,6.76,0.0
20230529:0111,0.0,0.0,6.26,6.34,0.0
20230529:0211,0.0,0.0,6.23,5.93,0.0
20230529:0311,0.83,1.88,6.17,5.1,0.0
20230529:0411,14.13,8.25,6.28,4.28,0.0
20230529:0511,50.71,15.42,6.7,3.66,0.0
20230529:0611,126.26,23.05,7.24,3.72,0.0
20230529:0711,424.09,30.8,7.71,2.55,0.0
20230529:0811,611.85,38.26,8.43,3.1,0.0
20230529:0911,491.69,44.88,8.86,3.66,0.0
20230529:1011,240.19,49.94,9.32,4.62,0.0
20230529:1111,406.84,52.6,9.59,5.45,0.0
20230529:1211,245.7,52.26,9.62,5.86,0.0
20230529:1311,213.17,49.01,9.58,5.93,0.0
20230529:1411,161.0,43.54,9.48,5.72,0.0
20230529:1511,135.82,36.68,9.48,5.59,0.0
20230529:1611,108.83,29.12,9.34,5.66,0.0
20230529:1711,66.56,21.36,9.17,6.28,0.0
20230529:1811,41.37,13.8,9.08,6.9,0.0
20230529:1911,4.99,6.78,8.9,6.28,0.0
20230529:2011,0.0,0.0,8.75,6.69,0.0
20230529:2111,0.0,0.0,8.6,6.97,0.0
20230529:2211,0.0,0.0,8.53,6.83,0.0
20230529:2311,0.0,0.0,8.54,6.62,0.0
20230530:0011,0.0,0.0,8.57,6.41,0.0
20230530:0111,0.0,0.0,8.71,6.21,0.0
20230530:0211,0.0,0.0,8.69,6.14,0.0
20230530:0311,0.83,2.0,8.59,6.07,0.0
20230530:0411,13.3,8.36,8.61,5.86,0.0
20230530:0511,88.95,15.53,8.72,5.66,0.0
20230530:0611,166.33,23.16,9.23,5.38,0.0
20230530:0711,254.35,30.91,9.88,5.1,0.0
20230530:0811,445.42,38.37,10.64,4.9,0.0
20230530:0911,798.81,45.0,11.22,4.76,0.0
20230530:1011,978.26,50.07,11.7,4.83,0.0
20230530:1111,1062.2,52.75,11.94,5.31,0.0
20230530:1211,1052.45,52.42,11.95,5.93,0.0
20230530:1311,990.32,49.16,11.84,6.48,0.0
20230530:1411,847.98,43.69,11.68,6.83,0.0
20230530:1511,671.71,36.83,11.53,7.03,0.0
20230530:1611,459.03,29.27,11.22,7.17,0.0
20230530:1711,238.61,21.51,10.81,7.17,0.0
20230530:1811,52.75,13.95,10.25,7.24,0.0
20230530:1911,32.42,6.92,9.77,7.03,0.0
20230530:2011,0.0,0.0,9.22,7.17,0.0
20230530:2111,0.0,0.0,8.77,6.9,0.0
20230530:2211,0.0,0.0,8.48,6.9,0.0
20230530:2311,0.0,0.0,8.33,7.17,0.0
20230531:0011,0.0,0.0,8.18,7.1,0.0
20230531:0111,0.0,0.0,8.16,7.31,0.0
20230531:0211,0.0,0.0,8.06,7.31,0.0
20230531:0311,0.83,2.12,8.12,7.1,0.0
20230531:0411,7.48,8.47,8.31,7.03,0.0
20230531:0511,69.83,15.63,8.46,6.69,0.0
20230531:0611,109.37,23.26,8.86,6.48,0.0
20230531:0711,182.75,31.02,9.18,6.0,0.0
20230531:0811,237.34,38.48,9.6,6.14,0.0
20230531:0911,370.27,45.12,9.95,6.48,0.0
20230531:1011,265.01,50.2,10.33,6.9,0.0
20230531:1111,408.16,52.89,10.57,7.31,0.0
20230531:1211,417.13,52.57,10.62,7.31,0.0
20230531:1311,497.16,49.31,10.71,7.38,0.0
20230531:1411,570.09,43.83,10.68,7.52,0.0
20230531:1511,572.67,36.97,10.6,7.72,0.0
20230531:1611,401.07,29.4,10.33,7.93,0.0
20230531:1711,224.55,21.65,10.04,8.07,0.0
20230531:1811,81.65,14.09,9.63,8.0,0.0
20230531:1911,32.42,7.07,9.32,7.17,0.0
20230531:2011,0.0,0.0,8.89,7.17,0.0
20230531:2111,0.0,0.0,8.48,7.17,0.0
20230531:2211,0.0,0.0,8.2,7.17,0.0
20230531:2311,0.0,0.0,7.97,7.03,0.0
20230601:0011,0.0,0.0,7.78,7.17,0.0
20230601:0111,0.0,0.0,7.62,7.72,0.0
20230601:0211,0.0,0.0,7.62,8.14,0.0
20230601:0311,0.83,2.23,7.52,8.41,0.0
20230601:0411,24.94,8.58,7.54,8.83,0.0
20230601:0511,66.5,15.73,7.76,9.1,0.0
20230601:0611,222.38,23.36,7.92,9.31,0.0
20230601:0711,328.96,31.11,8.52,9.31,0.0
20230601:0811,604.76,38.58,8.89,9.1,0.0
20230601:0911,816.06,45.23,9.32,8.9,0.0
20230601:1011,909.13,50.33,9.81,8.83,0.0
20230601:1111,1052.4,53.03,10.32,8.83,0.0
20230601:1211,1055.26,52.71,10.76,8.9,0.0
20230601:1311,1000.12,49.45,11.07,9.03,0.0
20230601:1411,852.55,43.97,11.09,9.38,0.0
20230601:1511,672.98,37.1,10.92,9.45,0.0
20230601:1611,471.61,29.54,10.67,9.45,0.0
20230601:1711,245.94,21.78,10.31,9.38,0.0
20230601:1811,47.55,14.22,9.77,9.31,0.0
20230601:1911,29.93,7.21,10.02,8.62,0.0
20230601:2011,0.0,0.0,9.47,8.14,0.0
20230601:2111,0.0,0.0,8.95,7.17,0.0
20230601:2211,0.0,0.0,8.43,6.41,0.0
20230601:2311,0.0,0.0,7.99,5.79,0.0
20230602:0011,0.0,0.0,7.62,5.38,0.0
20230602:0111,0.0,0.0,7.09,5.17,0.0
20230602:0211,0.0,0.0,6.75,4.9,0.0
20230602:0311,0.83,2.34,6.45,4.76,0.0
20230602:0411,48.22,8.68,6.56,4.41,0.0
20230602:0511,63.18,15.82,7.56,4.21,0.0
20230602:0611,225.04,23.45,8.86,4.0,0.0
20230602:0711,456.93,31.2,10.17,1.59,0.0
20230602:0811,678.5,38.68,10.85,1.17,0.0
20230602:0911,867.46,45.33,11.18,1.45,0.0
20230602:1011,996.95,50.44,11.35,2.21,0.0
20230602:1111,1059.31,53.15,11.37,2.62,0.0
20230602:1211,1061.11,52.84,11.25,2.76,0.0
20230602:1311,994.63,49.59,11.18,2.76,0.0
20230602:1411,868.41,44.1,11.01,2.9,0.0
20230602:1511,662.17,37.23,10.85,3.31,0.0
20230602:1611,429.35,29.67,10.54,3.86,0.0
20230602:1711,226.27,21.91,10.25,4.14,0.0
20230602:1811,49.99,14.35,9.86,4.41,0.0
20230602:1911,31.59,7.34,9.5,3.72,0.0
20230602:2011,0.0,0.0,8.86,3.86,0.0
20230602:2111,0.0,0.0,8.34,3.79,0.0
20230602:2211,0.0,0.0,8.01,3.79,0.0
20230602:2311,0.0,0.0,7.74,4.14,0.0
20230603:0011,0.0,0.0,7.52,4.55,0.0
20230603:0111,0.0,0.0,7.4,4.9,0.0
20230603:0211,0.0,0.0,7.31,5.31,0.0
20230603:0311,1.66,2.43,7.25,5.52,0.0
20230603:0411,48.22,8.77,7.38,5.72,0.0
20230603:0511,79.8,15.91,7.93,6.14,0.0
20230603:0611,203.4,23.53,8.63,6.34,0.0
20230603:0711,439.89,31.29,9.49,6.14,0.0
20230603:0811,644.15,38.77,10.25,6.14,0.0
20230603:0911,855.89,45.43,10.82,6.28,0.0
20230603:1011,981.65,50.55,11.12,6.69,0.0
20230603:1111,987.35,53.28,11.21,7.17,0.0
20230603:1211,1037.88,52.97,11.21,7.38,0.0
20230603:1311,966.36,49.72,11.16,7.45,0.0
20230603:1411,854.88,44.23,11.03,7.45,0.0
20230603:1511,670.53,37.36,10.8,7.38,0.0
20230603:1611,447.24,29.79,10.51,7.52,0.0
20230603:1711,239.27,22.03,10.27,7.59,0.0
20230603:1811,70.55,14.48,10.01,7.1,0.0
20230603:1911,39.9,7.47,9.58,6.9,0.0
20230603:2011,0.0,0.0,9.16,7.03,0.0
20230603:2111,0.0,0.0,8.73,7.1,0.0
20230603:2211,0.0,0.0,8.43,7.03,0.0
20230603:2311,0.0,0.0,8.19,6.83,0.0
20230604:0011,0.0,0.0,7.95,6.48,0.0
20230604:0111,0.0,0.0,7.71,6.41,0.0
20230604:0211,0.0,0.0,7.48,6.28,0.0
20230604:0311,1.66,2.53,7.29,6.21,0.0
20230604:0411,8.31,8.85,7.41,6.0,0.0
20230604:0511,38.24,15.99,8.03,5.59,0.0
20230604:0611,137.11,23.61,9.02,5.31,0.0
20230604:0711,292.95,31.37,9.64,4.62,0.0
20230604:0811,643.78,38.85,10.53,4.41,0.0
20230604:0911,863.79,45.52,11.36,4.21,0.0
20230604:1011,984.96,50.66,11.84,4.07,0.0
20230604:1111,1070.17,53.39,12.22,4.14,0.0
20230604:1211,1061.0,53.1,12.41,4.28,0.0
20230604:1311,993.56,49.85,12.07,4.14,0.0
20230604:1411,863.66,44.36,12.09,4.0,0.0
20230604:1511,678.64,37.48,12.3,4.14,0.0
20230604:1611,457.99,29.91,12.23,4.14,0.0
20230604:1711,250.46,22.15,12.12,4.21,0.0
20230604:1811,60.04,14.6,11.82,4.28,0.0
20230604:1911,33.25,7.59,11.2,3.79,0.0
20230604:2011,0.0,0.0,10.54,4.0,0.0
20230604:2111,0.0,0.0,9.99,4.34,0.0
20230604:2211,0.0,0.0,9.58,4.69,0.0
20230604:2311,0.0,0.0,9.2,5.1,0.0
20230605:0011,0.0,0.0,8.84,5.52,0.0
20230605:0111,0.0,0.0,8.63,5.86,0.0
20230605:0211,0.0,0.0,8.42,6.07,0.0
20230605:0311,1.66,2.61,8.34,6.21,0.0
20230605:0411,50.71,8.93,8.37,6.28,0.0
20230605:0511,69.83,16.07,8.83,6.34,0.0
20230605:0611,227.04,23.68,9.37,6.55,0.0
20230605:0711,439.29,31.44,9.93,6.41,0.0
20230605:0811,633.71,38.93,10.55,6.34,0.0
20230605:0911,753.47,45.61,11.11,6.41,0.0
20230605:1011,976.48,50.75,11.56,6.69,0.0
20230605:1111,1066.91,53.5,11.77,7.03,0.0
20230605:1211,1064.53,53.21,11.8,7.38,0.0
20230605:1311,998.33,49.96,11.72,7.72,0.0
20230605:1411,867.21,44.47,11.63,7.86,0.0
20230605:1511,685.67,37.6,11.53,8.0,0.0
20230605:1611,479.78,30.03,11.39,8.28,0.0
20230605:1711,248.03,22.27,11.11,8.41,0.0
20230605:1811,52.45,14.72,10.65,8.48,0.0
20230605:1911,33.25,7.71,10.25,8.07,0.0
20230605:2011,0.83,1.57,9.59,8.14,0.0
20230605:2111,0.0,0.0,9.02,7.86,0.0
20230605:2211,0.0,0.0,8.59,7.59,0.0
20230605:2311,0.0,0.0,8.29,7.52,0.0
20230606:0011,0.0,0.0,8.06,7.52,0.0
20230606:0111,0.0,0.0,7.9,7.52,0.0
20230606:0211,0.0,0.0,7.77,7.72,0.0
20230606:0311,1.66,2.69,7.7,7.86,0.0
20230606:0411,40.73,9.01,7.83,7.93,0.0
20230606:0511,69.83,16.14,8.36,8.14,0.0
20230606:0611,227.97,23.75,9.0,8.0,0.0
20230606:0711,0.0,0.0,9.67,8.55,0.0
20230606:0811,683.11,39.0,10.62,8.62,0.0
20230606:0911,850.71,45.68,11.53,8.55,0.0
20230606:1011,1003.43,50.84,12.18,8.69,0.0
20230606:1111,1071.69,53.6,12.6,8.76,0.0
20230606:1211,1062.57,53.32,12.79,8.83,0.0
20230606:1311,1002.05,50.08,12.84,8.9,0.0
20230606:1411,866.89,44.59,12.76,8.9,0.0
20230606:1511,693.85,37.71,12.62,8.76,0.0
20230606:1611,480.18,30.14,12.35,8.62,0.0
20230606:1711,250.78,22.38,11.94,8.48,0.0
20230606:1811,57.57,14.83,11.38,8.28,0.0
20230606:1911,33.25,7.82,11.01,8.07,0.0
20230606:2011,0.83,1.68,10.28,7.79,0.0
20230606:2111,0.0,0.0,9.64,7.59,0.0
20230606:2211,0.0,0.0,9.15,7.24,0.0
20230606:2311,0.0,0.0,8.77,6.83,0.0
20230607:0011,0.0,0.0,8.45,6.83,0.0
20230607:0111,0.0,0.0,8.16,6.9,0.0
20230607:0211,0.0,0.0,7.95,6.9,0.0
20230607:0311,1.66,2.77,7.82,6.9,0.0
20230607:0411,8.31,9.07,7.99,6.69,0.0
20230607:0511,51.54,16.2,8.55,6.55,0.0
20230607:0611,169.31,23.81,9.45,6.41,0.0
20230607:0711,420.37,31.57,10.33,6.07,0.0
20230607:0811,676.71,39.06,11.3,6.0,0.0
20230607:0911,850.51,45.76,12.03,6.21,0.0
20230607:1011,997.94,50.93,12.57,6.62,0.0
20230607:1111,1065.93,53.7,12.88,7.17,0.0
20230607:1211,1063.7,53.43,12.93,7.59,0.0
20230607:1311,997.75,50.19,12.85,7.79,0.0
20230607:1411,873.32,44.69,12.69,7.86,0.0
20230607:1511,687.0,37.82,12.41,7.79,0.0
20230607:1611,482.52,30.24,12.09,7.79,0.0
20230607:1711,252.92,22.49,11.7,7.66,0.0
20230607:1811,56.95,14.93,11.22,7.52,0.0
20230607:1911,33.25,7.93,10.69,7.17,0.0
20230607:2011,0.83,1.79,10.05,7.17,0.0
20230607:2111,0.0,0.0,9.47,7.17,0.0
20230607:2211,0.0,0.0,9.08,7.1,0.0
20230607:2311,0.0,0.0,8.74,7.17,0.0
20230608:0011,0.0,0.0,8.47,7.03,0.0
20230608:0111,0.0,0.0,8.28,7.45,0.0
20230608:0211,0.0,0.0,8.08,7.52,0.0
20230608:0311,1.66,2.83,7.93,7.45,0.0
20230608:0411,8.31,9.13,8.03,7.38,0.0
20230608:0511,60.68,16.25,8.33,7.1,0.0
20230608:0611,144.35,23.86,8.86,6.9,0.0
20230608:0711,257.56,31.62,9.61,6.48,0.0
20230608:0811,427.24,39.12,10.46,5.93,0.0
20230608:0911,578.92,45.82,11.38,5.66,0.0
20230608:1011,979.54,51.0,12.23,5.59,0.0
20230608:1111,1052.28,53.79,12.72,5.79,0.0
20230608:1211,1062.42,53.53,12.67,6.0,0.0
20230608:1311,985.46,50.29,12.65,5.93,0.0
20230608:1411,868.28,44.8,12.61,5.66,0.0
20230608:1511,688.38,37.92,12.48,5.17,0.0
20230608:1611,478.37,30.35,12.19,4.76,0.0
20230608:1711,252.12,22.59,11.93,4.48,0.0
20230608:1811,66.56,15.03,11.51,4.21,0.0
20230608:1911,40.73,8.03,10.79,3.59,0.0
20230608:2011,0.83,1.89,10.16,3.1,0.0
20230608:2111,0.0,0.0,9.61,2.69,0.0
20230608:2211,0.0,0.0,9.4,2.34,0.0
20230608:2311,0.0,0.0,9.35,2.21,0.0
20230609:0011,0.0,0.0,9.12,2.21,0.0
20230609:0111,0.0,0.0,8.79,2.28,0.0
20230609:0211,0.0,0.0,8.75,2.41,0.0
20230609:0311,1.66,2.89,9.07,2.48,0.0
20230609:0411,51.54,9.19,9.78,2.34,0.0
20230609:0511,88.12,16.3,11.12,2.14,0.0
20230609:0611,222.56,23.91,13.17,1.79,0.0
20230609:0711,448.92,31.67,14.14,1.45,0.0
20230609:0811,641.03,39.17,15.32,0.83,0.0
20230609:0911,690.34,45.88,15.89,0.41,0.0
20230609:1011,781.85,51.07,15.81,1.38,0.0
20230609:1111,884.2,53.87,15.5,2.21,0.0
20230609:1211,969.69,53.62,15.48,2.69,0.0
20230609:1311,923.17,50.38,15.37,3.24,0.0
20230609:1411,699.53,44.89,15.16,2.69,0.0
20230609:1511,647.51,38.01,14.88,2.07,0.0
20230609:1611,412.59,30.44,14.61,2.62,0.0
20230609:1711,229.21,22.68,14.08,3.1,0.0
20230609:1811,95.47,15.13,13.49,3.1,0.0
20230609:1911,42.4,8.13,12.54,2.69,0.0
20230609:2011,0.83,1.99,12.13,2.97,0.0
20230609:2111,0.0,0.0,11.73,3.31,0.0
20230609:2211,0.0,0.0,11.48,3.38,0.0
20230609:2311,0.0,0.0,11.22,3.31,0.0
20230610:0011,0.0,0.0,11.06,3.38,0.0
20230610:0111,0.0,0.0,11.13,3.52,0.0
20230610:0211,0.0,0.0,11.52,3.86,0.0
20230610:0311,1.66,2.95,12.05,4.34,0.0
20230610:0411,52.37,9.24,12.86,4.9,0.0
20230610:0511,65.67,16.35,13.76,5.38,0.0
20230610:0611,227.69,23.95,14.63,5.66,0.0
20230610:0711,456.02,31.71,15.59,6.0,0.0
20230610:0811,659.79,39.21,16.15,6.07,0.0
20230610:0911,829.99,45.93,16.48,6.07,0.0
20230610:1011,968.25,51.14,16.52,6.21,0.0
20230610:1111,1027.11,53.95,16.23,6.41,0.0
20230610:1211,1050.83,53.7,16.09,6.41,0.0
20230610:1311,986.47,50.47,16.3,6.34,0.0
20230610:1411,858.87,44.98,16.45,6.14,0.0
20230610:1511,677.65,38.11,16.48,5.79,0.0
20230610:1611,471.93,30.53,16.6,5.52,0.0
20230610:1711,254.6,22.77,16.42,5.17,0.0
20230610:1811,61.43,15.22,16.06,4.83,0.0
20230610:1911,37.41,8.22,14.94,4.83,0.0
20230610:2011,0.83,2.08,14.22,4.76,0.0
20230610:2111,0.0,0.0,13.82,4.62,0.0
20230610:2211,0.0,0.0,13.58,4.48,0.0
20230610:2311,0.0,0.0,13.42,4.48,0.0
20230611:0011,0.0,0.0,13.29,4.69,0.0
20230611:0111,0.0,0.0,13.26,5.1,0.0
20230611:0211,0.0,0.0,13.27,5.52,0.0
20230611:0311,1.66,3.0,13.27,5.86,0.0
20230611:0411,51.54,9.28,13.49,5.93,0.0
20230611:0511,61.52,16.38,14.11,5.93,0.0
20230611:0611,226.74,23.99,14.92,5.86,0.0
20230611:0711,449.25,31.75,15.92,5.59,0.0
20230611:0811,644.3,39.25,16.96,5.52,0.0
20230611:0911,822.91,45.98,17.57,5.72,0.0
20230611:1011,960.61,51.19,17.64,6.07,0.0
20230611:1111,1012.94,54.01,17.62,6.41,0.0
20230611:1211,1048.5,53.78,17.73,6.76,0.0
20230611:1311,967.74,50.56,17.96,7.1,0.0
20230611:1411,842.45,45.07,18.09,7.17,0.0
20230611:1511,610.61,38.19,18.14,7.03,0.0
20230611:1611,369.03,30.62,18.01,6.69,0.0
20230611:1711,185.38,22.86,17.73,6.21,0.0
20230611:1811,84.88,15.31,17.38,5.93,0.0
20230611:1911,43.23,8.3,17.0,5.93,0.0
20230611:2011,0.83,2.17,16.45,5.93,0.0
20230611:2111,0.0,0.0,15.85,6.14,0.0
20230611:2211,0.0,0.0,15.34,6.34,0.0
20230611:2311,0.0,0.0,15.16,6.62,0.0
20230612:0011,0.0,0.0,14.83,6.9,0.0
20230612:0111,0.0,0.0,14.62,7.17,0.0
20230612:0211,0.0,0.0,14.36,7.17,0.0
20230612:0311,1.66,3.04,14.11,7.03,0.0
20230612:0411,14.13,9.32,14.07,6.97,0.0
20230612:0511,99.76,16.42,14.26,6.9,0.0
20230612:0611,187.45,24.02,14.8,6.76,0.0
20230612:0711,379.29,31.78,15.63,5.72,0.0
20230612:0811,560.59,39.29,16.3,5.72,0.0
20230612:0911,0.0,0.0,16.82,5.59,0.0
20230612:1011,707.35,51.24,17.01,5.59,0.0
20230612:1111,797.55,54.08,17.18,5.79,0.0
20230612:1211,909.5,53.85,17.23,6.0,0.0
20230612:1311,815.96,50.64,17.14,6.0,0.0
20230612:1411,783.91,45.15,17.07,5.72,0.0
20230612:1511,608.7,38.27,16.9,5.31,0.0
20230612:1611,398.52,30.7,16.6,4.76,0.0
20230612:1711,245.51,22.94,16.11,4.07,0.0
20230612:1811,72.46,15.39,15.42,3.03,0.0
20230612:1911,44.89,8.38,14.85,0.69,0.0
20230612:2011,1.66,2.25,14.05,1.38,0.0
20230612:2111,0.0,0.0,13.32,1.93,0.0
20230612:2211,0.0,0.0,12.95,1.93,0.0
20230612:2311,0.0,0.0,12.78,2.0,0.0
20230613:0011,0.0,0.0,12.59,2.07,0.0
20230613:0111,0.0,0.0,12.3,2.28,0.0
20230613:0211,0.0,0.0,11.93,2.21,0.0
20230613:0311,1.66,3.07,11.63,1.86,0.0
20230613:0411,8.31,9.34,11.8,1.38,0.0
20230613:0511,73.99,16.44,13.1,0.97,0.0
20230613:0611,196.5,24.04,14.95,0.83,0.0
20230613:0711,304.34,31.8,15.72,1.38,0.0
20230613:0811,290.79,39.31,16.41,2.34,0.0
20230613:0911,619.69,46.05,16.75,2.69,0.0
20230613:1011,604.73,51.28,17.21,2.9,0.0
20230613:1111,926.43,54.13,17.2,3.24,0.0
20230613:1211,959.42,53.92,16.58,3.31,0.0
20230613:1311,962.21,50.71,16.63,3.45,0.0
20230613:1411,785.67,45.22,16.6,3.59,0.0
20230613:1511,638.19,38.35,15.98,3.17,0.0
20230613:1611,455.14,30.77,15.78,3.17,0.0
20230613:1711,238.9,23.02,15.79,3.03,0.0
20230613:1811,90.63,15.46,15.55,3.1,0.0
20230613:1911,41.56,8.46,15.48,3.45,0.0
20230613:2011,0.83,2.32,14.86,3.59,0.0
20230613:2111,0.0,0.0,14.31,3.59,0.0
20230613:2211,0.0,0.0,14.01,3.38,0.0
20230613:2311,0.0,0.0,13.66,3.17,0.0
20230614:0011,0.0,0.0,13.13,2.97,0.0
20230614:0111,0.0,0.0,12.6,3.03,0.0
20230614:0211,0.0,0.0,12.21,3.1,0.0
20230614:0311,1.66,3.1,11.9,3.1,0.0
20230614:0411,8.31,9.37,11.98,3.17,0.0
20230614:0511,82.3,16.46,13.03,3.1,0.0
20230614:0611,171.86,24.06,14.37,2.9,0.0
20230614:0711,239.88,31.82,14.95,1.86,0.0
20230614:0811,446.49,39.33,15.99,1.52,0.0
20230614:0911,589.83,46.08,16.7,1.72,0.0
20230614:1011,926.47,51.32,16.97,2.07,0.0
20230614:1111,989.25,54.18,17.04,2.55,0.0
20230614:1211,1020.01,53.98,16.79,2.97,0.0
20230614:1311,957.67,50.77,16.67,3.45,0.0
20230614:1411,829.94,45.29,16.28,2.76,0.0
20230614:1511,651.5,38.42,15.82,2.0,0.0
20230614:1611,474.43,30.84,16.03,2.55,0.0
20230614:1711,256.79,23.09,15.82,3.17,0.0
20230614:1811,93.87,15.53,15.42,3.24,0.0
20230614:1911,10.81,8.53,14.76,3.38,0.0
20230614:2011,0.83,2.39,14.02,3.45,0.0
20230614:2111,0.0,0.0,13.36,3.59,0.0
20230614:2211,0.0,0.0,12.97,3.59,0.0
20230614:2311,0.0,0.0,12.75,3.59,0.0
20230615:0011,0.0,0.0,12.59,3.66,0.0
20230615:0111,0.0,0.0,12.4,3.72,0.0
20230615:0211,0.0,0.0,12.22,3.72,0.0
20230615:0311,14.13,3.12,12.07,3.59,0.0
20230615:0411,52.37,9.38,12.23,3.45,0.0
20230615:0511,64.84,16.47,13.14,3.52,0.0
20230615:0611,219.7,24.07,14.32,3.72,0.0
20230615:0711,428.41,31.83,15.49,3.86,0.0
20230615:0811,636.86,39.35,16.5,3.93,0.0
20230615:0911,810.49,46.1,17.42,4.0,0.0
20230615:1011,941.31,51.35,18.0,4.21,0.0
20230615:1111,1011.92,54.22,18.4,4.34,0.0
20230615:1211,991.89,54.03,18.6,4.55,0.0
20230615:1311,860.76,50.83,18.57,4.62,0.0
20230615:1411,715.48,45.36,18.61,4.69,0.0
20230615:1511,470.99,38.48,18.28,4.69,0.0
20230615:1611,461.56,30.91,17.94,4.55,0.0
20230615:1711,246.88,23.15,18.48,3.93,0.0
20230615:1811,99.47,15.6,18.5,3.72,0.0
20230615:1911,7.48,8.59,17.63,4.69,0.0
20230615:2011,0.83,2.45,16.55,4.69,0.0
20230615:2111,0.0,0.0,15.8,4.34,0.0
20230615:2211,0.0,0.0,15.2,4.14,0.0
20230615:2311,0.0,0.0,14.51,4.41,0.0
20230616:0011,0.0,0.0,14.06,4.48,0.0
20230616:0111,0.0,0.0,13.77,4.14,0.0
20230616:0211,0.0,0.0,13.5,3.86,0.0
20230616:0311,13.3,3.14,13.12,3.79,0.0
20230616:0411,51.54,9.4,13.21,3.79,0.0
20230616:0511,73.15,16.48,14.14,3.79,0.0
20230616:0611,219.1,24.08,15.37,3.72,0.0
20230616:0711,421.96,31.83,16.82,3.17,0.0
20230616:0811,633.12,39.36,17.58,3.45,0.0
20230616:0911,805.01,46.11,18.11,4.0,0.0
20230616:1011,935.44,51.37,18.39,4.41,0.0
20230616:1111,1006.98,54.25,18.59,4.62,0.0
20230616:1211,1011.58,54.07,18.56,4.83,0.0
20230616:1311,945.18,50.88,18.3,4.97,0.0
20230616:1411,819.48,45.41,17.76,5.1,0.0
20230616:1511,660.23,38.54,17.61,4.62,0.0
20230616:1611,89.94,30.97,17.69,4.55,0.0
20230616:1711,80.05,23.21,17.01,4.0,0.0
20230616:1811,35.08,15.66,16.34,4.28,0.0
20230616:1911,41.56,8.65,15.41,4.07,0.0
20230616:2011,1.66,2.5,14.92,3.86,0.0
20230616:2111,0.0,0.0,14.26,3.86,0.0
20230616:2211,0.0,0.0,13.74,3.93,0.0
20230616:2311,0.0,0.0,13.46,3.66,0.0
20230617:0011,0.0,0.0,13.24,3.24,0.0
20230617:0111,0.0,0.0,12.88,3.38,0.0
20230617:0211,0.0,0.0,12.59,3.45,0.0
20230617:0311,13.3,3.15,12.36,3.31,0.0
20230617:0411,8.31,9.4,12.64,3.03,0.0
20230617:0511,54.03,16.48,13.81,2.62,0.0
20230617:0611,167.98,24.08,15.18,2.34,0.0
20230617:0711,379.46,31.83,16.39,1.86,0.0
20230617:0811,611.68,39.36,17.29,2.28,0.0
20230617:0911,785.66,46.12,17.55,3.03,0.0
20230617:1011,918.46,51.39,17.17,3.59,0.0
20230617:1111,980.76,54.28,17.08,3.72,0.0
20230617:1211,1006.79,54.11,16.86,3.52,0.0
20230617:1311,940.39,50.93,16.6,2.9,0.0
20230617:1411,820.53,45.46,16.78,2.07,0.0
20230617:1511,645.5,38.59,17.14,1.86,0.0
20230617:1611,392.86,31.02,17.18,2.83,0.0
20230617:1711,240.75,23.26,16.57,3.31,0.0
20230617:1811,98.37,15.71,15.81,3.1,0.0
20230617:1911,7.48,8.7,14.7,2.97,0.0
20230617:2011,1.66,2.55,14.23,2.76,0.0
20230617:2111,0.0,0.0,13.82,2.83,0.0
20230617:2211,0.0,0.0,13.57,2.76,0.0
20230617:2311,0.0,0.0,13.27,2.97,0.0
20230618:0011,0.0,0.0,12.91,3.17,0.0
20230618:0111,0.0,0.0,12.6,3.1,0.0
20230618:0211,0.0,0.0,12.36,2.9,0.0
20230618:0311,14.13,3.15,12.09,2.83,0.0
20230618:0411,9.98,9.4,12.39,2.76,0.0
20230618:0511,66.5,16.48,13.63,2.55,0.0
20230618:0611,194.29,24.07,15.15,2.21,0.0
20230618:0711,415.92,31.83,16.45,1.93,0.0
20230618:0811,621.7,39.35,17.07,2.48,0.0
20230618:0911,794.98,46.12,17.58,2.76,0.0
20230618:1011,928.64,51.4,18.03,2.9,0.0
20230618:1111,998.75,54.3,17.91,2.62,0.0
20230618:1211,998.5,54.14,16.81,1.52,0.0
20230618:1311,926.21,50.97,17.79,1.66,0.0
20230618:1411,814.22,45.51,19.03,0.83,0.0
20230618:1511,653.76,38.64,18.66,1.38,0.0
20230618:1611,449.75,31.07,17.91,1.66,0.0
20230618:1711,241.02,23.31,18.52,2.07,0.0
20230618:1811,91.33,15.76,19.1,2.28,0.0
20230618:1911,48.22,8.74,18.36,0.48,0.0
20230618:2011,1.66,2.6,17.86,1.17,0.0
20230618:2111,0.0,0.0,16.56,0.76,0.0
20230618:2211,0.0,0.0,16.55,0.28,0.0
20230618:2311,0.0,0.0,15.6,0.76,0.0
20230619:0011,0.0,0.0,14.6,0.9,0.0
20230619:0111,0.0,0.0,13.61,1.17,0.0
20230619:0211,0.0,0.0,12.72,1.38,0.0
20230619:0311,14.13,3.15,12.38,1.59,0.0
20230619:0411,48.22,9.39,12.75,1.52,0.0
20230619:0511,80.64,16.47,14.6,1.17,0.0
20230619:0611,216.59,24.06,16.35,0.69,0.0
20230619:0711,416.71,31.82,17.11,0.69,0.0
20230619:0811,341.25,39.34,17.92,0.9,0.0
20230619:0911,490.78,46.11,18.32,0.21,0.0
20230619:1011,607.29,51.4,18.56,0.34,0.0
20230619:1111,517.74,54.31,18.75,0.97,0.0
20230619:1211,506.0,54.17,18.67,0.97,0.0
20230619:1311,490.53,51.0,18.59,1.59,0.0
20230619:1411,366.04,45.55,18.66,2.28,0.0
20230619:1511,220.78,38.68,18.43,2.41,0.0
20230619:1611,38.68,31.11,18.03,2.55,0.0
20230619:1711,43.17,23.35,17.38,2.07,0.0
20230619:1811,33.28,15.8,16.82,1.59,0.0
20230619:1911,7.48,8.78,16.56,1.66,0.0
20230619:2011,1.66,2.63,16.13,1.17,0.0
20230619:2111,0.0,0.0,15.4,2.41,0.0
20230619:2211,0.0,0.0,15.77,2.28,0.0
20230619:2311,0.0,0.0,15.59,2.28,0.0
20230620:0011,0.0,0.0,15.35,2.83,0.0
20230620:0111,0.0,0.0,15.29,2.28,0.0
20230620:0211,0.0,0.0,15.06,2.0,0.0
20230620:0311,14.13,3.14,14.02,1.52,0.0
20230620:0411,18.29,9.38,14.1,1.38,0.0
20230620:0511,78.97,16.45,14.45,1.59,0.0
20230620:0611,141.45,24.04,15.13,1.79,0.0
20230620:0711,196.72,31.8,15.7,1.72,0.0
20230620:0811,300.88,39.33,16.69,1.52,0.0
20230620:0911,349.15,46.1,17.11,2.41,0.0
20230620:1011,525.02,51.4,17.43,2.55,0.0
20230620:1111,557.64,54.32,17.84,2.62,0.0
20230620:1211,692.98,54.19,17.58,2.76,0.0
20230620:1311,869.53,51.03,17.5,3.59,0.0
20230620:1411,789.57,45.58,17.0,3.45,0.0
20230620:1511,634.48,38.72,17.33,2.41,0.0
20230620:1611,348.8,31.15,17.82,1.93,0.0
20230620:1711,158.11,23.39,18.07,1.52,0.0
20230620:1811,101.54,15.83,17.71,1.52,0.0
20230620:1911,39.9,8.82,16.48,1.31,0.0
20230620:2011,1.66,2.66,16.35,1.52,0.0
20230620:2111,0.0,0.0,16.12,1.79,0.0
20230620:2211,0.0,0.0,15.84,1.79,0.0
20230620:2311,0.0,0.0,15.95,2.41,0.0
20230621:0011,0.0,0.0,16.18,3.59,0.0
20230621:0111,0.0,0.0,16.35,4.0,0.0
20230621:0211,0.0,0.0,16.37,4.28,0.0
20230621:0311,14.13,3.12,16.43,5.03,0.0
20230621:0411,8.31,9.36,16.59,5.66,0.0
20230621:0511,29.1,16.43,16.89,6.21,0.0
20230621:0611,28.78,24.02,17.12,6.83,0.0
20230621:0711,169.88,31.78,15.93,6.34,0.0
20230621:0811,341.35,39.31,16.42,6.21,0.0
20230621:0911,282.98,46.09,17.11,6.34,0.0
20230621:1011,299.5,51.39,18.06,6.97,0.0
20230621:1111,332.87,54.32,18.24,7.24,0.0
20230621:1211,252.82,54.2,17.53,7.17,0.0
20230621:1311,171.79,51.05,16.71,7.31,0.0
20230621:1411,114.23,45.61,15.41,6.34,0.0
20230621:1511,116.03,38.75,15.15,6.28,0.0
20230621:1611,126.82,31.18,15.04,6.21,0.0
20230621:1711,80.05,23.42,14.71,5.66,0.0
20230621:1811,39.58,15.86,14.35,4.83,0.0
20230621:1911,9.14,8.85,14.45,4.41,0.0
20230621:2011,1.66,2.69,14.15,3.52,0.0
20230621:2111,0.0,0.0,13.97,2.83,0.0
20230621:2211,0.0,0.0,13.8,2.14,0.0
20230621:2311,0.0,0.0,13.77,1.59,0.0
20230622:0011,0.0,0.0,13.82,1.38,0.0
20230622:0111,0.0,0.0,13.81,1.31,0.0
20230622:0211,0.0,0.0,13.79,1.59,0.0
20230622:0311,14.13,3.1,13.74,2.0,0.0
20230622:0411,14.96,9.33,13.7,2.41,0.0
20230622:0511,45.72,16.4,13.71,2.69,0.0
20230622:0611,203.26,23.99,13.76,3.1,0.0
20230622:0711,402.01,31.75,13.88,3.31,0.0
20230622:0811,513.26,39.28,13.77,3.38,0.0
20230622:0911,626.52,46.06,14.09,3.38,0.0
20230622:1011,555.75,51.37,14.73,3.24,0.0
20230622:1111,450.59,54.31,15.29,3.24,0.0
20230622:1211,598.27,54.2,15.47,3.17,0.0
20230622:1311,948.99,51.06,15.68,3.1,0.0
20230622:1411,830.32,45.63,15.67,3.17,0.0
20230622:1511,662.46,38.77,15.57,3.31,0.0
20230622:1611,283.3,31.21,15.32,3.52,0.0
20230622:1711,235.18,23.45,15.02,3.86,0.0
20230622:1811,95.84,15.89,14.65,4.21,0.0
20230622:1911,44.89,8.87,14.37,4.14,0.0
20230622:2011,1.66,2.71,13.76,4.28,0.0
20230622:2111,0.0,0.0,13.16,4.41,0.0
20230622:2211,0.0,0.0,12.86,4.48,0.0
20230622:2311,0.0,0.0,12.58,4.62,0.0
20230623:0011,0.0,0.0,12.5,4.83,0.0
20230623:0111,0.0,0.0,12.65,4.76,0.0
20230623:0211,0.0,0.0,12.62,4.76,0.0
20230623:0311,13.3,3.07,12.4,4.83,0.0
20230623:0411,8.31,9.3,12.4,4.97,0.0
20230623:0511,98.92,16.37,12.59,5.24,0.0
20230623:0611,216.6,23.95,12.87,5.72,0.0
20230623:0711,397.04,31.71,13.55,5.17,0.0
20230623:0811,595.57,39.25,14.17,5.52,0.0
20230623:0911,554.41,46.03,14.87,6.0,0.0
20230623:1011,868.73,51.35,15.44,6.48,0.0
20230623:1111,1009.63,54.3,15.87,6.76,0.0
20230623:1211,996.32,54.2,15.91,7.03,0.0
20230623:1311,873.02,51.07,15.8,7.24,0.0
20230623:1411,804.36,45.64,15.57,7.31,0.0
20230623:1511,422.25,38.79,15.25,7.31,0.0
20230623:1611,335.65,31.23,14.94,6.97,0.0
20230623:1711,140.59,23.47,14.71,6.48,0.0
20230623:1811,96.9,15.91,14.35,6.0,0.0
20230623:1911,41.56,8.88,13.87,5.31,0.0
20230623:2011,10.81,2.72,13.51,5.03,0.0
20230623:2111,0.0,0.0,13.21,4.55,0.0
20230623:2211,0.0,0.0,12.93,4.07,0.0
20230623:2311,0.0,0.0,12.65,3.79,0.0
20230624:0011,0.0,0.0,12.47,3.45,0.0
20230624:0111,0.0,0.0,12.25,2.76,0.0
20230624:0211,0.0,0.0,12.08,2.14,0.0
20230624:0311,13.3,3.04,11.86,1.86,0.0
20230624:0411,52.37,9.27,12.02,1.17,0.0
20230624:0511,64.84,16.33,12.81,1.31,0.0
20230624:0611,212.87,23.91,13.96,0.41,0.0
20230624:0711,314.04,31.67,15.34,0.41,0.0
20230624:0811,459.32,39.21,15.84,1.59,0.0
20230624:0911,569.4,46.0,16.5,2.28,0.0
20230624:1011,533.24,51.32,16.8,3.31,0.0
20230624:1111,590.91,54.28,16.7,3.52,0.0
20230624:1211,457.99,54.19,17.17,2.83,0.0
20230624:1311,459.76,51.07,17.77,2.48,0.0
20230624:1411,367.04,45.65,18.03,2.55,0.0
20230624:1511,384.06,38.8,17.88,2.83,0.0
20230624:1611,401.17,31.24,17.66,2.9,0.0
20230624:1711,232.32,23.48,17.55,2.97,0.0
20230624:1811,102.91,15.92,17.14,3.1,0.0
20230624:1911,48.22,8.89,16.49,2.21,0.0
20230624:2011,11.64,2.72,16.1,1.52,0.0
20230624:2111,0.0,0.0,15.81,1.17,0.0
20230624:2211,0.0,0.0,15.47,1.03,0.0
20230624:2311,0.0,0.0,15.26,1.31,0.0
20230625:0011,0.0,0.0,14.97,1.45,0.0
20230625:0111,0.0,0.0,14.61,1.31,0.0
20230625:0211,0.0,0.0,14.35,1.24,0.0
20230625:0311,13.3,3.0,14.25,1.31,0.0
20230625:0411,8.31,9.22,14.52,1.38,0.0
20230625:0511,27.43,16.29,15.65,1.45,0.0
20230625:0611,85.45,23.87,16.61,1.66,0.0
20230625:0711,145.67,31.63,17.4,1.45,0.0
20230625:0811,196.67,39.16,18.06,1.93,0.0
20230625:0911,244.59,45.96,18.44,2.55,0.0
20230625:1011,468.53,51.28,18.69,2.83,0.0
20230625:1111,518.24,54.25,19.19,3.17,0.0
20230625:1211,924.65,54.17,19.27,3.79,0.0
20230625:1311,941.77,51.07,19.06,4.41,0.0
20230625:1411,828.59,45.65,19.13,5.03,0.0
20230625:1511,657.07,38.81,18.74,5.52,0.0
20230625:1611,450.62,31.25,18.23,5.66,0.0
20230625:1711,202.1,23.49,17.79,5.59,0.0
20230625:1811,102.22,15.93,17.55,5.17,0.0
20230625:1911,28.26,8.9,17.12,5.45,0.0
20230625:2011,1.66,2.72,17.01,5.17,0.0
20230625:2111,0.0,0.0,16.74,5.1,0.0
20230625:2211,0.0,0.0,16.51,5.1,0.0
20230625:2311,0.0,0.0,16.4,5.38,0.0
20230626:0011,0.0,0.0,16.39,5.72,0.0
20230626:0111,0.0,0.0,16.28,6.28,0.0
20230626:0211,0.0,0.0,16.34,6.41,0.0
20230626:0311,13.3,2.95,16.51,6.69,0.0
20230626:0411,50.71,9.17,16.95,7.31,0.0
20230626:0511,93.94,16.24,17.66,7.45,0.0
20230626:0611,28.78,23.82,18.53,7.66,0.0
20230626:0711,43.17,31.58,19.24,7.59,0.0
20230626:0811,71.96,39.11,18.92,7.52,0.0
20230626:0911,84.55,45.91,17.94,7.31,0.0
20230626:1011,125.02,51.24,16.99,7.17,0.0
20230626:1111,173.59,54.22,16.56,7.38,0.0
20230626:1211,119.63,54.15,16.2,6.62,0.0
20230626:1311,191.58,51.05,16.07,5.59,0.0
20230626:1411,187.08,45.65,15.74,5.1,0.0
20230626:1511,69.26,38.81,15.21,5.24,0.0
20230626:1611,99.84,31.25,14.4,7.17,0.0
20230626:1711,129.58,23.49,13.98,8.34,0.0
20230626:1811,17.99,15.93,13.64,8.41,0.0
20230626:1911,13.3,8.89,13.69,7.66,0.0
20230626:2011,1.66,2.71,13.46,8.48,0.0
20230626:2111,0.0,0.0,13.22,8.97,0.0
20230626:2211,0.0,0.0,13.03,8.83,0.0
20230626:2311,0.0,0.0,12.85,8.97,0.0
20230627:0011,0.0,0.0,12.74,9.1,0.0
20230627:0111,0.0,0.0,12.73,8.83,0.0
20230627:0211,0.0,0.0,12.67,8.83,0.0
20230627:0311,13.3,2.9,12.61,8.41,0.0
20230627:0411,8.31,9.12,12.54,8.28,0.0
20230627:0511,22.44,16.18,12.66,8.0,0.0
20230627:0611,89.94,23.76,12.75,7.93,0.0
20230627:0711,304.42,31.52,12.75,7.86,0.0
20230627:0811,443.69,39.06,12.92,8.07,0.0
20230627:0911,563.23,45.86,13.49,8.0,0.0
20230627:1011,724.22,51.19,14.0,8.07,0.0
20230627:1111,742.04,54.18,14.26,7.93,0.0
20230627:1211,965.45,54.12,14.43,7.72,0.0
20230627:1311,912.01,51.04,14.71,7.66,0.0
20230627:1411,805.39,45.64,14.89,7.59,0.0
20230627:1511,665.79,38.8,14.84,7.52,0.0
20230627:1611,457.65,31.25,14.63,7.38,0.0
20230627:1711,250.72,23.49,14.35,7.17,0.0
20230627:1811,83.79,15.92,13.96,6.69,0.0
20230627:1911,49.05,8.88,13.93,6.0,0.0
20230627:2011,1.66,2.7,13.56,5.66,0.0
20230627:2111,0.0,0.0,13.21,5.03,0.0
20230627:2211,0.0,0.0,12.99,4.55,0.0
20230627:2311,0.0,0.0,12.74,3.93,0.0
20230628:0011,0.0,0.0,12.56,3.45,0.0
20230628:0111,0.0,0.0,12.4,2.9,0.0
20230628:0211,0.0,0.0,12.18,2.41,0.0
20230628:0311,12.47,2.84,12.0,2.07,0.0
20230628:0411,49.05,9.06,12.11,1.59,0.0
20230628:0511,94.77,16.12,12.92,1.03,0.0
20230628:0611,210.04,23.7,13.65,0.69,0.0
20230628:0711,411.16,31.46,14.63,0.55,0.0
20230628:0811,228.33,39.0,15.61,0.34,0.0
20230628:0911,647.63,45.8,16.53,1.45,0.0
20230628:1011,223.48,51.13,16.97,2.76,0.0
20230628:1111,166.4,54.13,16.73,3.79,0.0
20230628:1211,147.51,54.08,16.47,4.14,0.0
20230628:1311,125.02,51.01,15.98,4.21,0.0
20230628:1411,167.3,45.62,16.14,4.48,0.0
20230628:1511,241.44,38.79,16.56,4.55,0.0
20230628:1611,177.99,31.24,16.57,4.41,0.0
20230628:1711,101.64,23.48,16.54,4.55,0.0
20230628:1811,44.97,15.91,16.39,4.55,0.0
20230628:1911,11.64,8.87,15.97,4.0,0.0
20230628:2011,1.66,2.68,15.72,3.79,0.0
20230628:2111,0.0,0.0,15.42,3.45,0.0
20230628:2211,0.0,0.0,15.29,2.83,0.0
20230628:2311,0.0,0.0,15.19,2.34,0.0
20230629:0011,0.0,0.0,15.03,2.0,0.0
20230629:0111,0.0,0.0,14.74,2.21,0.0
20230629:0211,0.0,0.0,14.57,2.69,0.0
20230629:0311,12.47,2.78,14.6,3.17,0.0
20230629:0411,7.48,8.99,14.37,3.72,0.0
20230629:0511,32.42,16.05,14.31,4.28,0.0
20230629:0611,65.66,23.63,14.14,4.9,0.0
20230629:0711,197.54,31.39,14.48,5.1,0.0
20230629:0811,174.68,38.93,14.7,4.9,0.0
20230629:0911,245.85,45.73,14.65,5.03,0.0
20230629:1011,190.68,51.07,14.76,5.17,0.0
20230629:1111,141.21,54.07,14.83,5.31,0.0
20230629:1211,132.22,54.04,15.31,5.38,0.0
20230629:1311,189.78,50.98,15.3,5.72,0.0
20230629:1411,86.35,45.6,14.75,6.41,0.0
20230629:1511,90.84,38.77,13.55,6.76,0.0
20230629:1611,62.96,31.22,13.11,7.17,0.0
20230629:1711,27.88,23.46,12.46,7.79,0.0
20230629:1811,26.98,15.89,12.57,7.86,0.0
20230629:1911,44.89,8.85,12.63,7.03,0.0
20230629:2011,1.66,2.65,12.49,6.97,0.0
20230629:2111,0.0,0.0,12.44,6.97,0.0
20230629:2211,0.0,0.0,12.43,6.97,0.0
20230629:2311,0.0,0.0,12.43,6.97,0.0
20230630:0011,0.0,0.0,12.36,6.69,0.0
20230630:0111,0.0,0.0,12.14,6.41,0.0
20230630:0211,0.0,0.0,12.0,6.07,0.0
20230630:0311,11.64,2.71,11.87,5.52,0.0
20230630:0411,39.9,8.92,11.96,4.69,0.0
20230630:0511,73.99,15.98,12.15,3.93,0.0
20230630:0611,209.03,23.56,12.44,3.31,0.0
20230630:0711,379.79,31.32,12.64,1.93,0.0
20230630:0811,568.88,38.86,13.37,1.66,0.0
20230630:0911,355.87,45.66,13.99,1.93,0.0
20230630:1011,189.78,51.0,14.27,2.41,0.0
20230630:1111,0.0,0.0,14.48,3.1,0.0
20230630:1211,604.7,53.99,14.87,4.0,0.0
20230630:1311,602.99,50.94,15.02,4.62,0.0
20230630:1411,567.59,45.57,15.02,4.97,0.0
20230630:1511,189.51,38.75,14.88,4.62,0.0
20230630:1611,160.36,31.2,14.84,4.07,0.0
20230630:1711,143.89,23.44,14.68,3.72,0.0
20230630:1811,51.27,15.87,14.47,3.86,0.0
20230630:1911,27.43,8.82,13.83,3.66,0.0
20230630:2011,1.66,2.62,13.76,3.24,0.0
20230630:2111,0.0,0.0,13.56,3.17,0.0
20230630:2211,0.0,0.0,13.18,3.24,0.0
20230630:2311,0.0,0.0,12.94,3.38,0.0
20230701:0011,0.0,0.0,12.67,3.59,0.0
20230701:0111,0.0,0.0,12.51,3.79,0.0
20230701:0211,0.0,0.0,12.26,3.93,0.0
20230701:0311,11.64,2.63,12.16,4.14,0.0
20230701:0411,7.48,8.85,12.07,4.28,0.0
20230701:0511,41.56,15.9,12.39,4.21,0.0
20230701:0611,135.89,23.48,13.11,4.41,0.0
20230701:0711,318.01,31.24,13.86,4.14,0.0
20230701:0811,353.9,38.78,14.83,4.28,0.0
20230701:0911,140.31,45.58,15.78,4.34,0.0
20230701:1011,214.97,50.93,16.14,4.21,0.0
20230701:1111,181.69,53.95,15.58,3.86,0.0
20230701:1211,124.12,53.93,14.82,3.72,0.0
20230701:1311,191.58,50.89,14.58,4.07,0.0
20230701:1411,126.82,45.53,14.86,4.41,0.0
20230701:1511,136.71,38.72,14.8,4.48,0.0
20230701:1611,109.73,31.18,14.75,4.76,0.0
20230701:1711,45.87,23.42,14.21,4.48,0.0
20230701:1811,81.96,15.84,13.99,4.41,0.0
20230701:1911,7.48,8.79,13.59,4.41,0.0
20230701:2011,10.81,2.58,13.47,3.72,0.0
20230701:2111,0.0,0.0,12.69,3.24,0.0
20230701:2211,0.0,0.0,12.56,5.79,0.0
20230701:2311,0.0,0.0,12.11,7.86,0.0
20230702:0011,0.0,0.0,12.41,6.62,0.0
20230702:0111,0.0,0.0,12.31,4.97,0.0
20230702:0211,0.0,0.0,12.16,4.41,0.0
20230702:0311,10.81,2.55,12.1,4.14,0.0
20230702:0411,7.48,8.76,12.01,3.86,0.0
20230702:0511,97.26,15.82,12.09,3.79,0.0
20230702:0611,170.92,23.4,12.26,3.38,0.0
20230702:0711,307.02,31.16,12.85,3.79,0.0
20230702:0811,620.37,38.7,13.26,4.0,0.0
20230702:0911,787.79,45.5,13.61,4.14,0.0
20230702:1011,861.8,50.85,14.11,3.86,0.0
20230702:1111,840.62,53.87,14.41,2.97,0.0
20230702:1211,797.86,53.87,14.54,2.07,0.0
20230702:1311,561.56,50.84,14.76,2.14,0.0
20230702:1411,727.09,45.49,15.08,3.38,0.0
20230702:1511,628.36,38.68,15.11,4.55,0.0
20230702:1611,444.1,31.14,14.69,5.31,0.0
20230702:1711,250.8,23.38,14.19,5.93,0.0
20230702:1811,101.06,15.8,13.39,6.34,0.0
20230702:1911,27.43,8.75,13.12,5.86,0.0
20230702:2011,1.66,2.54,12.39,6.41,0.0
20230702:2111,0.0,0.0,12.41,7.1,0.0
20230702:2211,0.0,0.0,12.14,8.21,0.0
20230702:2311,0.0,0.0,11.66,9.1,0.0
20230703:0011,0.0,0.0,11.85,9.66,0.0
20230703:0111,0.0,0.0,11.44,9.93,0.0
20230703:0211,0.0,0.0,11.65,9.59,0.0
20230703:0311,10.81,2.46,11.65,9.31,0.0
20230703:0411,7.48,8.68,11.7,8.97,0.0
20230703:0511,21.61,15.74,11.7,8.55,0.0
20230703:0611,27.88,23.31,11.65,8.07,0.0
20230703:0711,60.26,31.07,11.76,9.93,0.0
20230703:0811,87.25,38.61,11.83,9.45,0.0
20230703:0911,82.75,45.41,11.93,9.17,0.0
20230703:1011,103.44,50.76,11.92,8.62,0.0
20230703:1111,135.82,53.79,11.92,8.14,0.0
20230703:1211,133.12,53.8,11.95,8.07,0.0
20230703:1311,140.31,50.78,11.89,8.41,0.0
20230703:1411,116.93,45.44,11.93,8.28,0.0
20230703:1511,97.14,38.64,11.78,8.41,0.0
20230703:1611,88.15,31.1,11.6,8.34,0.0
20230703:1711,38.68,23.34,11.79,7.93,0.0
20230703:1811,35.08,15.76,11.87,7.79,0.0
20230703:1911,7.48,8.7,12.1,8.41,0.0
20230703:2011,1.66,2.49,12.04,7.93,0.0
20230703:2111,0.0,0.0,11.93,7.66,0.0
20230703:2211,0.0,0.0,11.82,7.38,0.0
20230703:2311,0.0,0.0,11.83,7.03,0.0
20230704:0011,0.0,0.0,11.74,6.55,0.0
20230704:0111,0.0,0.0,11.41,5.93,0.0
20230704:0211,0.0,0.0,11.49,4.83,0.0
20230704:0311,9.98,2.37,11.52,3.86,0.0
20230704:0411,48.22,8.58,11.51,3.66,0.0
20230704:0511,29.1,15.64,11.59,4.0,0.0
20230704:0611,76.45,23.22,12.06,4.21,0.0
20230704:0711,147.47,30.98,12.53,4.83,0.0
20230704:0811,332.18,38.52,12.74,5.24,0.0
20230704:0911,626.35,45.32,13.23,5.72,0.0
20230704:1011,734.67,50.67,13.51,5.93,0.0
20230704:1111,905.85,53.7,13.5,6.0,0.0
20230704:1211,1024.29,53.72,13.69,6.21,0.0
20230704:1311,868.92,50.71,13.65,6.28,0.0
20230704:1411,757.85,45.38,13.47,6.41,0.0
20230704:1511,499.31,38.59,13.31,6.34,0.0
20230704:1611,377.21,31.06,13.09,6.28,0.0
20230704:1711,230.1,23.3,12.89,6.07,0.0
20230704:1811,80.81,15.71,12.61,5.66,0.0
20230704:1911,42.4,8.65,12.36,4.76,0.0
20230704:2011,1.66,2.43,12.02,4.21,0.0
20230704:2111,0.0,0.0,11.59,3.72,0.0
20230704:2211,0.0,0.0,11.3,3.31,0.0
20230704:2311,0.0,0.0,11.12,2.9,0.0
20230705:0011,0.0,0.0,10.94,2.41,0.0
20230705:0111,0.0,0.0,10.91,2.21,0.0
20230705:0211,0.0,0.0,10.79,2.0,0.0
20230705:0311,9.14,2.27,10.44,1.45,0.0
20230705:0411,20.78,8.49,10.29,1.24,0.0
20230705:0511,60.68,15.55,10.79,0.97,0.0
20230705:0611,206.48,23.13,11.48,0.83,0.0
20230705:0711,0.0,0.0,12.25,1.59,0.0
20230705:0811,533.84,38.42,12.79,1.24,0.0
20230705:0911,712.11,45.22,13.35,2.07,0.0
20230705:1011,584.36,50.58,13.92,2.28,0.0
20230705:1111,1001.19,53.61,14.38,3.03,0.0
20230705:1211,1017.9,53.63,14.5,4.21,0.0
20230705:1311,625.35,50.64,14.46,5.24,0.0
20230705:1411,350.99,45.32,14.22,5.72,0.0
20230705:1511,342.07,38.54,13.91,5.59,0.0
20230705:1611,107.93,31.0,13.66,5.31,0.0
20230705:1711,44.97,23.25,13.31,4.9,0.0
20230705:1811,33.28,15.66,12.94,4.48,0.0
20230705:1911,24.11,8.59,12.74,4.14,0.0
20230705:2011,1.66,2.36,12.41,3.93,0.0
20230705:2111,0.0,0.0,11.79,3.79,0.0
20230705:2211,0.0,0.0,11.7,4.0,0.0
20230705:2311,0.0,0.0,12.03,4.21,0.0
20230706:0011,0.0,0.0,11.98,4.48,0.0
20230706:0111,0.0,0.0,12.05,4.76,0.0
20230706:0211,0.0,0.0,12.05,5.03,0.0
20230706:0311,9.14,2.17,12.11,4.9,0.0
20230706:0411,7.48,8.38,12.15,4.97,0.0
20230706:0511,48.22,15.44,12.19,5.31,0.0
20230706:0611,131.37,23.02,12.37,5.45,0.0
20230706:0711,301.06,30.78,12.86,4.83,0.0
20230706:0811,339.21,38.32,13.29,4.76,0.0
20230706:0911,400.86,45.12,13.66,4.76,0.0
20230706:1011,509.08,50.47,13.73,4.9,0.0
20230706:1111,629.51,53.51,13.98,5.17,0.0
20230706:1211,686.72,53.54,13.68,5.38,0.0
20230706:1311,675.77,50.56,14.05,5.38,0.0
20230706:1411,390.31,45.25,13.7,5.24,0.0
20230706:1511,455.33,38.48,13.92,4.9,0.0
20230706:1611,420.11,30.95,13.73,4.48,0.0
20230706:1711,235.57,23.19,13.4,4.07,0.0
20230706:1811,76.63,15.6,13.27,3.66,0.0
20230706:1911,37.41,8.53,12.93,2.28,0.0
20230706:2011,3.33,2.29,12.49,1.66,0.0
20230706:2111,0.0,0.0,12.02,1.24,0.0
20230706:2211,0.0,0.0,11.37,1.03,0.0
20230706:2311,0.0,0.0,10.92,0.97,0.0
20230707:0011,0.0,0.0,10.83,0.9,0.0
20230707:0111,0.0,0.0,9.68,1.45,0.0
20230707:0211,0.0,0.0,9.33,1.86,0.0
20230707:0311,8.31,2.06,9.34,2.55,0.0
20230707:0411,14.13,8.27,9.34,2.9,0.0
20230707:0511,18.29,15.34,9.79,2.69,0.0
20230707:0611,158.27,22.92,10.72,2.62,0.0
20230707:0711,266.01,30.68,12.9,2.76,0.0
20230707:0811,368.9,38.21,13.86,2.83,0.0
20230707:0911,286.66,45.01,14.6,2.97,0.0
20230707:1011,498.59,50.36,14.89,3.17,0.0
20230707:1111,391.73,53.4,15.09,3.1,0.0
20230707:1211,401.94,53.44,15.56,2.76,0.0
20230707:1311,489.74,50.48,15.66,2.69,0.0
20230707:1411,356.75,45.18,15.38,2.76,0.0
20230707:1511,307.52,38.41,15.06,2.97,0.0
20230707:1611,287.16,30.88,15.36,2.9,0.0
20230707:1711,164.38,23.12,15.52,2.62,0.0
20230707:1811,77.21,15.53,15.32,2.41,0.0
20230707:1911,38.24,8.45,14.96,2.48,0.0
20230707:2011,9.14,2.21,14.5,2.48,0.0
20230707:2111,0.0,0.0,14.02,2.55,0.0
20230707:2211,0.0,0.0,13.66,2.55,0.0
20230707:2311,0.0,0.0,13.32,2.41,0.0
20230708:0011,0.0,0.0,13.02,2.34,0.0
20230708:0111,0.0,0.0,12.74,2.28,0.0
20230708:0211,0.0,0.0,12.36,2.28,0.0
20230708:0311,7.48,1.95,12.04,2.28,0.0
20230708:0411,38.24,8.16,12.08,2.07,0.0
20230708:0511,59.85,15.22,12.97,1.72,0.0
20230708:0611,201.54,22.81,14.48,1.52,0.0
20230708:0711,412.27,30.57,15.47,1.1,0.0
20230708:0811,618.99,38.1,16.51,0.34,0.0
20230708:0911,802.31,44.9,17.27,0.55,0.0
20230708:1011,928.29,50.25,17.67,1.59,0.0
20230708:1111,1010.88,53.29,17.78,2.07,0.0
20230708:1211,1020.82,53.34,17.62,2.48,0.0
20230708:1311,975.87,50.38,17.63,2.76,0.0
20230708:1411,860.24,45.1,17.72,2.9,0.0
20230708:1511,687.35,38.33,17.65,2.9,0.0
20230708:1611,469.48,30.81,17.6,2.76,0.0
20230708:1711,243.16,23.05,17.23,2.62,0.0
20230708:1811,73.76,15.46,16.73,2.28,0.0
20230708:1911,39.9,8.38,16.56,3.17,0.0
20230708:2011,7.48,2.13,16.02,3.1,0.0
20230708:2111,0.0,0.0,15.49,3.31,0.0
20230708:2211,0.0,0.0,15.25,3.38,0.0
20230708:2311,0.0,0.0,15.07,3.31,0.0
20230709:0011,0.0,0.0,14.77,2.83,0.0
20230709:0111,0.0,0.0,14.39,2.41,0.0
20230709:0211,0.0,0.0,14.13,2.0,0.0
20230709:0311,7.48,1.83,14.02,2.07,0.0
20230709:0411,36.58,8.04,14.45,2.62,0.0
20230709:0511,57.36,15.11,15.27,2.9,0.0
20230709:0611,200.87,22.69,16.4,2.83,0.0
20230709:0711,409.84,30.45,17.63,2.76,0.0
20230709:0811,619.91,37.98,18.74,2.76,0.0
20230709:0911,797.35,44.78,19.82,2.62,0.0
20230709:1011,928.21,50.13,20.36,2.76,0.0
20230709:1111,1012.08,53.17,20.43,3.1,0.0
20230709:1211,1021.96,53.23,20.64,3.38,0.0
20230709:1311,941.84,50.29,20.86,3.59,0.0
20230709:1411,680.15,45.01,20.94,3.59,0.0
20230709:1511,639.65,38.25,20.91,3.59,0.0
20230709:1611,304.17,30.74,20.84,3.59,0.0
20230709:1711,204.97,22.98,20.76,3.66,0.0
20230709:1811,27.88,15.38,20.55,4.07,0.0
20230709:1911,7.48,8.29,19.57,3.86,0.0
20230709:2011,0.83,2.04,19.28,4.83,0.0
20230709:2111,0.0,0.0,18.93,5.1,0.0
20230709:2211,0.0,0.0,18.29,4.97,0.0
20230709:2311,0.0,0.0,17.51,4.97,0.0
20230710:0011,0.0,0.0,16.17,4.62,0.0
20230710:0111,0.0,0.0,15.41,4.48,0.0
20230710:0211,0.0,0.0,14.61,4.07,0.0
20230710:0311,5.82,1.7,14.27,3.52,0.0
20230710:0411,43.23,7.92,14.13,2.69,0.0
20230710:0511,88.12,14.99,14.1,1.86,0.0
20230710:0611,26.98,22.57,14.15,1.24,0.0
20230710:0711,63.86,30.33,14.86,0.97,0.0
20230710:0811,90.84,37.86,14.94,0.69,0.0
20230710:0911,122.32,44.65,15.18,0.76,0.0
20230710:1011,198.78,50.0,15.15,1.52,0.0
20230710:1111,391.7,53.05,15.05,1.79,0.0
20230710:1211,313.38,53.11,15.06,1.86,0.0
20230710:1311,269.31,50.18,15.05,2.34,0.0
20230710:1411,262.79,44.91,14.86,3.17,0.0
20230710:1511,309.97,38.17,14.75,3.1,0.0
20230710:1611,275.57,30.65,14.64,2.14,0.0
20230710:1711,165.15,22.9,14.48,1.59,0.0
20230710:1811,100.35,15.3,14.46,1.72,0.0
20230710:1911,40.73,8.2,14.49,0.69,0.0
20230710:2011,7.48,1.94,14.19,0.28,0.0
20230710:2111,0.0,0.0,13.73,1.24,0.0
20230710:2211,0.0,0.0,13.5,1.93,0.0
20230710:2311,0.0,0.0,13.12,2.28,0.0
20230711:0011,0.0,0.0,12.86,2.62,0.0
20230711:0111,0.0,0.0,12.61,3.03,0.0
20230711:0211,0.0,0.0,12.3,3.45,0.0
20230711:0311,5.82,1.57,12.15,3.86,0.0
20230711:0411,6.65,7.79,12.21,4.41,0.0
20230711:0511,14.96,14.86,12.67,5.1,0.0
20230711:0611,34.18,22.45,13.28,6.07,0.0
20230711:0711,72.85,30.2,13.69,6.21,0.0
20230711:0811,60.26,37.74,14.25,7.1,0.0
20230711:0911,140.31,44.52,14.21,7.59,0.0
20230711:1011,103.44,49.87,14.06,7.86,0.0
20230711:1111,217.66,52.91,14.37,8.62,0.0
20230711:1211,78.25,52.99,14.37,8.34,0.0
20230711:1311,116.93,50.07,14.67,8.48,0.0
20230711:1411,55.77,44.81,14.51,8.34,0.0
20230711:1511,98.04,38.07,14.68,8.55,0.0
20230711:1611,129.52,30.56,14.91,8.48,0.0
20230711:1711,43.17,22.81,15.1,8.69,0.0
20230711:1811,17.09,15.2,15.06,7.86,0.0
20230711:1911,13.3,8.11,14.57,5.93,0.0
20230711:2011,0.83,1.84,14.15,5.66,0.0
20230711:2111,0.0,0.0,14.12,5.79,0.0
20230711:2211,0.0,0.0,14.03,5.86,0.0
20230711:2311,0.0,0.0,13.86,6.0,0.0
20230712:0011,0.0,0.0,13.92,6.34,0.0
20230712:0111,0.0,0.0,13.81,6.34,0.0
20230712:0211,0.0,0.0,13.84,6.41,0.0
20230712:0311,4.99,1.43,13.82,6.69,0.0
20230712:0411,17.46,7.66,13.7,6.69,0.0
20230712:0511,57.36,14.73,13.67,6.55,0.0
20230712:0611,116.5,22.32,13.91,6.28,0.0
20230712:0711,231.69,30.08,14.17,6.0,0.0
20230712:0811,478.97,37.61,14.15,5.79,0.0
20230712:0911,504.62,44.39,14.96,4.48,0.0
20230712:1011,594.69,49.73,14.98,4.28,0.0
20230712:1111,662.91,52.78,15.12,4.07,0.0
20230712:1211,289.43,52.86,15.27,4.0,0.0
20230712:1311,505.72,49.95,15.34,4.0,0.0
20230712:1411,768.21,44.7,15.16,3.79,0.0
20230712:1511,484.93,37.98,15.18,3.72,0.0
20230712:1611,311.95,30.47,15.32,4.28,0.0
20230712:1711,217.64,22.71,14.54,4.9,0.0
20230712:1811,47.67,15.11,14.26,4.9,0.0
20230712:1911,33.25,8.0,13.94,4.48,0.0
20230712:2011,0.83,1.73,13.3,4.69,0.0
20230712:2111,0.0,0.0,13.12,4.48,0.0
20230712:2211,0.0,0.0,13.08,4.55,0.0
20230712:2311,0.0,0.0,13.02,4.62,0.0
20230713:0011,0.0,0.0,12.82,4.55,0.0
20230713:0111,0.0,0.0,12.75,4.28,0.0
20230713:0211,0.0,0.0,12.82,4.0,0.0
20230713:0311,0.0,0.0,12.86,3.86,0.0
20230713:0411,16.63,7.52,12.92,4.07,0.0
20230713:0511,45.72,14.59,12.99,4.55,0.0
20230713:0611,26.98,22.18,13.23,4.41,0.0
20230713:0711,72.85,29.94,13.3,5.17,0.0
20230713:0811,194.05,37.47,13.66,5.38,0.0
20230713:0911,218.4,44.25,13.74,5.59,0.0
20230713:1011,188.88,49.59,13.48,6.21,0.0
20230713:1111,456.53,52.63,13.57,6.28,0.0
20230713:1211,320.43,52.72,14.26,6.14,0.0
20230713:1311,170.89,49.82,14.22,6.07,0.0
20230713:1411,381.13,44.59,14.26,5.93,0.0
20230713:1511,326.43,37.87,13.7,5.93,0.0
20230713:1611,182.24,30.37,13.85,5.59,0.0
20230713:1711,128.71,22.61,13.61,5.17,0.0
20230713:1811,73.87,15.0,13.33,4.9,0.0
20230713:1911,11.64,7.89,13.19,4.55,0.0
20230713:2011,0.83,1.61,12.9,4.0,0.0
20230713:2111,0.0,0.0,12.66,3.52,0.0
20230713:2211,0.0,0.0,12.51,3.1,0.0
20230713:2311,0.0,0.0,12.28,2.55,0.0
20230714:0011,0.0,0.0,12.26,2.0,0.0
20230714:0111,0.0,0.0,12.1,1.66,0.0
20230714:0211,0.0,0.0,11.87,1.45,0.0
20230714:0311,0.0,0.0,11.34,1.1,0.0
20230714:0411,36.58,7.38,11.38,0.55,0.0
20230714:0511,80.64,14.45,11.73,0.55,0.0
20230714:0611,194.6,22.05,12.47,0.48,0.0
20230714:0711,307.54,29.8,13.49,0.83,0.0
20230714:0811,534.29,37.33,14.04,0.97,0.0
20230714:0911,698.81,44.11,14.43,1.31,0.0
20230714:1011,856.93,49.44,14.95,2.0,0.0
20230714:1111,845.21,52.48,15.17,2.69,0.0
20230714:1211,930.53,52.58,15.18,2.97,0.0
20230714:1311,872.51,49.69,14.99,2.76,0.0
20230714:1411,825.06,44.47,14.85,2.14,0.0
20230714:1511,660.59,37.76,15.23,1.59,0.0
20230714:1611,456.49,30.26,15.52,1.72,0.0
20230714:1711,263.98,22.5,15.64,1.86,0.0
20230714:1811,79.51,14.89,15.39,1.93,0.0
20230714:1911,42.4,7.78,15.13,2.07,0.0
20230714:2011,0.83,1.49,14.67,2.34,0.0
20230714:2111,0.0,0.0,14.18,2.83,0.0
20230714:2211,0.0,0.0,13.75,3.31,0.0
20230714:2311,0.0,0.0,13.59,3.93,0.0
20230715:0011,0.0,0.0,13.72,4.62,0.0
20230715:0111,0.0,0.0,13.73,4.97,0.0
20230715:0211,0.0,0.0,13.54,5.31,0.0
20230715:0311,0.0,0.0,13.57,5.45,0.0
20230715:0411,8.31,7.23,13.64,5.72,0.0
20230715:0511,19.12,14.31,13.88,6.07,0.0
20230715:0611,35.98,21.9,14.18,7.1,0.0
20230715:0711,62.96,29.66,15.08,8.07,0.0
20230715:0811,70.16,37.19,15.35,8.41,0.0
20230715:0911,190.68,43.96,15.61,9.24,0.0
20230715:1011,246.05,49.28,15.75,9.86,0.0
20230715:1111,115.13,52.33,15.85,10.14,0.0
20230715:1211,390.45,52.43,16.19,10.14,0.0
20230715:1311,164.6,49.55,16.52,9.93,0.0
20230715:1411,123.22,44.34,16.53,9.03,0.0
20230715:1511,89.04,37.64,16.26,8.55,0.0
20230715:1611,228.93,30.15,15.8,7.93,0.0
20230715:1711,120.81,22.39,15.69,8.21,0.0
20230715:1811,92.98,14.78,15.34,9.38,0.0
20230715:1911,36.58,7.66,15.15,8.97,0.0
20230715:2011,0.83,1.36,14.78,9.24,0.0
20230715:2111,0.0,0.0,14.63,8.97,0.0
20230715:2211,0.0,0.0,14.45,8.69,0.0
20230715:2311,0.0,0.0,14.32,8.55,0.0
20230716:0011,0.0,0.0,14.35,8.62,0.0
20230716:0111,0.0,0.0,14.38,8.41,0.0
20230716:0211,0.0,0.0,14.2,8.41,0.0
20230716:0311,0.0,0.0,14.21,8.48,0.0
20230716:0411,28.26,7.08,14.1,8.9,0.0
20230716:0511,65.67,14.16,14.0,9.24,0.0
20230716:0611,145.22,21.76,14.04,9.38,0.0
20230716:0711,265.29,29.52,14.09,10.14,0.0
20230716:0811,76.45,37.04,14.31,10.34,0.0
20230716:0911,428.43,43.8,14.2,10.41,0.0
20230716:1011,178.99,49.13,14.24,10.41,0.0
20230716:1111,425.98,52.17,14.84,9.03,0.0
20230716:1211,564.86,52.27,15.3,7.93,0.0
20230716:1311,158.3,49.41,15.55,7.79,0.0
20230716:1411,110.63,44.21,15.46,8.41,0.0
20230716:1511,234.52,37.52,14.59,8.76,0.0
20230716:1611,130.42,30.03,14.62,8.62,0.0
20230716:1711,98.04,22.27,14.49,9.1,0.0
20230716:1811,54.87,14.66,14.35,7.86,0.0
20230716:1911,11.64,7.53,14.19,7.52,0.0
20230716:2011,0.0,0.0,14.19,6.97,0.0
20230716:2111,0.0,0.0,14.19,6.76,0.0
20230716:2211,0.0,0.0,14.18,6.97,0.0
20230716:2311,0.0,0.0,14.02,6.97,0.0
20230717:0011,0.0,0.0,13.78,7.45,0.0
20230717:0111,0.0,0.0,13.6,7.38,0.0
20230717:0211,0.0,0.0,13.58,7.17,0.0
20230717:0311,0.0,0.0,13.28,7.45,0.0
20230717:0411,5.82,6.93,13.28,7.38,0.0
20230717:0511,14.13,14.01,13.26,7.52,0.0
20230717:0611,33.28,21.61,13.27,7.72,0.0
20230717:0711,111.53,29.37,13.17,8.0,0.0
20230717:0811,172.92,36.88,13.33,8.21,0.0
20230717:0911,161.0,43.65,13.4,8.0,0.0
20230717:1011,186.18,48.96,13.51,7.93,0.0
20230717:1111,199.68,52.0,13.53,6.9,0.0
20230717:1211,211.37,52.11,13.61,6.41,0.0
20230717:1311,111.53,49.26,13.6,6.76,0.0
20230717:1411,165.5,44.07,13.59,7.03,0.0
20230717:1511,217.66,37.39,13.82,6.48,0.0
20230717:1611,116.03,29.9,13.34,6.69,0.0
20230717:1711,149.83,22.15,13.17,6.48,0.0
20230717:1811,64.83,14.53,12.78,6.55,0.0
20230717:1911,16.63,7.39,12.41,6.07,0.0
20230717:2011,0.0,0.0,12.18,6.07,0.0
20230717:2111,0.0,0.0,11.97,5.93,0.0
20230717:2211,0.0,0.0,11.75,5.86,0.0
20230717:2311,0.0,0.0,11.58,6.0,0.0
20230718:0011,0.0,0.0,11.27,6.48,0.0
20230718:0111,0.0,0.0,11.14,6.62,0.0
20230718:0211,0.0,0.0,11.21,6.55,0.0
20230718:0311,0.0,0.0,11.13,6.48,0.0
20230718:0411,13.3,6.77,11.06,6.62,0.0
20230718:0511,14.13,13.86,11.06,6.55,0.0
20230718:0611,176.64,21.45,11.35,5.79,0.0
20230718:0711,249.44,29.21,11.65,5.45,0.0
20230718:0811,332.43,36.73,12.1,5.38,0.0
20230718:0911,405.71,43.48,12.19,5.52,0.0
20230718:1011,518.95,48.79,12.57,5.59,0.0
20230718:1111,541.75,51.83,12.64,5.72,0.0
20230718:1211,582.73,51.94,12.66,5.93,0.0
20230718:1311,257.6,49.1,12.76,5.86,0.0
20230718:1411,333.48,43.93,12.84,5.72,0.0
20230718:1511,328.53,37.25,12.81,5.79,0.0
20230718:1611,287.08,29.77,12.47,5.66,0.0
20230718:1711,167.11,22.01,12.5,5.31,0.0
20230718:1811,87.5,14.39,12.26,5.24,0.0
20230718:1911,39.9,7.25,11.54,6.07,0.0
20230718:2011,0.0,0.0,11.39,5.59,0.0
20230718:2111,0.0,0.0,11.49,4.9,0.0
20230718:2211,0.0,0.0,11.39,4.69,0.0
20230718:2311,0.0,0.0,11.48,4.41,0.0
20230719:0011,0.0,0.0,11.48,4.41,0.0
20230719:0111,0.0,0.0,11.27,4.76,0.0
20230719:0211,0.0,0.0,11.04,5.31,0.0
20230719:0311,0.0,0.0,10.68,5.38,0.0
20230719:0411,21.61,6.6,10.61,5.24,0.0
20230719:0511,28.26,13.7,10.74,4.83,0.0
20230719:0611,183.88,21.3,11.19,4.21,0.0
20230719:0711,267.77,29.05,11.39,4.83,0.0
20230719:0811,432.72,36.57,11.77,4.97,0.0
20230719:0911,475.28,43.32,12.25,4.9,0.0
20230719:1011,309.09,48.62,12.27,4.76,0.0
20230719:1111,307.65,51.65,12.75,4.9,0.0
20230719:1211,211.37,51.76,12.45,5.1,0.0
20230719:1311,220.89,48.93,12.6,5.1,0.0
20230719:1411,293.13,43.77,12.13,5.1,0.0
20230719:1511,170.36,37.11,12.25,5.03,0.0
20230719:1611,227.3,29.63,11.9,5.03,0.0
20230719:1711,113.95,21.88,11.93,4.9,0.0
20230719:1811,48.57,14.25,11.57,5.17,0.0
20230719:1911,5.82,7.11,11.29,4.48,0.0
20230719:2011,0.0,0.0,10.98,4.69,0.0
20230719:2111,0.0,0.0,10.81,4.83,0.0
20230719:2211,0.0,0.0,10.86,4.97,0.0
20230719:2311,0.0,0.0,11.05,5.1,0.0
20230720:0011,0.0,0.0,11.16,5.1,0.0
20230720:0111,0.0,0.0,11.32,5.1,0.0
20230720:0211,0.0,0.0,11.29,5.31,0.0
20230720:0311,0.0,0.0,11.42,5.59,0.0
20230720:0411,4.99,6.43,11.48,5.86,0.0
20230720:0511,13.3,13.53,11.78,5.79,0.0
20230720:0611,55.77,21.14,11.86,6.07,0.0
20230720:0711,121.42,28.89,11.66,5.31,0.0
20230720:0811,166.63,36.4,12.12,4.97,0.0
20230720:0911,259.57,43.15,12.38,5.31,0.0
20230720:1011,219.04,48.44,12.59,5.31,0.0
20230720:1111,339.09,51.47,13.01,5.38,0.0
20230720:1211,391.45,51.58,12.64,5.31,0.0
20230720:1311,315.22,48.76,12.35,5.17,0.0
20230720:1411,178.99,43.62,12.38,5.24,0.0
20230720:1511,325.04,36.96,12.18,5.24,0.0
20230720:1611,278.3,29.49,12.23,5.31,0.0
20230720:1711,177.6,21.73,12.14,5.45,0.0
20230720:1811,61.16,14.1,12.06,5.31,0.0
20230720:1911,14.13,6.96,11.52,5.38,0.0
20230720:2011,0.0,0.0,11.32,5.24,0.0
20230720:2111,0.0,0.0,11.12,5.03,0.0
20230720:2211,0.0,0.0,10.91,4.62,0.0
20230720:2311,0.0,0.0,10.74,4.21,0.0
20230721:0011,0.0,0.0,10.63,4.0,0.0
20230721:0111,0.0,0.0,10.61,3.93,0.0
20230721:0211,0.0,0.0,10.58,3.93,0.0
20230721:0311,0.0,0.0,10.51,3.79,0.0
20230721:0411,11.64,6.26,10.33,3.45,0.0
20230721:0511,58.19,13.36,10.51,3.17,0.0
20230721:0611,101.2,20.97,10.64,2.83,0.0
20230721:0711,283.82,28.73,11.52,2.34,0.0
20230721:0811,432.32,36.23,11.93,2.28,0.0
20230721:0911,610.69,42.97,12.19,2.41,0.0
20230721:1011,520.9,48.25,12.67,2.62,0.0
20230721:1111,479.89,51.28,12.7,3.03,0.0
20230721:1211,566.52,51.4,12.94,3.52,0.0
20230721:1311,411.36,48.59,12.95,3.86,0.0
20230721:1411,423.03,43.45,12.93,4.14,0.0
20230721:1511,370.15,36.8,12.92,4.34,0.0
20230721:1611,306.56,29.34,12.69,4.41,0.0
20230721:1711,188.72,21.58,12.43,4.41,0.0
20230721:1811,54.87,13.95,12.15,4.0,0.0
20230721:1911,21.61,6.8,12.2,4.07,0.0
20230721:2011,0.0,0.0,11.82,3.93,0.0
20230721:2111,0.0,0.0,11.55,3.93,0.0
20230721:2211,0.0,0.0,11.39,4.0,0.0
20230721:2311,0.0,0.0,11.29,4.07,0.0
20230722:0011,0.0,0.0,11.2,3.93,0.0
20230722:0111,0.0,0.0,11.28,3.72,0.0
20230722:0211,0.0,0.0,11.2,3.66,0.0
20230722:0311,0.0,0.0,11.07,3.45,0.0
20230722:0411,4.99,6.08,11.08,3.17,0.0
20230722:0511,54.03,13.19,11.3,3.17,0.0
20230722:0611,69.26,20.8,11.52,3.17,0.0
20230722:0711,165.56,28.56,11.93,2.69,0.0
20230722:0811,370.32,36.06,12.37,2.62,0.0
20230722:0911,262.8,42.79,12.71,2.55,0.0
20230722:1011,519.68,48.07,13.28,2.48,0.0
20230722:1111,647.34,51.08,13.45,2.76,0.0
20230722:1211,779.02,51.21,13.68,3.17,0.0
20230722:1311,764.36,48.4,13.63,3.72,0.0
20230722:1411,672.46,43.28,13.45,3.93,0.0
20230722:1511,507.9,36.64,13.46,3.59,0.0
20230722:1611,404.82,29.18,13.39,3.24,0.0
20230722:1711,243.62,21.43,13.28,2.9,0.0
20230722:1811,70.61,13.79,13.15,2.41,0.0
20230722:1911,35.75,6.63,12.82,2.07,0.0
20230722:2011,0.0,0.0,12.43,1.79,0.0
20230722:2111,0.0,0.0,12.12,1.52,0.0
20230722:2211,0.0,0.0,11.49,1.17,0.0
20230722:2311,0.0,0.0,11.31,0.83,0.0
20230723:0011,0.0,0.0,12.15,0.55,0.0
20230723:0111,0.0,0.0,11.68,0.55,0.0
20230723:0211,0.0,0.0,10.79,0.69,0.0
20230723:0311,0.0,0.0,9.58,0.9,0.0
20230723:0411,30.76,5.9,9.48,1.24,0.0
20230723:0511,65.67,13.02,10.49,1.31,0.0
20230723:0611,183.31,20.63,11.37,1.24,0.0
20230723:0711,387.92,28.39,12.31,1.79,0.0
20230723:0811,586.74,35.88,13.47,2.55,0.0
20230723:0911,749.08,42.6,14.51,2.97,0.0
20230723:1011,893.0,47.87,15.34,3.1,0.0
20230723:1111,990.08,50.88,15.84,3.31,0.0
20230723:1211,1009.37,51.01,15.92,3.66,0.0
20230723:1311,744.03,48.22,16.16,3.59,0.0
20230723:1411,278.72,43.1,16.2,3.86,0.0
20230723:1511,574.08,36.47,16.13,4.41,0.0
20230723:1611,429.06,29.02,15.49,4.62,0.0
20230723:1711,222.68,21.27,15.31,4.41,0.0
20230723:1811,83.77,13.63,15.07,3.66,0.0
20230723:1911,34.91,6.46,14.71,3.03,0.0
20230723:2011,0.0,0.0,14.44,2.9,0.0
20230723:2111,0.0,0.0,14.17,3.38,0.0
20230723:2211,0.0,0.0,13.9,3.66,0.0
20230723:2311,0.0,0.0,13.63,3.52,0.0
20230724:0011,0.0,0.0,13.37,3.03,0.0
20230724:0111,0.0,0.0,13.05,2.76,0.0
20230724:0211,0.0,0.0,12.82,2.48,0.0
20230724:0311,0.0,0.0,12.59,2.28,0.0
20230724:0411,4.16,5.72,12.45,2.34,0.0
20230724:0511,51.54,12.84,12.71,2.28,0.0
20230724:0611,65.66,20.45,13.54,2.14,0.0
20230724:0711,180.13,28.21,14.33,2.55,0.0
20230724:0811,350.39,35.7,15.02,2.69,0.0
20230724:0911,224.73,42.42,15.21,2.69,0.0
20230724:1011,430.87,47.67,15.53,2.83,0.0
20230724:1111,629.23,50.68,15.98,3.38,0.0
20230724:1211,725.18,50.8,15.7,4.0,0.0
20230724:1311,834.04,48.02,15.64,4.41,0.0
20230724:1411,837.86,42.92,15.72,4.55,0.0
20230724:1511,543.38,36.3,15.29,4.28,0.0
20230724:1611,360.15,28.85,15.55,4.28,0.0
20230724:1711,219.22,21.1,14.99,4.0,0.0
20230724:1811,51.27,13.46,14.78,3.93,0.0
20230724:1911,15.79,6.28,14.24,5.17,0.0
20230724:2011,0.0,0.0,13.78,5.45,0.0
20230724:2111,0.0,0.0,13.47,5.38,0.0
20230724:2211,0.0,0.0,13.25,5.31,0.0
20230724:2311,0.0,0.0,13.14,5.45,0.0
20230725:0011,0.0,0.0,13.01,5.24,0.0
20230725:0111,0.0,0.0,12.79,5.03,0.0
20230725:0211,0.0,0.0,12.66,5.72,0.0
20230725:0311,0.0,0.0,12.47,5.79,0.0
20230725:0411,27.43,5.53,12.45,6.14,0.0
20230725:0511,52.37,12.66,12.58,6.55,0.0
20230725:0611,135.01,20.27,12.73,6.83,0.0
20230725:0711,249.26,28.03,12.75,7.03,0.0
20230725:0811,228.57,35.52,12.63,8.0,0.0
20230725:0911,219.83,42.22,12.64,8.41,0.0
20230725:1011,168.2,47.47,12.58,8.55,0.0
20230725:1111,284.35,50.47,12.83,8.55,0.0
20230725:1211,416.89,50.59,12.69,8.83,0.0
20230725:1311,129.52,47.82,12.66,9.38,0.0
20230725:1411,198.38,42.73,12.57,9.24,0.0
20230725:1511,185.21,36.12,12.34,9.24,0.0
20230725:1611,109.73,28.67,12.14,8.76,0.0
20230725:1711,53.07,20.92,11.8,8.97,0.0
20230725:1811,57.62,13.28,11.75,8.28,0.0
20230725:1911,22.44,6.1,11.75,9.38,0.0
20230725:2011,0.0,0.0,11.18,9.79,0.0
20230725:2111,0.0,0.0,11.24,10.69,0.0
20230725:2211,0.0,0.0,11.42,10.55,0.0
20230725:2311,0.0,0.0,11.63,10.07,0.0
20230726:0011,0.0,0.0,11.7,10.69,0.0
20230726:0111,0.0,0.0,12.03,10.9,0.0
20230726:0211,0.0,0.0,12.33,10.55,0.0
20230726:0311,0.0,0.0,12.32,10.07,0.0
20230726:0411,4.16,5.34,12.34,9.45,0.0
20230726:0511,72.32,12.47,12.41,8.83,0.0
20230726:0611,177.16,20.09,12.54,7.86,0.0
20230726:0711,361.22,27.85,13.32,5.17,0.0
20230726:0811,529.48,35.33,13.8,4.62,0.0
20230726:0911,720.28,42.03,14.36,4.34,0.0
20230726:1011,892.83,47.26,14.83,4.76,0.0
20230726:1111,925.4,50.25,14.82,5.72,0.0
20230726:1211,957.66,50.38,14.95,6.48,0.0
20230726:1311,669.32,47.61,14.88,6.9,0.0
20230726:1411,388.23,42.53,14.69,7.59,0.0
20230726:1511,339.83,35.93,14.6,7.52,0.0
20230726:1611,183.33,28.49,14.03,7.31,0.0
20230726:1711,97.03,20.74,13.76,7.03,0.0
20230726:1811,49.47,13.1,13.76,6.34,0.0
20230726:1911,10.81,5.91,13.84,5.31,0.0
20230726:2011,0.0,0.0,13.37,5.31,0.0
20230726:2111,0.0,0.0,13.15,5.1,0.0
20230726:2211,0.0,0.0,13.03,4.69,0.0
20230726:2311,0.0,0.0,12.96,4.48,0.0
20230727:0011,0.0,0.0,12.91,4.28,0.0
20230727:0111,0.0,0.0,12.86,3.93,0.0
20230727:0211,0.0,0.0,12.81,3.52,0.0
20230727:0311,0.0,0.0,12.78,2.9,0.0
20230727:0411,4.16,5.15,12.7,2.34,0.0
20230727:0511,42.4,12.28,12.76,1.93,0.0
20230727:0611,130.56,19.9,13.01,1.86,0.0
20230727:0711,219.09,27.66,13.3,1.86,0.0
20230727:0811,341.17,35.14,13.68,2.14,0.0
20230727:0911,512.49,41.83,14.27,2.34,0.0
20230727:1011,539.44,47.05,14.64,2.41,0.0
20230727:1111,610.64,50.03,15.1,2.48,0.0
20230727:1211,769.68,50.16,15.25,2.97,0.0
20230727:1311,911.57,47.4,15.26,3.72,0.0
20230727:1411,429.12,42.33,14.82,4.41,0.0
20230727:1511,330.63,35.74,14.66,4.69,0.0
20230727:1611,289.57,28.31,14.47,4.62,0.0
20230727:1711,231.62,20.56,14.26,4.28,0.0
20230727:1811,73.28,12.91,14.05,3.79,0.0
20230727:1911,29.93,5.72,13.75,3.38,0.0
20230727:2011,0.0,0.0,13.42,3.24,0.0
20230727:2111,0.0,0.0,13.14,3.1,0.0
20230727:2211,0.0,0.0,12.93,3.03,0.0
20230727:2311,0.0,0.0,12.74,3.17,0.0
20230728:0011,0.0,0.0,12.53,3.17,0.0
20230728:0111,0.0,0.0,12.33,3.17,0.0
20230728:0211,0.0,0.0,12.25,3.17,0.0
20230728:0311,0.0,0.0,12.18,2.97,0.0
20230728:0411,3.33,4.95,12.18,2.76,0.0
20230728:0511,55.7,12.09,12.32,2.69,0.0
20230728:0611,158.15,19.72,12.62,2.9,0.0
20230728:0711,296.68,27.47,12.92,3.03,0.0
20230728:0811,455.74,34.94,13.84,2.9,0.0
20230728:0911,587.57,41.62,14.74,2.69,0.0
20230728:1011,754.73,46.84,15.17,3.03,0.0
20230728:1111,860.26,49.81,15.35,3.52,0.0
20230728:1211,964.3,49.93,15.42,3.66,0.0
20230728:1311,952.51,47.18,15.35,3.72,0.0
20230728:1411,849.48,42.13,15.27,3.59,0.0
20230728:1511,671.61,35.54,15.16,3.1,0.0
20230728:1611,470.52,28.11,15.03,2.62,0.0
20230728:1711,246.56,20.37,14.88,2.07,0.0
20230728:1811,81.0,12.72,14.55,1.59,0.0
20230728:1911,29.1,5.52,13.87,1.79,0.0
20230728:2011,0.0,0.0,13.34,1.38,0.0
20230728:2111,0.0,0.0,12.72,0.62,0.0
20230728:2211,0.0,0.0,12.11,1.17,0.0
20230728:2311,0.0,0.0,12.28,2.0,0.0
20230729:0011,0.0,0.0,12.0,2.0,0.0
20230729:0111,0.0,0.0,11.69,1.72,0.0
20230729:0211,0.0,0.0,11.3,1.52,0.0
20230729:0311,0.0,0.0,10.98,1.79,0.0
20230729:0411,23.28,4.75,10.8,2.14,0.0
20230729:0511,69.0,11.89,11.3,2.28,0.0
20230729:0611,136.52,19.52,12.76,2.34,0.0
20230729:0711,272.73,27.28,14.42,2.41,0.0
20230729:0811,397.73,34.74,15.48,2.83,0.0
20230729:0911,609.59,41.41,16.39,3.17,0.0
20230729:1011,436.54,46.61,16.71,3.24,0.0
20230729:1111,566.99,49.57,16.81,3.38,0.0
20230729:1211,777.96,49.7,16.43,3.17,0.0
20230729:1311,688.3,46.96,16.82,3.24,0.0
20230729:1411,423.66,41.91,17.0,3.31,0.0
20230729:1511,304.7,35.34,16.71,3.66,0.0
20230729:1611,166.47,27.92,16.25,4.28,0.0
20230729:1711,65.66,20.17,15.57,4.34,0.0
20230729:1811,47.67,12.52,14.84,4.41,0.0
20230729:1911,24.11,5.31,14.84,3.31,0.0
20230729:2011,0.0,0.0,14.6,3.38,0.0
20230729:2111,0.0,0.0,14.55,3.59,0.0
20230729:2211,0.0,0.0,13.8,3.79,0.0
20230729:2311,0.0,0.0,13.68,4.0,0.0
20230730:0011,0.0,0.0,13.77,3.66,0.0
20230730:0111,0.0,0.0,13.82,3.38,0.0
20230730:0211,0.0,0.0,13.65,3.24,0.0
20230730:0311,0.0,0.0,13.48,3.38,0.0
20230730:0411,21.61,4.54,13.45,3.38,0.0
20230730:0511,64.01,11.69,13.63,3.79,0.0
20230730:0611,171.05,19.33,13.91,3.86,0.0
20230730:0711,236.91,27.08,13.92,4.14,0.0
20230730:0811,270.74,34.54,14.49,4.62,0.0
20230730:0911,483.75,41.2,14.97,4.97,0.0
20230730:1011,644.1,46.39,14.83,5.17,0.0
20230730:1111,418.6,49.34,15.06,4.9,0.0
20230730:1211,625.36,49.46,15.49,4.62,0.0
20230730:1311,683.21,46.73,14.88,4.14,0.0
20230730:1411,174.49,41.69,15.02,3.72,0.0
20230730:1511,64.76,35.13,15.15,3.24,0.0
20230730:1611,38.68,27.71,14.8,2.69,0.0
20230730:1711,65.66,19.97,14.66,2.07,0.0
20230730:1811,44.07,12.31,14.15,1.93,0.0
20230730:1911,24.94,5.1,14.28,1.03,0.0
20230730:2011,0.0,0.0,13.92,0.41,0.0
20230730:2111,0.0,0.0,14.04,0.28,0.0
20230730:2211,0.0,0.0,13.85,0.48,0.0
20230730:2311,0.0,0.0,13.66,0.41,0.0
20230731:0011,0.0,0.0,13.54,0.48,0.0
20230731:0111,0.0,0.0,12.02,0.9,0.0
20230731:0211,0.0,0.0,10.15,1.24,0.0
20230731:0311,0.0,0.0,10.52,1.52,0.0
20230731:0411,21.61,4.33,11.08,1.52,0.0
20230731:0511,50.71,11.49,11.71,1.66,0.0
20230731:0611,143.97,19.13,12.26,2.07,0.0
20230731:0711,335.77,26.88,13.92,2.62,0.0
20230731:0811,477.14,34.34,14.69,2.76,0.0
20230731:0911,624.71,40.99,15.52,2.69,0.0
20230731:1011,668.03,46.16,15.9,3.17,0.0
20230731:1111,785.45,49.1,16.08,3.79,0.0
20230731:1211,671.51,49.22,16.3,4.07,0.0
20230731:1311,735.38,46.49,16.22,4.14,0.0
20230731:1411,675.28,41.47,16.45,4.34,0.0
20230731:1511,643.68,34.91,16.32,4.0,0.0
20230731:1611,220.38,27.5,16.13,3.66,0.0
20230731:1711,97.06,19.76,15.94,3.03,0.0
20230731:1811,74.03,12.1,15.58,2.76,0.0
20230731:1911,24.11,4.88,15.06,1.59,0.0
20230731:2011,0.0,0.0,14.58,1.45,0.0
20230731:2111,0.0,0.0,14.46,1.72,0.0
20230731:2211,0.0,0.0,14.25,2.07,0.0
20230731:2311,0.0,0.0,14.09,2.14,0.0
20230801:0011,0.0,0.0,13.83,1.79,0.0
20230801:0111,0.0,0.0,13.54,1.79,0.0
20230801:0211,0.0,0.0,13.08,1.86,0.0
20230801:0311,0.0,0.0,12.2,1.59,0.0
20230801:0411,3.33,4.12,11.86,1.24,0.0
20230801:0511,59.85,11.29,12.41,1.03,0.0
20230801:0611,169.41,18.93,13.44,1.03,0.0
20230801:0711,370.47,26.68,14.21,1.59,0.0
20230801:0811,460.59,34.13,15.62,2.14,0.0
20230801:0911,670.43,40.77,16.4,3.03,0.0
20230801:1011,755.49,45.93,16.76,3.79,0.0
20230801:1111,937.24,48.85,16.8,4.41,0.0
20230801:1211,994.88,48.97,16.74,4.9,0.0
20230801:1311,905.48,46.25,16.27,5.31,0.0
20230801:1411,609.28,41.24,16.14,5.38,0.0
20230801:1511,613.52,34.69,16.37,5.45,0.0
20230801:1611,403.46,27.29,16.28,5.52,0.0
20230801:1711,193.37,19.54,15.8,5.59,0.0
20230801:1811,75.21,11.88,15.61,5.03,0.0
20230801:1911,13.3,4.66,15.05,5.24,0.0
20230801:2011,0.0,0.0,14.58,5.1,0.0
20230801:2111,0.0,0.0,14.28,4.69,0.0
20230801:2211,0.0,0.0,13.97,4.14,0.0
20230801:2311,0.0,0.0,13.84,3.72,0.0
20230802:0011,0.0,0.0,13.76,3.59,0.0
20230802:0111,0.0,0.0,13.8,3.66,0.0
20230802:0211,0.0,0.0,13.78,3.66,0.0
20230802:0311,0.0,0.0,13.73,3.38,0.0
20230802:0411,2.49,3.9,13.59,3.17,0.0
20230802:0511,23.28,11.08,13.67,2.9,0.0
20230802:0611,106.74,18.72,13.8,2.62,0.0
20230802:0711,214.09,26.47,14.61,2.97,0.0
20230802:0811,369.54,33.92,15.06,3.1,0.0
20230802:0911,519.5,40.54,15.68,3.03,0.0
20230802:1011,685.26,45.69,16.63,3.1,0.0
20230802:1111,955.16,48.6,17.14,3.31,0.0
20230802:1211,1021.28,48.72,17.3,3.72,0.0
20230802:1311,946.07,46.0,17.13,4.07,0.0
20230802:1411,830.81,41.0,17.21,4.0,0.0
20230802:1511,654.22,34.47,17.22,3.93,0.0
20230802:1611,384.85,27.06,16.7,4.34,0.0
20230802:1711,186.46,19.32,16.45,4.28,0.0
20230802:1811,47.67,11.66,16.3,3.93,0.0
20230802:1911,20.78,4.43,15.89,4.0,0.0
20230802:2011,0.0,0.0,15.63,3.79,0.0
20230802:2111,0.0,0.0,15.35,3.72,0.0
20230802:2211,0.0,0.0,15.06,4.07,0.0
20230802:2311,0.0,0.0,14.74,4.0,0.0
20230803:0011,0.0,0.0,14.46,3.66,0.0
20230803:0111,0.0,0.0,14.15,3.59,0.0
20230803:0211,0.0,0.0,13.93,3.86,0.0
20230803:0311,0.0,0.0,13.8,4.07,0.0
20230803:0411,4.99,3.69,13.79,4.07,0.0
20230803:0511,45.72,10.87,13.96,3.86,0.0
20230803:0611,70.16,18.52,14.6,3.72,0.0
20230803:0711,207.75,26.27,15.51,4.14,0.0
20230803:0811,315.72,33.7,16.23,4.62,0.0
20230803:0911,510.09,40.32,16.67,5.03,0.0
20230803:1011,574.08,45.45,17.04,5.31,0.0
20230803:1111,714.35,48.35,17.3,5.66,0.0
20230803:1211,894.91,48.46,17.34,6.07,0.0
20230803:1311,803.49,45.75,17.1,6.48,0.0
20230803:1411,626.14,40.76,17.0,6.34,0.0
20230803:1511,483.85,34.23,16.87,6.62,0.0
20230803:1611,259.83,26.84,16.63,6.69,0.0
20230803:1711,166.65,19.1,16.37,6.76,0.0
20230803:1811,63.7,11.43,16.03,6.83,0.0
20230803:1911,6.65,4.2,15.47,7.38,0.0
20230803:2011,0.0,0.0,14.9,7.52,0.0
20230803:2111,0.0,0.0,14.63,7.59,0.0
20230803:2211,0.0,0.0,14.42,7.59,0.0
20230803:2311,0.0,0.0,14.29,7.86,0.0
20230804:0011,0.0,0.0,14.16,8.28,0.0
20230804:0111,0.0,0.0,13.97,8.41,0.0
20230804:0211,0.0,0.0,13.87,8.21,0.0
20230804:0311,0.0,0.0,13.83,8.41,0.0
20230804:0411,2.49,3.47,13.76,8.69,0.0
20230804:0511,29.93,10.66,13.82,8.69,0.0
20230804:0611,139.97,18.31,13.96,9.38,0.0
20230804:0711,125.09,26.05,14.21,9.1,0.0
20230804:0811,164.02,33.49,14.52,9.59,0.0
20230804:0911,267.18,40.09,14.83,9.66,0.0
20230804:1011,260.13,45.2,14.99,9.79,0.0
20230804:1111,479.81,48.09,14.97,9.86,0.0
20230804:1211,715.21,48.2,14.86,9.86,0.0
20230804:1311,799.08,45.49,14.76,9.86,0.0
20230804:1411,394.88,40.51,14.64,9.93,0.0
20230804:1511,335.38,34.0,14.48,9.52,0.0
20230804:1611,217.79,26.61,14.2,8.9,0.0
20230804:1711,60.26,18.87,13.84,8.55,0.0
20230804:1811,65.27,11.2,13.4,8.21,0.0
20230804:1911,14.13,3.96,13.25,7.79,0.0
20230804:2011,0.0,0.0,12.94,7.52,0.0
20230804:2111,0.0,0.0,12.69,7.1,0.0
20230804:2211,0.0,0.0,12.5,6.83,0.0
20230804:2311,0.0,0.0,12.34,6.55,0.0
20230805:0011,0.0,0.0,12.21,6.28,0.0
20230805:0111,0.0,0.0,11.98,6.14,0.0
20230805:0211,0.0,0.0,11.98,6.21,0.0
20230805:0311,0.0,0.0,11.84,6.14,0.0
20230805:0411,2.49,3.24,11.74,6.07,0.0
20230805:0511,60.68,10.44,11.73,6.0,0.0
20230805:0611,121.93,18.1,11.97,6.14,0.0
20230805:0711,239.73,25.84,12.83,5.79,0.0
20230805:0811,341.69,33.26,13.01,5.66,0.0
20230805:0911,382.51,39.85,13.16,5.79,0.0
20230805:1011,443.52,44.95,13.51,5.79,0.0
20230805:1111,660.94,47.83,13.74,5.79,0.0
20230805:1211,380.3,47.93,13.68,5.86,0.0
20230805:1311,527.36,45.23,13.61,6.0,0.0
20230805:1411,424.39,40.26,13.78,6.14,0.0
20230805:1511,489.17,33.75,13.63,5.86,0.0
20230805:1611,321.78,26.37,13.52,5.45,0.0
20230805:1711,208.41,18.63,13.4,5.31,0.0
20230805:1811,61.18,10.96,13.21,5.24,0.0
20230805:1911,18.29,3.72,12.84,4.76,0.0
20230805:2011,0.0,0.0,12.47,4.55,0.0
20230805:2111,0.0,0.0,12.21,4.34,0.0
20230805:2211,0.0,0.0,12.08,4.41,0.0
20230805:2311,0.0,0.0,12.04,4.48,0.0
20230806:0011,0.0,0.0,12.08,4.21,0.0
20230806:0111,0.0,0.0,12.04,4.0,0.0
20230806:0211,0.0,0.0,11.87,4.21,0.0
20230806:0311,0.0,0.0,11.67,4.28,0.0
20230806:0411,1.66,3.01,11.54,3.86,0.0
20230806:0511,9.98,10.22,11.68,3.52,0.0
20230806:0611,97.73,17.88,12.07,3.72,0.0
20230806:0711,341.24,25.62,12.88,2.97,0.0
20230806:0811,426.6,33.04,13.75,3.1,0.0
20230806:0911,486.96,39.62,14.74,3.17,0.0
20230806:1011,639.74,44.7,15.67,2.97,0.0
20230806:1111,568.2,47.56,16.4,3.17,0.0
20230806:1211,822.37,47.66,16.56,3.59,0.0
20230806:1311,487.44,44.96,16.44,4.07,0.0
20230806:1411,476.34,40.0,16.08,4.55,0.0
20230806:1511,427.26,33.5,15.99,5.03,0.0
20230806:1611,126.23,26.13,15.73,5.24,0.0
20230806:1711,105.92,18.39,15.43,5.38,0.0
20230806:1811,17.99,10.71,15.13,5.52,0.0
20230806:1911,5.82,3.47,14.81,5.66,0.0
20230806:2011,0.0,0.0,14.35,5.93,0.0
20230806:2111,0.0,0.0,13.99,6.34,0.0
20230806:2211,0.0,0.0,13.77,6.76,0.0
20230806:2311,0.0,0.0,13.6,6.9,0.0
20230807:0011,0.0,0.0,13.5,7.03,0.0
20230807:0111,0.0,0.0,13.45,7.31,0.0
20230807:0211,0.0,0.0,13.51,7.66,0.0
20230807:0311,0.0,0.0,13.49,8.21,0.0
20230807:0411,1.66,2.79,13.47,8.34,0.0
20230807:0511,40.73,10.0,13.53,8.69,0.0
20230807:0611,26.08,17.66,13.68,9.03,0.0
20230807:0711,56.66,25.41,14.11,9.72,0.0
20230807:0811,81.85,32.81,14.43,10.07,0.0
20230807:0911,127.72,39.38,14.51,10.28,0.0
20230807:1011,194.28,44.44,14.64,10.34,0.0
20230807:1111,187.98,47.29,14.88,10.07,0.0
20230807:1211,205.97,47.38,14.9,10.14,0.0
20230807:1311,185.28,44.69,14.83,11.03,0.0
20230807:1411,187.67,39.74,14.53,11.59,0.0
20230807:1511,175.12,33.25,13.92,12.21,0.0
20230807:1611,99.84,25.88,13.48,12.34,0.0
20230807:1711,52.17,18.14,13.16,12.07,0.0
20230807:1811,35.08,10.46,12.92,12.14,0.0
20230807:1911,1.66,3.21,12.61,12.76,0.0
20230807:2011,0.0,0.0,12.26,13.17,0.0
20230807:2111,0.0,0.0,11.95,13.72,0.0
20230807:2211,0.0,0.0,11.59,14.28,0.0
20230807:2311,0.0,0.0,11.62,14.21,0.0
20230808:0011,0.0,0.0,11.61,14.83,0.0
20230808:0111,0.0,0.0,11.31,14.76,0.0
20230808:0211,0.0,0.0,10.75,14.28,0.0
20230808:0311,0.0,0.0,10.64,14.0,0.0
20230808:0411,1.66,2.55,10.5,14.0,0.0
20230808:0511,14.96,9.78,10.41,14.34,0.0
20230808:0611,61.16,17.44,10.79,14.55,0.0
20230808:0711,90.84,25.18,10.91,13.79,0.0
20230808:0811,140.31,32.59,10.92,13.93,0.0
20230808:0911,172.69,39.13,10.97,13.86,0.0
20230808:1011,194.28,44.18,10.97,13.79,0.0
20230808:1111,227.94,47.01,10.83,13.86,0.0
20230808:1211,227.98,47.1,10.94,14.14,0.0
20230808:1311,230.44,44.41,10.86,13.86,0.0
20230808:1411,101.64,39.47,10.88,13.79,0.0
20230808:1511,91.74,32.99,10.9,13.52,0.0
20230808:1611,71.06,25.62,10.58,14.0,0.0
20230808:1711,73.75,17.89,10.39,13.59,0.0
20230808:1811,10.79,10.21,10.41,13.66,0.0
20230808:1911,9.14,2.95,10.86,13.03,0.0
20230808:2011,0.0,0.0,10.62,13.03,0.0
20230808:2111,0.0,0.0,10.85,12.41,0.0
20230808:2211,0.0,0.0,10.88,12.41,0.0
20230808:2311,0.0,0.0,10.88,12.28,0.0
20230809:0011,0.0,0.0,10.78,12.21,0.0
20230809:0111,0.0,0.0,11.09,11.52,0.0
20230809:0211,0.0,0.0,11.19,12.07,0.0
20230809:0311,0.0,0.0,10.98,11.93,0.0
20230809:0411,8.31,2.32,11.09,11.52,0.0
20230809:0511,51.54,9.55,10.88,11.79,0.0
20230809:0611,78.77,17.22,11.09,11.03,0.0
20230809:0711,206.1,24.96,10.99,10.9,0.0
20230809:0811,129.52,32.35,11.09,10.62,0.0
20230809:0911,144.81,38.89,11.23,9.93,0.0
20230809:1011,222.18,43.92,11.07,10.28,0.0
20230809:1111,179.89,46.73,11.22,9.52,0.0
20230809:1211,271.59,46.81,11.46,9.03,0.0
20230809:1311,298.48,44.13,11.46,8.69,0.0
20230809:1411,265.66,39.2,11.45,8.83,0.0
20230809:1511,445.67,32.73,11.39,8.76,0.0
20230809:1611,288.65,25.36,11.02,8.55,0.0
20230809:1711,145.32,17.63,11.07,8.34,0.0
20230809:1811,46.7,9.95,11.09,8.34,0.0
20230809:1911,2.49,2.69,10.85,8.34,0.0
20230809:2011,0.0,0.0,10.92,8.14,0.0
20230809:2111,0.0,0.0,10.95,8.14,0.0
20230809:2211,0.0,0.0,10.92,8.21,0.0
20230809:2311,0.0,0.0,11.11,7.72,0.0
20230810:0011,0.0,0.0,11.07,7.52,0.0
20230810:0111,0.0,0.0,11.06,7.52,0.0
20230810:0211,0.0,0.0,11.05,7.45,0.0
20230810:0311,0.0,0.0,11.13,7.45,0.0
20230810:0411,0.83,2.08,10.89,7.38,0.0
20230810:0511,49.05,9.32,10.93,7.45,0.0
20230810:0611,120.81,17.0,11.32,7.31,0.0
20230810:0711,257.27,24.73,11.05,6.9,0.0
20230810:0811,502.16,32.12,11.37,7.03,0.0
20230810:0911,372.04,38.64,11.69,7.1,0.0
20230810:1011,770.4,43.65,12.07,7.03,0.0
20230810:1111,748.97,46.45,12.13,6.9,0.0
20230810:1211,829.73,46.52,12.19,6.83,0.0
20230810:1311,564.12,43.84,12.32,6.62,0.0
20230810:1411,757.55,38.92,12.34,6.48,0.0
20230810:1511,648.5,32.46,12.47,6.28,0.0
20230810:1611,430.36,25.1,12.45,6.07,0.0
20230810:1711,226.46,17.37,12.32,5.93,0.0
20230810:1811,39.76,9.69,12.15,5.72,0.0
20230810:1911,9.98,2.42,11.82,4.97,0.0
20230810:2011,0.0,0.0,11.63,4.9,0.0
20230810:2111,0.0,0.0,11.45,4.76,0.0
20230810:2211,0.0,0.0,11.2,4.48,0.0
20230810:2311,0.0,0.0,11.08,4.14,0.0
20230811:0011,0.0,0.0,10.9,3.79,0.0
20230811:0111,0.0,0.0,10.83,3.52,0.0
20230811:0211,0.0,0.0,10.68,3.31,0.0
20230811:0311,0.0,0.0,10.54,3.1,0.0
20230811:0411,0.83,1.84,10.44,2.9,0.0
20230811:0511,44.06,9.09,10.46,2.76,0.0
20230811:0611,154.06,16.77,10.86,3.17,0.0
20230811:0711,363.38,24.5,11.8,2.21,0.0
20230811:0811,579.37,31.88,12.95,0.41,0.0
20230811:0911,796.12,38.38,13.91,1.66,0.0
20230811:1011,484.03,43.38,14.19,2.34,0.0
20230811:1111,700.65,46.16,14.73,1.52,0.0
20230811:1211,622.62,46.22,15.7,2.14,0.0
20230811:1311,454.69,43.55,16.53,3.17,0.0
20230811:1411,235.29,38.64,16.81,4.07,0.0
20230811:1511,151.64,32.18,16.85,4.9,0.0
20230811:1611,239.47,24.83,16.42,5.72,0.0
20230811:1711,97.12,17.1,16.02,6.21,0.0
20230811:1811,55.4,9.42,15.83,7.03,0.0
20230811:1911,1.66,2.14,15.66,6.76,0.0
20230811:2011,0.0,0.0,15.29,6.48,0.0
20230811:2111,0.0,0.0,14.99,5.93,0.0
20230811:2211,0.0,0.0,14.64,5.1,0.0
20230811:2311,0.0,0.0,14.5,4.41,0.0
20230812:0011,0.0,0.0,14.38,4.14,0.0
20230812:0111,0.0,0.0,14.06,4.0,0.0
20230812:0211,0.0,0.0,13.84,4.0,0.0
20230812:0311,0.0,0.0,13.34,4.0,0.0
20230812:0411,0.83,1.6,13.04,4.21,0.0
20230812:0511,48.22,8.86,13.1,4.69,0.0
20230812:0611,147.73,16.54,13.35,5.1,0.0
20230812:0711,146.74,24.27,14.23,4.69,0.0
20230812:0811,209.61,31.64,15.1,5.03,0.0
20230812:0911,187.26,38.13,16.0,5.31,0.0
20230812:1011,103.44,43.1,16.7,5.45,0.0
20230812:1111,446.72,45.87,17.02,5.66,0.0
20230812:1211,152.9,45.92,17.41,6.14,0.0
20230812:1311,793.91,43.25,17.32,6.34,0.0
20230812:1411,155.6,38.35,16.87,6.62,0.0
20230812:1511,177.63,31.9,16.16,6.34,0.0
20230812:1611,435.88,24.56,15.54,5.66,0.0
20230812:1711,131.55,16.83,15.13,4.9,0.0
20230812:1811,40.37,9.14,15.01,4.69,0.0
20230812:1911,1.66,1.86,15.45,4.69,0.0
20230812:2011,0.0,0.0,14.97,4.76,0.0
20230812:2111,0.0,0.0,14.76,4.62,0.0
20230812:2211,0.0,0.0,14.75,4.62,0.0
20230812:2311,0.0,0.0,14.68,4.55,0.0
20230813:0011,0.0,0.0,14.62,4.76,0.0
20230813:0111,0.0,0.0,14.5,4.69,0.0
20230813:0211,0.0,0.0,14.36,4.83,0.0
20230813:0311,0.0,0.0,14.2,5.24,0.0
20230813:0411,0.83,1.36,14.12,5.79,0.0
20230813:0511,24.94,8.62,14.12,6.07,0.0
20230813:0611,124.25,16.31,14.19,6.34,0.0
20230813:0711,101.64,24.04,14.75,6.34,0.0
20230813:0811,108.83,31.4,14.5,6.21,0.0
20230813:0911,76.45,37.87,14.34,6.0,0.0
20230813:1011,60.26,42.83,14.6,5.59,0.0
20230813:1111,302.7,45.58,15.13,5.03,0.0
20230813:1211,244.63,45.62,15.81,5.31,0.0
20230813:1311,213.66,42.95,15.97,5.52,0.0
20230813:1411,135.82,38.05,15.7,5.72,0.0
20230813:1511,185.14,31.62,15.74,5.79,0.0
20230813:1611,189.45,24.28,15.24,5.66,0.0
20230813:1711,63.86,16.55,14.91,5.59,0.0
20230813:1811,42.4,8.86,14.61,5.52,0.0
20230813:1911,0.83,1.58,14.15,5.17,0.0
20230813:2011,0.0,0.0,14.12,4.97,0.0
20230813:2111,0.0,0.0,14.06,4.62,0.0
20230813:2211,0.0,0.0,13.94,4.48,0.0
20230813:2311,0.0,0.0,13.84,4.41,0.0
20230814:0011,0.0,0.0,13.73,4.41,0.0
20230814:0111,0.0,0.0,13.8,4.55,0.0
20230814:0211,0.0,0.0,13.83,4.83,0.0
20230814:0311,0.0,0.0,13.92,4.83,0.0
20230814:0411,0.0,0.0,14.03,5.03,0.0
20230814:0511,16.63,8.39,13.75,4.97,0.0
20230814:0611,103.95,16.07,13.79,4.69,0.0
20230814:0711,145.24,23.8,14.2,4.62,0.0
20230814:0811,291.88,31.15,14.45,4.83,0.0
20230814:0911,234.88,37.61,14.73,4.69,0.0
20230814:1011,210.86,42.55,15.06,4.83,0.0
20230814:1111,202.15,45.28,15.71,5.24,0.0
20230814:1211,255.16,45.31,15.47,5.17,0.0
20230814:1311,263.52,42.65,15.29,4.83,0.0
20230814:1411,169.09,37.76,15.19,4.34,0.0
20230814:1511,125.02,31.33,15.15,3.72,0.0
20230814:1611,50.37,24.0,14.92,3.59,0.0
20230814:1711,43.17,16.27,14.8,3.79,0.0
20230814:1811,7.48,8.58,14.42,4.55,0.0
20230814:1911,0.83,1.29,13.63,4.28,0.0
20230814:2011,0.0,0.0,13.53,4.76,0.0
20230814:2111,0.0,0.0,13.58,5.03,0.0
20230814:2211,0.0,0.0,13.72,5.17,0.0
20230814:2311,0.0,0.0,13.83,4.97,0.0
20230815:0011,0.0,0.0,14.41,4.97,0.0
20230815:0111,0.0,0.0,14.35,5.59,0.0
20230815:0211,0.0,0.0,14.05,6.0,0.0
20230815:0311,0.0,0.0,13.99,6.83,0.0
20230815:0411,0.0,0.0,13.96,7.38,0.0
20230815:0511,10.81,8.15,14.38,7.59,0.0
20230815:0611,57.56,15.84,14.81,7.66,0.0
20230815:0711,121.76,23.56,15.02,6.9,0.0
20230815:0811,250.91,30.9,15.25,6.97,0.0
20230815:0911,339.28,37.34,15.76,6.97,0.0
20230815:1011,68.36,42.26,16.05,6.69,0.0
20230815:1111,378.46,44.97,16.03,6.69,0.0
20230815:1211,795.65,45.0,15.99,6.41,0.0
20230815:1311,257.46,42.33,16.07,6.07,0.0
20230815:1411,311.02,37.45,15.99,6.34,0.0
20230815:1511,167.26,31.04,15.85,5.79,0.0
20230815:1611,171.53,23.71,15.83,5.1,0.0
20230815:1711,62.96,15.99,15.52,4.0,0.0
20230815:1811,42.4,8.29,15.29,2.34,0.0
20230815:1911,0.0,0.0,15.28,1.59,0.0
20230815:2011,0.0,0.0,15.08,1.52,0.0
20230815:2111,0.0,0.0,14.95,1.52,0.0
20230815:2211,0.0,0.0,14.91,1.45,0.0
20230815:2311,0.0,0.0,14.87,1.52,0.0
20230816:0011,0.0,0.0,14.69,1.66,0.0
20230816:0111,0.0,0.0,14.44,2.14,0.0
20230816:0211,0.0,0.0,14.16,3.1,0.0
20230816:0311,0.0,0.0,13.96,3.59,0.0
20230816:0411,0.0,0.0,13.81,3.66,0.0
20230816:0511,14.96,7.9,13.89,3.93,0.0
20230816:0611,55.77,15.6,13.95,5.03,0.0
20230816:0711,93.54,23.32,14.07,6.07,0.0
20230816:0811,144.33,30.65,14.12,6.41,0.0
20230816:0911,133.12,37.08,14.18,6.62,0.0
20230816:1011,127.72,41.97,14.26,6.69,0.0
20230816:1111,162.8,44.67,14.42,6.76,0.0
20230816:1211,189.78,44.68,14.61,6.76,0.0
20230816:1311,186.18,42.02,14.65,6.62,0.0
20230816:1411,250.03,37.15,14.64,6.41,0.0
20230816:1511,201.11,30.74,14.66,6.28,0.0
20230816:1611,179.89,23.42,14.52,6.28,0.0
20230816:1711,113.06,15.69,14.23,6.07,0.0
20230816:1811,33.25,8.0,14.0,5.72,0.0
20230816:1911,0.0,0.0,13.56,6.0,0.0
20230816:2011,0.0,0.0,13.15,5.72,0.0
20230816:2111,0.0,0.0,12.91,5.79,0.0
20230816:2211,0.0,0.0,12.91,5.93,0.0
20230816:2311,0.0,0.0,12.82,5.93,0.0
20230817:0011,0.0,0.0,12.74,5.79,0.0
20230817:0111,0.0,0.0,12.54,5.59,0.0
20230817:0211,0.0,0.0,12.53,5.38,0.0
20230817:0311,0.0,0.0,12.43,5.24,0.0
20230817:0411,0.0,0.0,12.33,5.1,0.0
20230817:0511,35.75,7.66,12.3,5.1,0.0
20230817:0611,130.74,15.36,12.61,5.45,0.0
20230817:0711,208.08,23.08,13.78,4.34,0.0
20230817:0811,194.44,30.4,15.33,3.45,0.0
20230817:0911,597.83,36.81,16.36,2.55,0.0
20230817:1011,705.22,41.68,16.83,3.03,0.0
20230817:1111,503.73,44.36,17.02,3.03,0.0
20230817:1211,570.25,44.36,17.24,3.03,0.0
20230817:1311,337.15,41.7,17.15,3.31,0.0
20230817:1411,113.33,36.84,17.32,2.69,0.0
20230817:1511,125.02,30.43,17.32,2.07,0.0
20230817:1611,76.45,23.12,16.93,1.93,0.0
20230817:1711,52.17,15.4,16.52,2.0,0.0
20230817:1811,14.96,7.7,16.13,1.93,0.0
20230817:1911,0.0,0.0,15.41,1.86,0.0
20230817:2011,0.0,0.0,15.2,2.0,0.0
20230817:2111,0.0,0.0,15.05,1.93,0.0
20230817:2211,0.0,0.0,14.96,1.59,0.0
20230817:2311,0.0,0.0,14.88,1.38,0.0
20230818:0011,0.0,0.0,14.69,1.24,0.0
20230818:0111,0.0,0.0,14.24,1.17,0.0
20230818:0211,0.0,0.0,13.79,1.24,0.0
20230818:0311,0.0,0.0,13.29,1.31,0.0
20230818:0411,0.0,0.0,13.34,1.31,0.0
20230818:0511,40.73,7.42,13.48,1.17,0.0
20230818:0611,71.63,15.12,14.45,0.83,0.0
20230818:0711,310.71,22.84,15.68,0.69,0.0
20230818:0811,374.47,30.14,16.51,0.76,0.0
20230818:0911,322.24,36.53,17.15,0.69,0.0
20230818:1011,347.77,41.39,17.41,0.83,0.0
20230818:1111,675.97,44.04,18.07,1.03,0.0
20230818:1211,446.56,44.04,18.47,1.24,0.0
20230818:1311,469.09,41.38,18.65,1.24,0.0
20230818:1411,246.03,36.52,18.87,1.38,0.0
20230818:1511,556.02,30.13,18.99,1.31,0.0
20230818:1611,393.48,22.82,18.85,1.03,0.0
20230818:1711,128.8,15.1,18.73,0.97,0.0
20230818:1811,39.07,7.4,18.33,1.17,0.0
20230818:1911,0.0,0.0,17.98,2.41,0.0
20230818:2011,0.0,0.0,17.5,3.03,0.0
20230818:2111,0.0,0.0,17.07,3.31,0.0
20230818:2211,0.0,0.0,16.78,3.79,0.0
20230818:2311,0.0,0.0,16.56,4.28,0.0
20230819:0011,0.0,0.0,16.41,4.83,0.0
20230819:0111,0.0,0.0,16.35,5.03,0.0
20230819:0211,0.0,0.0,16.31,5.31,0.0
20230819:0311,0.0,0.0,16.48,6.0,0.0
20230819:0411,0.0,0.0,16.72,6.48,0.0
20230819:0511,24.94,7.17,16.98,6.9,0.0
20230819:0611,90.97,14.88,17.32,7.17,0.0
20230819:0711,169.72,22.59,18.16,8.07,0.0
20230819:0811,251.27,29.89,18.67,8.76,0.0
20230819:0911,276.45,36.26,18.95,9.17,0.0
20230819:1011,211.66,41.09,18.93,9.38,0.0
20230819:1111,156.5,43.73,18.94,9.45,0.0
20230819:1211,114.23,43.71,18.65,9.59,0.0
20230819:1311,91.74,41.05,18.22,9.93,0.0
20230819:1411,141.21,36.2,17.69,10.0,0.0
20230819:1511,56.66,29.81,17.35,10.0,0.0
20230819:1611,73.75,22.51,17.34,10.21,0.0
20230819:1711,20.69,14.8,17.41,9.79,0.0
20230819:1811,35.75,7.09,17.48,9.03,0.0
20230819:1911,0.0,0.0,17.67,8.14,0.0
20230819:2011,0.0,0.0,17.63,7.38,0.0
20230819:2111,0.0,0.0,17.47,6.41,0.0
20230819:2211,0.0,0.0,17.23,5.45,0.0
20230819:2311,0.0,0.0,16.92,4.34,0.0
20230820:0011,0.0,0.0,16.39,3.79,0.0
20230820:0111,0.0,0.0,15.89,3.38,0.0
20230820:0211,0.0,0.0,15.55,2.9,0.0
20230820:0311,0.0,0.0,15.36,2.69,0.0
20230820:0411,0.0,0.0,15.11,2.9,0.0
20230820:0511,37.41,6.92,14.84,3.1,0.0
20230820:0611,95.5,14.63,14.84,3.45,0.0
20230820:0711,62.96,22.34,15.1,3.31,0.0
20230820:0811,328.13,29.63,15.42,3.45,0.0
20230820:0911,363.61,35.98,16.3,3.59,0.0
20230820:1011,875.2,40.79,17.13,3.86,0.0
20230820:1111,960.75,43.41,17.64,4.07,0.0
20230820:1211,796.65,43.38,17.64,4.34,0.0
20230820:1311,887.79,40.72,17.55,4.21,0.0
20230820:1411,752.9,35.88,17.35,4.07,0.0
20230820:1511,575.64,29.5,17.17,4.28,0.0
20230820:1611,302.44,22.2,16.82,4.14,0.0
20230820:1711,95.19,14.49,16.29,3.86,0.0
20230820:1811,18.29,6.78,15.65,3.86,0.0
20230820:1911,0.0,0.0,15.33,3.1,0.0
20230820:2011,0.0,0.0,14.93,3.1,0.0
20230820:2111,0.0,0.0,14.78,3.24,0.0
20230820:2211,0.0,0.0,14.61,3.52,0.0
20230820:2311,0.0,0.0,14.41,3.03,0.0
20230821:0011,0.0,0.0,14.65,2.34,0.0
20230821:0111,0.0,0.0,14.63,2.83,0.0
20230821:0211,0.0,0.0,14.65,3.24,0.0
20230821:0311,0.0,0.0,14.5,3.03,0.0
20230821:0411,0.0,0.0,14.56,2.97,0.0
20230821:0511,30.76,6.67,14.63,3.17,0.0
20230821:0611,118.18,14.38,14.92,3.59,0.0
20230821:0711,282.83,22.09,15.23,3.24,0.0
20230821:0811,413.88,29.36,15.68,3.24,0.0
20230821:0911,683.44,35.7,16.3,3.24,0.0
20230821:1011,854.66,40.49,16.43,3.24,0.0
20230821:1111,937.84,43.08,16.66,3.24,0.0
20230821:1211,847.15,43.05,16.84,3.24,0.0
20230821:1311,806.52,40.39,16.95,3.24,0.0
20230821:1411,741.74,35.55,16.98,3.59,0.0
20230821:1511,598.96,29.18,16.77,3.72,0.0
20230821:1611,360.42,21.89,16.52,3.93,0.0
20230821:1711,155.8,14.17,16.08,4.0,0.0
20230821:1811,34.91,6.47,15.53,3.79,0.0
20230821:1911,0.0,0.0,14.95,3.59,0.0
20230821:2011,0.0,0.0,14.64,3.79,0.0
20230821:2111,0.0,0.0,14.43,3.86,0.0
20230821:2211,0.0,0.0,14.14,3.93,0.0
20230821:2311,0.0,0.0,14.16,4.28,0.0
20230822:0011,0.0,0.0,14.14,4.48,0.0
20230822:0111,0.0,0.0,14.14,4.76,0.0
20230822:0211,0.0,0.0,14.14,4.97,0.0
20230822:0311,0.0,0.0,14.12,5.03,0.0
20230822:0411,0.0,0.0,14.22,5.24,0.0
20230822:0511,29.93,6.42,14.19,5.24,0.0
20230822:0611,48.57,14.13,14.47,4.9,0.0
20230822:0711,212.7,21.84,14.66,5.45,0.0
20230822:0811,317.53,29.1,15.32,5.17,0.0
20230822:0911,550.25,35.42,15.78,5.1,0.0
20230822:1011,416.48,40.18,16.24,4.76,0.0
20230822:1111,732.17,42.76,16.65,4.41,0.0
20230822:1211,534.34,42.71,16.81,4.28,0.0
20230822:1311,482.26,40.05,16.87,4.07,0.0
20230822:1411,442.96,35.22,16.9,4.28,0.0
20230822:1511,340.57,28.86,16.77,4.41,0.0
20230822:1611,241.85,21.57,16.39,4.41,0.0
20230822:1711,114.16,13.86,16.05,4.28,0.0
20230822:1811,33.25,6.15,15.66,4.07,0.0
20230822:1911,0.0,0.0,15.27,3.59,0.0
20230822:2011,0.0,0.0,15.29,3.52,0.0
20230822:2111,0.0,0.0,15.15,3.45,0.0
20230822:2211,0.0,0.0,15.04,3.45,0.0
20230822:2311,0.0,0.0,14.9,3.59,0.0
20230823:0011,0.0,0.0,14.74,3.66,0.0
20230823:0111,0.0,0.0,14.67,3.86,0.0
20230823:0211,0.0,0.0,14.59,3.66,0.0
20230823:0311,0.0,0.0,14.41,3.38,0.0
20230823:0411,0.0,0.0,14.34,3.38,0.0
20230823:0511,24.11,6.16,14.44,3.03,0.0
20230823:0611,26.98,13.88,14.37,2.55,0.0
20230823:0711,258.8,21.58,14.47,4.34,0.0
20230823:0811,234.76,28.83,14.28,5.1,0.0
20230823:0911,281.83,35.13,14.64,4.62,0.0
20230823:1011,216.15,39.87,14.39,4.62,0.0
20230823:1111,241.36,42.43,14.26,4.97,0.0
20230823:1211,195.06,42.37,14.4,4.97,0.0
20230823:1311,202.16,39.71,14.07,5.31,0.0
20230823:1411,277.39,34.88,14.08,5.03,0.0
20230823:1511,389.03,28.53,14.07,4.97,0.0
20230823:1611,302.27,21.25,13.89,4.76,0.0
20230823:1711,159.34,13.54,13.71,4.9,0.0
20230823:1811,30.76,5.83,13.54,4.76,0.0
20230823:1911,0.0,0.0,13.57,4.83,0.0
20230823:2011,0.0,0.0,13.47,4.55,0.0
20230823:2111,0.0,0.0,13.29,4.14,0.0
20230823:2211,0.0,0.0,13.08,3.72,0.0
20230823:2311,0.0,0.0,12.88,3.45,0.0
20230824:0011,0.0,0.0,12.73,3.31,0.0
20230824:0111,0.0,0.0,12.56,3.24,0.0
20230824:0211,0.0,0.0,12.53,3.24,0.0
20230824:0311,0.0,0.0,12.44,2.97,0.0
20230824:0411,0.0,0.0,12.4,2.69,0.0
20230824:0511,5.82,5.91,12.2,2.28,0.0
20230824:0611,63.59,13.63,12.33,2.0,0.0
20230824:0711,101.91,21.32,12.61,1.52,0.0
20230824:0811,253.67,28.56,13.24,1.1,0.0
20230824:0911,729.2,34.84,13.88,1.17,0.0
20230824:1011,846.89,39.56,14.28,1.1,0.0
20230824:1111,552.65,42.1,14.45,1.45,0.0
20230824:1211,280.81,42.02,14.22,0.83,0.0
20230824:1311,651.12,39.36,14.39,1.45,0.0
20230824:1411,321.89,34.54,13.97,1.1,0.0
20230824:1511,121.42,28.2,13.78,1.1,0.0
20230824:1611,81.85,20.92,13.95,2.21,0.0
20230824:1711,32.38,13.21,14.08,3.31,0.0
20230824:1811,6.65,5.5,14.02,3.86,0.0
20230824:1911,0.0,0.0,13.93,4.48,0.0
20230824:2011,0.0,0.0,13.13,4.9,0.0
20230824:2111,0.0,0.0,12.23,4.9,0.0
20230824:2211,0.0,0.0,12.15,4.76,0.0
20230824:2311,0.0,0.0,12.75,4.28,0.0
20230825:0011,0.0,0.0,13.27,3.79,0.0
20230825:0111,0.0,0.0,13.33,3.45,0.0
20230825:0211,0.0,0.0,13.3,3.45,0.0
20230825:0311,0.0,0.0,13.2,3.45,0.0
20230825:0411,0.0,0.0,13.06,3.52,0.0
20230825:0511,26.6,5.65,13.09,3.38,0.0
20230825:0611,60.91,13.38,13.37,3.03,0.0
20230825:0711,104.91,21.07,13.39,1.17,0.0
20230825:0811,247.57,28.29,13.79,0.97,0.0
20230825:0911,273.9,34.55,14.21,1.17,0.0
20230825:1011,202.85,39.25,14.53,0.97,0.0
20230825:1111,145.71,41.76,14.62,0.69,0.0
20230825:1211,155.6,41.68,14.57,0.55,0.0
20230825:1311,154.7,39.01,14.73,0.41,0.0
20230825:1411,127.72,34.2,14.63,0.14,0.0
20230825:1511,220.62,27.86,14.78,0.41,0.0
20230825:1611,116.41,20.59,14.73,0.62,0.0
20230825:1711,44.07,12.89,14.61,0.62,0.0
20230825:1811,4.99,5.17,14.47,0.41,0.0
20230825:1911,0.0,0.0,14.53,0.76,0.0
20230825:2011,0.0,0.0,13.72,0.55,0.0
20230825:2111,0.0,0.0,13.22,0.55,0.0
20230825:2211,0.0,0.0,12.91,0.62,0.0
20230825:2311,0.0,0.0,12.52,0.62,0.0
20230826:0011,0.0,0.0,14.19,0.34,0.0
20230826:0111,0.0,0.0,14.08,0.14,0.0
20230826:0211,0.0,0.0,13.97,0.21,0.0
20230826:0311,0.0,0.0,12.04,0.62,0.0
20230826:0411,0.0,0.0,11.91,0.97,0.0
20230826:0511,11.64,5.39,11.96,0.9,0.0
20230826:0611,67.87,13.12,12.32,0.9,0.0
20230826:0711,174.04,20.81,13.63,0.69,0.0
20230826:0811,395.89,28.02,13.83,1.03,0.0
20230826:0911,711.38,34.26,14.72,0.97,0.0
20230826:1011,655.35,38.93,15.09,1.03,0.0
20230826:1111,96.24,41.42,14.79,2.41,0.0
20230826:1211,94.44,41.33,14.63,2.83,0.0
20230826:1311,71.96,38.66,14.38,2.97,0.0
20230826:1411,126.82,33.85,14.56,3.03,0.0
20230826:1511,256.26,27.52,14.59,3.38,0.0
20230826:1611,224.52,20.26,14.47,3.38,0.0
20230826:1711,140.08,12.56,14.23,3.38,0.0
20230826:1811,25.77,4.84,14.03,3.1,0.0
20230826:1911,0.0,0.0,14.03,2.76,0.0
20230826:2011,0.0,0.0,13.79,2.48,0.0
20230826:2111,0.0,0.0,13.75,2.34,0.0
20230826:2211,0.0,0.0,13.75,2.28,0.0
20230826:2311,0.0,0.0,13.59,2.28,0.0
20230827:0011,0.0,0.0,13.44,2.28,0.0
20230827:0111,0.0,0.0,13.34,1.93,0.0
20230827:0211,0.0,0.0,13.24,1.79,0.0
20230827:0311,0.0,0.0,13.17,2.0,0.0
20230827:0411,0.0,0.0,13.03,2.14,0.0
20230827:0511,25.77,5.13,13.01,2.34,0.0
20230827:0611,43.17,12.86,13.16,2.28,0.0
20230827:0711,276.89,20.54,13.48,2.62,0.0
20230827:0811,224.66,27.75,13.83,2.76,0.0
20230827:0911,613.34,33.97,14.17,2.34,0.0
20230827:1011,566.01,38.61,14.58,2.34,0.0
20230827:1111,774.04,41.08,14.9,2.76,0.0
20230827:1211,832.08,40.97,15.05,3.1,0.0
20230827:1311,439.64,38.3,15.08,3.45,0.0
20230827:1411,449.46,33.5,14.98,3.45,0.0
20230827:1511,332.71,27.18,14.83,3.24,0.0
20230827:1611,265.21,19.92,14.58,2.97,0.0
20230827:1711,161.82,12.22,14.23,2.62,0.0
20230827:1811,22.44,4.5,13.85,2.21,0.0
20230827:1911,0.0,0.0,13.54,1.86,0.0
20230827:2011,0.0,0.0,13.25,1.93,0.0
20230827:2111,0.0,0.0,13.05,2.34,0.0
20230827:2211,0.0,0.0,12.89,2.76,0.0
20230827:2311,0.0,0.0,12.73,2.97,0.0
20230828:0011,0.0,0.0,12.52,2.83,0.0
20230828:0111,0.0,0.0,12.25,2.62,0.0
20230828:0211,0.0,0.0,12.13,2.41,0.0
20230828:0311,0.0,0.0,11.91,2.62,0.0
20230828:0411,0.0,0.0,11.85,2.83,0.0
20230828:0511,3.33,4.87,11.76,2.76,0.0
20230828:0611,66.81,12.61,11.97,3.03,0.0
20230828:0711,125.68,20.28,12.85,3.93,0.0
20230828:0811,127.39,27.47,13.29,4.34,0.0
20230828:0911,183.86,33.67,13.48,4.62,0.0
20230828:1011,168.2,38.29,13.74,4.9,0.0
20230828:1111,249.77,40.74,13.96,4.76,0.0
20230828:1211,269.86,40.62,14.19,4.55,0.0
20230828:1311,609.27,37.95,14.35,4.48,0.0
20230828:1411,300.22,33.15,14.3,4.48,0.0
20230828:1511,163.82,26.83,14.22,4.55,0.0
20230828:1611,101.0,19.58,14.02,4.62,0.0
20230828:1711,80.73,11.88,13.63,4.28,0.0
20230828:1811,14.96,4.16,13.23,3.93,0.0
20230828:1911,0.0,0.0,13.2,3.79,0.0
20230828:2011,0.0,0.0,13.01,2.97,0.0
20230828:2111,0.0,0.0,12.81,2.28,0.0
20230828:2211,0.0,0.0,12.75,2.14,0.0
20230828:2311,0.0,0.0,12.67,2.0,0.0
20230829:0011,0.0,0.0,12.58,1.93,0.0
20230829:0111,0.0,0.0,12.23,1.86,0.0
20230829:0211,0.0,0.0,12.18,2.14,0.0
20230829:0311,0.0,0.0,12.15,2.0,0.0
20230829:0411,0.0,0.0,12.13,1.38,0.0
20230829:0511,4.16,4.61,11.89,0.97,0.0
20230829:0611,29.68,12.34,12.37,0.9,0.0
20230829:0711,194.39,20.01,12.66,2.55,0.0
20230829:0811,228.36,27.19,13.06,3.31,0.0
20230829:0911,421.57,33.37,13.61,3.59,0.0
20230829:1011,464.46,37.97,13.95,3.66,0.0
20230829:1111,386.87,40.39,14.28,3.66,0.0
20230829:1211,158.3,40.26,14.65,3.93,0.0
20230829:1311,319.83,37.58,14.44,4.48,0.0
20230829:1411,287.17,32.79,14.51,5.17,0.0
20230829:1511,353.12,26.49,14.23,5.45,0.0
20230829:1611,358.93,19.24,14.24,5.52,0.0
20230829:1711,159.46,11.54,14.08,5.17,0.0
20230829:1811,19.12,3.82,13.75,5.17,0.0
20230829:1911,0.0,0.0,13.57,4.76,0.0
20230829:2011,0.0,0.0,13.15,4.76,0.0
20230829:2111,0.0,0.0,12.83,5.03,0.0
20230829:2211,0.0,0.0,12.64,5.31,0.0
20230829:2311,0.0,0.0,12.32,5.45,0.0
20230830:0011,0.0,0.0,12.3,5.38,0.0
20230830:0111,0.0,0.0,12.15,4.97,0.0
20230830:0211,0.0,0.0,11.98,4.34,0.0
20230830:0311,0.0,0.0,11.91,4.14,0.0
20230830:0411,0.0,0.0,11.91,4.21,0.0
20230830:0511,6.65,4.34,12.04,4.48,0.0
20230830:0611,106.53,12.08,12.3,4.83,0.0
20230830:0711,253.85,19.75,13.1,4.48,0.0
20230830:0811,537.18,26.91,13.68,4.34,0.0
20230830:0911,704.72,33.07,14.28,3.72,0.0
20230830:1011,337.83,37.64,14.43,2.9,0.0
20230830:1111,258.15,40.04,14.76,2.21,0.0
20230830:1211,185.25,39.9,15.07,1.31,0.0
20230830:1311,140.31,37.22,15.06,0.48,0.0
20230830:1411,152.84,32.44,14.84,0.14,0.0
20230830:1511,73.75,26.13,14.55,1.03,0.0
20230830:1611,53.97,18.89,14.12,2.55,0.0
20230830:1711,34.18,11.2,13.61,2.76,0.0
20230830:1811,3.33,3.47,13.6,2.55,0.0
20230830:1911,0.0,0.0,13.31,2.14,0.0
20230830:2011,0.0,0.0,13.15,2.0,0.0
20230830:2111,0.0,0.0,12.42,1.93,0.0
20230830:2211,0.0,0.0,12.3,2.14,0.0
20230830:2311,0.0,0.0,12.78,2.28,0.0
20230831:0011,0.0,0.0,13.4,2.21,0.0
20230831:0111,0.0,0.0,13.22,2.21,0.0
20230831:0211,0.0,0.0,13.0,2.21,0.0
20230831:0311,0.0,0.0,12.71,2.14,0.0
20230831:0411,0.0,0.0,12.5,2.14,0.0
20230831:0511,5.82,4.08,12.33,2.07,0.0
20230831:0611,101.07,11.82,12.51,1.86,0.0
20230831:0711,187.12,19.48,13.2,2.0,0.0
20230831:0811,495.53,26.63,14.33,1.45,0.0
20230831:0911,726.2,32.77,15.21,0.76,0.0
20230831:1011,859.14,37.31,16.07,0.41,0.0
20230831:1111,956.61,39.69,16.34,1.17,0.0
20230831:1211,622.39,39.53,16.52,1.93,0.0
20230831:1311,520.13,36.85,16.24,2.41,0.0
20230831:1411,498.95,32.07,16.15,2.69,0.0
20230831:1511,448.75,25.78,15.89,2.76,0.0
20230831:1611,334.62,18.54,15.79,2.69,0.0
20230831:1711,104.04,10.85,15.52,2.83,0.0
20230831:1811,8.31,3.12,15.15,3.17,0.0
20230831:1911,0.0,0.0,15.02,2.97,0.0
20230831:2011,0.0,0.0,14.7,2.97,0.0
20230831:2111,0.0,0.0,14.46,2.97,0.0
20230831:2211,0.0,0.0,14.25,3.24,0.0
20230831:2311,0.0,0.0,14.04,3.45,0.0
20230901:0011,0.0,0.0,13.8,3.59,0.0
20230901:0111,0.0,0.0,13.59,3.66,0.0
20230901:0211,0.0,0.0,13.34,3.59,0.0
20230901:0311,0.0,0.0,12.97,3.45,0.0
20230901:0411,0.0,0.0,12.54,3.38,0.0
20230901:0511,18.29,3.81,12.27,3.24,0.0
20230901:0611,97.82,11.56,12.44,3.1,0.0
20230901:0711,179.37,19.21,12.72,3.31,0.0
20230901:0811,251.77,26.34,13.78,3.93,0.0
20230901:0911,650.73,32.46,14.63,4.41,0.0
20230901:1011,880.92,36.98,15.37,4.76,0.0
20230901:1111,965.93,39.34,15.9,5.03,0.0
20230901:1211,1021.56,39.16,16.29,5.38,0.0
20230901:1311,951.15,36.48,16.47,5.72,0.0
20230901:1411,779.34,31.71,16.42,6.14,0.0
20230901:1511,575.74,25.42,16.24,6.34,0.0
20230901:1611,362.31,18.19,15.8,6.41,0.0
20230901:1711,125.13,10.5,15.23,6.41,0.0
20230901:1811,11.64,2.77,14.56,6.55,0.0
20230901:1911,0.0,0.0,14.0,6.62,0.0
20230901:2011,0.0,0.0,13.59,6.69,0.0
20230901:2111,0.0,0.0,13.24,6.62,0.0
20230901:2211,0.0,0.0,13.04,6.48,0.0
20230901:2311,0.0,0.0,12.89,6.34,0.0
20230902:0011,0.0,0.0,12.82,6.48,0.0
20230902:0111,0.0,0.0,12.84,6.48,0.0
20230902:0211,0.0,0.0,12.68,6.48,0.0
20230902:0311,0.0,0.0,12.62,6.48,0.0
20230902:0411,0.0,0.0,12.5,6.41,0.0
20230902:0511,8.31,3.54,12.38,6.62,0.0
20230902:0611,71.02,11.29,12.43,6.83,0.0
20230902:0711,248.6,18.94,12.66,6.76,0.0
20230902:0811,400.73,26.06,12.99,6.69,0.0
20230902:0911,296.93,32.15,13.34,6.9,0.0
20230902:1011,360.36,36.65,13.69,6.69,0.0
20230902:1111,351.76,38.98,13.85,6.34,0.0
20230902:1211,391.88,38.79,14.05,6.07,0.0
20230902:1311,226.2,36.11,14.31,6.34,0.0
20230902:1411,99.84,31.34,14.16,6.76,0.0
20230902:1511,124.94,25.06,14.0,7.24,0.0
20230902:1611,39.58,17.83,13.56,7.17,0.0
20230902:1711,10.79,10.15,13.24,7.1,0.0
20230902:1811,1.66,2.42,12.99,6.9,0.0
20230902:1911,0.0,0.0,12.72,5.59,0.0
20230902:2011,0.0,0.0,12.67,5.03,0.0
20230902:2111,0.0,0.0,12.66,4.34,0.0
20230902:2211,0.0,0.0,12.83,4.07,0.0
20230902:2311,0.0,0.0,12.95,3.03,0.0
20230903:0011,0.0,0.0,12.92,2.48,0.0
20230903:0111,0.0,0.0,12.58,1.24,0.0
20230903:0211,0.0,0.0,12.55,0.9,0.0
20230903:0311,0.0,0.0,12.57,0.9,0.0
20230903:0411,0.0,0.0,12.86,1.72,0.0
20230903:0511,1.66,3.27,12.94,3.38,0.0
20230903:0611,10.79,11.02,12.93,4.07,0.0
20230903:0711,74.65,18.66,13.07,3.86,0.0
20230903:0811,51.27,25.77,13.57,4.21,0.0
20230903:0911,107.03,31.84,14.26,4.9,0.0
20230903:1011,119.63,36.31,14.72,5.1,0.0
20230903:1111,169.09,38.63,15.16,4.69,0.0
20230903:1211,107.03,38.42,15.38,4.48,0.0
20230903:1311,182.65,35.74,15.49,4.69,0.0
20230903:1411,245.42,30.97,15.56,4.14,0.0
20230903:1511,218.01,24.7,15.71,3.59,0.0
20230903:1611,89.55,17.48,15.51,2.97,0.0
20230903:1711,24.28,9.79,15.41,2.76,0.0
20230903:1811,1.66,2.06,15.37,2.76,0.0
20230903:1911,0.0,0.0,15.46,3.03,0.0
20230903:2011,0.0,0.0,15.52,2.76,0.0
20230903:2111,0.0,0.0,15.53,2.14,0.0
20230903:2211,0.0,0.0,15.55,1.66,0.0
20230903:2311,0.0,0.0,15.55,1.24,0.0
20230904:0011,0.0,0.0,15.39,1.38,0.0
20230904:0111,0.0,0.0,14.99,1.59,0.0
20230904:0211,0.0,0.0,14.61,1.45,0.0
20230904:0311,0.0,0.0,14.04,0.97,0.0
20230904:0411,0.0,0.0,14.07,0.9,0.0
20230904:0511,9.98,3.0,13.41,1.24,0.0
20230904:0611,110.51,10.75,13.83,1.52,0.0
20230904:0711,303.08,18.39,15.34,2.62,0.0
20230904:0811,514.87,25.48,15.71,3.24,0.0
20230904:0911,752.91,31.53,16.25,4.0,0.0
20230904:1011,859.66,35.98,16.97,4.62,0.0
20230904:1111,891.71,38.27,17.27,4.83,0.0
20230904:1211,984.02,38.05,17.17,4.97,0.0
20230904:1311,807.68,35.36,17.01,5.1,0.0
20230904:1411,592.11,30.6,16.8,5.03,0.0
20230904:1511,425.3,24.33,16.48,4.48,0.0
20230904:1611,301.15,17.12,16.27,3.45,0.0
20230904:1711,88.27,9.43,16.0,2.76,0.0
20230904:1811,1.66,1.7,15.71,2.62,0.0
20230904:1911,0.0,0.0,15.53,2.9,0.0
20230904:2011,0.0,0.0,15.31,2.83,0.0
20230904:2111,0.0,0.0,15.27,2.76,0.0
20230904:2211,0.0,0.0,15.28,2.83,0.0
20230904:2311,0.0,0.0,15.2,2.76,0.0
20230905:0011,0.0,0.0,15.08,2.41,0.0
20230905:0111,0.0,0.0,15.04,1.86,0.0
20230905:0211,0.0,0.0,14.96,1.45,0.0
20230905:0311,0.0,0.0,14.65,1.17,0.0
20230905:0411,0.0,0.0,14.5,0.97,0.0
20230905:0511,9.14,2.73,14.18,1.03,0.0
20230905:0611,47.59,10.48,14.41,0.97,0.0
20230905:0711,138.74,18.11,15.14,1.59,0.0
20230905:0811,373.48,25.19,15.42,1.66,0.0
20230905:0911,489.69,31.22,15.76,2.0,0.0
20230905:1011,702.54,35.64,15.93,2.83,0.0
20230905:1111,560.42,37.9,16.08,3.38,0.0
20230905:1211,224.57,37.67,16.26,3.59,0.0
20230905:1311,115.13,34.98,16.22,3.72,0.0
20230905:1411,126.82,30.22,16.26,4.0,0.0
20230905:1511,197.09,23.96,16.13,4.55,0.0
20230905:1611,195.53,16.75,15.85,4.97,0.0
20230905:1711,54.55,9.07,15.52,5.31,0.0
20230905:1811,0.83,1.34,15.11,5.31,0.0
20230905:1911,0.0,0.0,14.85,4.9,0.0
20230905:2011,0.0,0.0,14.18,4.76,0.0
20230905:2111,0.0,0.0,13.54,4.9,0.0
20230905:2211,0.0,0.0,13.09,5.1,0.0
20230905:2311,0.0,0.0,12.73,4.76,0.0
20230906:0011,0.0,0.0,12.34,4.07,0.0
20230906:0111,0.0,0.0,12.13,3.45,0.0
20230906:0211,0.0,0.0,11.86,3.24,0.0
20230906:0311,0.0,0.0,11.82,3.24,0.0
20230906:0411,0.0,0.0,11.6,3.17,0.0
20230906:0511,8.31,2.46,11.57,2.62,0.0
20230906:0611,107.51,10.21,11.9,1.86,0.0
20230906:0711,312.53,17.83,12.97,0.9,0.0
20230906:0811,526.35,24.89,14.61,1.1,0.0
20230906:0911,761.36,30.9,16.22,2.07,0.0
20230906:1011,877.51,35.3,17.45,2.62,0.0
20230906:1111,932.03,37.54,18.27,3.03,0.0
20230906:1211,964.37,37.29,18.76,3.31,0.0
20230906:1311,850.64,34.6,19.01,3.45,0.0
20230906:1411,705.67,29.85,18.95,3.45,0.0
20230906:1511,544.93,23.59,18.61,3.24,0.0
20230906:1611,323.31,16.39,18.21,3.1,0.0
20230906:1711,67.53,8.71,17.73,3.31,0.0
20230906:1811,0.0,0.0,17.4,3.79,0.0
20230906:1911,0.0,0.0,16.96,4.14,0.0
20230906:2011,0.0,0.0,16.51,4.21,0.0
20230906:2111,0.0,0.0,16.03,4.41,0.0
20230906:2211,0.0,0.0,15.71,4.83,0.0
20230906:2311,0.0,0.0,15.57,5.17,0.0
20230907:0011,0.0,0.0,15.55,5.38,0.0
20230907:0111,0.0,0.0,15.56,5.59,0.0
20230907:0211,0.0,0.0,15.76,5.72,0.0
20230907:0311,0.0,0.0,15.73,5.72,0.0
20230907:0411,0.0,0.0,15.79,5.72,0.0
20230907:0511,4.99,2.19,15.88,5.72,0.0
20230907:0611,64.57,9.94,16.26,5.72,0.0
20230907:0711,187.09,17.55,17.0,6.21,0.0
20230907:0811,379.09,24.6,17.83,6.21,0.0
20230907:0911,654.36,30.58,18.57,6.14,0.0
20230907:1011,762.55,34.95,19.29,5.93,0.0
20230907:1111,822.43,37.17,19.81,5.86,0.0
20230907:1211,853.41,36.91,20.09,5.86,0.0
20230907:1311,531.95,34.22,20.15,5.72,0.0
20230907:1411,597.08,29.47,20.05,5.45,0.0
20230907:1511,411.58,23.22,19.87,5.24,0.0
20230907:1611,155.5,16.02,19.57,5.1,0.0
20230907:1711,27.88,8.35,19.1,5.52,0.0
20230907:1811,0.0,0.0,18.52,5.45,0.0
20230907:1911,0.0,0.0,17.85,4.83,0.0
20230907:2011,0.0,0.0,17.56,4.97,0.0
20230907:2111,0.0,0.0,17.39,5.17,0.0
20230907:2211,0.0,0.0,17.31,5.31,0.0
20230907:2311,0.0,0.0,17.25,5.38,0.0
20230908:0011,0.0,0.0,17.17,5.45,0.0
20230908:0111,0.0,0.0,17.09,5.45,0.0
20230908:0211,0.0,0.0,17.01,5.24,0.0
20230908:0311,0.0,0.0,16.9,4.97,0.0
20230908:0411,0.0,0.0,16.7,4.69,0.0
20230908:0511,3.33,1.91,16.49,4.69,0.0
20230908:0611,37.78,9.67,16.66,4.9,0.0
20230908:0711,165.49,17.27,17.5,4.62,0.0
20230908:0811,353.7,24.3,18.27,5.31,0.0
20230908:0911,647.32,30.27,19.13,5.93,0.0
20230908:1011,846.24,34.61,19.66,5.66,0.0
20230908:1111,897.34,36.81,19.98,5.17,0.0
20230908:1211,935.56,36.53,20.2,5.03,0.0
20230908:1311,837.4,33.83,20.27,5.03,0.0
20230908:1411,709.21,29.09,20.15,4.83,0.0
20230908:1511,438.51,22.85,19.93,4.48,0.0
20230908:1611,278.22,15.65,19.59,4.0,0.0
20230908:1711,35.52,7.98,19.01,3.79,0.0
20230908:1811,0.0,0.0,18.33,3.66,0.0
20230908:1911,0.0,0.0,17.96,3.66,0.0
20230908:2011,0.0,0.0,17.78,3.38,0.0
20230908:2111,0.0,0.0,17.6,3.31,0.0
20230908:2211,0.0,0.0,17.45,3.52,0.0
20230908:2311,0.0,0.0,17.36,3.86,0.0
20230909:0011,0.0,0.0,17.39,4.34,0.0
20230909:0111,0.0,0.0,17.36,4.76,0.0
20230909:0211,0.0,0.0,17.37,4.97,0.0
20230909:0311,0.0,0.0,17.31,5.1,0.0
20230909:0411,0.0,0.0,17.26,5.1,0.0
20230909:0511,0.83,1.64,17.09,5.17,0.0
20230909:0611,62.3,9.39,17.21,5.38,0.0
20230909:0711,160.55,16.99,17.77,5.66,0.0
20230909:0811,150.49,24.01,18.37,6.14,0.0
20230909:0911,682.39,29.95,18.82,6.48,0.0
20230909:1011,325.95,34.26,19.18,6.55,0.0
20230909:1111,430.66,36.44,19.41,6.34,0.0
20230909:1211,736.27,36.15,19.49,6.55,0.0
20230909:1311,827.62,33.44,19.36,6.62,0.0
20230909:1411,572.99,28.7,18.98,6.48,0.0
20230909:1511,485.36,22.47,18.49,6.0,0.0
20230909:1611,251.52,15.28,17.91,5.38,0.0
20230909:1711,68.25,7.61,17.17,4.48,0.0
20230909:1811,0.0,0.0,16.39,3.66,0.0
20230909:1911,0.0,0.0,15.93,3.24,0.0
20230909:2011,0.0,0.0,15.74,2.9,0.0
20230909:2111,0.0,0.0,15.65,2.69,0.0
20230909:2211,0.0,0.0,15.62,2.34,0.0
20230909:2311,0.0,0.0,15.64,2.07,0.0
20230910:0011,0.0,0.0,15.59,1.93,0.0
20230910:0111,0.0,0.0,15.48,1.93,0.0
20230910:0211,0.0,0.0,15.39,1.66,0.0
20230910:0311,0.0,0.0,15.42,1.31,0.0
20230910:0411,0.0,0.0,15.43,1.59,0.0
20230910:0511,0.83,1.36,15.39,2.14,0.0
20230910:0611,76.91,9.12,15.52,2.14,0.0
20230910:0711,181.82,16.71,16.2,2.9,0.0
20230910:0811,84.55,23.71,16.53,3.03,0.0
20230910:0911,81.85,29.62,16.81,3.03,0.0
20230910:1011,138.51,33.92,17.14,2.97,0.0
20230910:1111,191.94,36.07,17.49,3.03,0.0
20230910:1211,157.4,35.76,17.73,3.52,0.0
20230910:1311,190.59,33.05,17.54,3.66,0.0
20230910:1411,120.52,28.32,17.42,3.38,0.0
20230910:1511,222.06,22.09,17.23,3.66,0.0
20230910:1611,113.79,14.91,16.84,3.79,0.0
20230910:1711,69.17,7.24,16.5,3.59,0.0
20230910:1811,0.0,0.0,16.21,3.31,0.0
20230910:1911,0.0,0.0,16.28,4.0,0.0
20230910:2011,0.0,0.0,16.21,4.07,0.0
20230910:2111,0.0,0.0,16.22,4.21,0.0
20230910:2211,0.0,0.0,16.2,4.62,0.0
20230910:2311,0.0,0.0,16.19,5.1,0.0
20230911:0011,0.0,0.0,16.25,5.72,0.0
20230911:0111,0.0,0.0,16.33,6.41,0.0
20230911:0211,0.0,0.0,16.37,7.24,0.0
20230911:0311,0.0,0.0,16.29,8.14,0.0
20230911:0411,0.0,0.0,16.28,8.97,0.0
20230911:0511,0.0,0.0,16.28,9.17,0.0
20230911:0611,62.16,8.84,16.34,8.55,0.0
20230911:0711,53.97,16.42,16.44,7.1,0.0
20230911:0811,44.97,23.41,16.86,6.34,0.0
20230911:0911,67.46,29.3,17.19,5.66,0.0
20230911:1011,71.96,33.57,17.47,5.66,0.0
20230911:1111,62.06,35.69,17.72,5.93,0.0
20230911:1211,61.16,35.38,17.79,6.0,0.0
20230911:1311,87.25,32.66,17.45,6.07,0.0
20230911:1411,44.07,27.93,17.45,5.66,0.0
20230911:1511,91.74,21.71,17.15,5.17,0.0
20230911:1611,51.27,14.53,16.63,4.28,0.0
20230911:1711,26.08,6.87,16.13,3.66,0.0
20230911:1811,0.0,0.0,15.54,4.0,0.0
20230911:1911,0.0,0.0,15.48,4.21,0.0
20230911:2011,0.0,0.0,15.18,4.97,0.0
20230911:2111,0.0,0.0,14.79,4.97,0.0
20230911:2211,0.0,0.0,14.47,4.9,0.0
20230911:2311,0.0,0.0,14.22,4.55,0.0
20230912:0011,0.0,0.0,13.96,4.28,0.0
20230912:0111,0.0,0.0,13.58,4.14,0.0
20230912:0211,0.0,0.0,13.28,3.93,0.0
20230912:0311,0.0,0.0,12.99,3.72,0.0
20230912:0411,0.0,0.0,12.76,3.45,0.0
20230912:0511,0.0,0.0,12.43,3.52,0.0
20230912:0611,37.88,8.56,12.21,3.93,0.0
20230912:0711,211.22,16.14,12.46,5.1,0.0
20230912:0811,489.94,23.1,12.54,5.17,0.0
20230912:0911,682.9,28.97,12.94,5.24,0.0
20230912:1011,544.52,33.21,13.42,5.52,0.0
20230912:1111,831.16,35.32,13.84,5.79,0.0
20230912:1211,566.75,34.99,14.05,6.0,0.0
20230912:1311,785.39,32.27,14.13,6.21,0.0
20230912:1411,281.01,27.54,14.05,6.34,0.0
20230912:1511,237.58,21.33,13.8,6.48,0.0
20230912:1611,251.3,14.16,13.5,6.62,0.0
20230912:1711,78.2,6.49,13.06,6.69,0.0
20230912:1811,0.0,0.0,12.54,7.1,0.0
20230912:1911,0.0,0.0,12.57,6.14,0.0
20230912:2011,0.0,0.0,12.21,6.21,0.0
20230912:2111,0.0,0.0,11.88,6.28,0.0
20230912:2211,0.0,0.0,11.67,6.62,0.0
20230912:2311,0.0,0.0,11.36,6.83,0.0
20230913:0011,0.0,0.0,11.06,7.03,0.0
20230913:0111,0.0,0.0,10.71,7.31,0.0
20230913:0211,0.0,0.0,10.45,7.17,0.0
20230913:0311,0.0,0.0,10.2,6.97,0.0
20230913:0411,0.0,0.0,9.97,6.62,0.0
20230913:0511,0.0,0.0,9.78,6.48,0.0
20230913:0611,101.86,8.29,9.75,6.41,0.0
20230913:0711,310.9,15.85,10.09,6.28,0.0
20230913:0811,532.44,22.8,10.57,6.62,0.0
20230913:0911,769.07,28.65,11.12,6.83,0.0
20230913:1011,867.08,32.86,11.7,6.9,0.0
20230913:1111,917.14,34.94,12.13,6.83,0.0
20230913:1211,933.26,34.6,12.48,6.76,0.0
20230913:1311,852.18,31.88,12.59,6.83,0.0
20230913:1411,691.78,27.16,12.61,6.9,0.0
20230913:1511,533.43,20.95,12.57,6.76,0.0
20230913:1611,300.66,13.78,12.43,6.41,0.0
20230913:1711,28.58,6.12,12.06,5.79,0.0
20230913:1811,0.0,0.0,11.5,5.38,0.0
20230913:1911,0.0,0.0,10.89,5.24,0.0
20230913:2011,0.0,0.0,10.71,4.69,0.0
20230913:2111,0.0,0.0,10.57,4.28,0.0
20230913:2211,0.0,0.0,10.51,3.59,0.0
20230913:2311,0.0,0.0,10.39,2.69,0.0
20230914:0011,0.0,0.0,10.36,1.72,0.0
20230914:0111,0.0,0.0,10.08,1.17,0.0
20230914:0211,0.0,0.0,9.88,0.76,0.0
20230914:0311,0.0,0.0,10.37,0.55,0.0
20230914:0411,0.0,0.0,9.9,1.52,0.0
20230914:0511,0.0,0.0,10.43,3.03,0.0
20230914:0611,37.96,8.01,10.63,3.79,0.0
20230914:0711,88.51,15.56,11.03,4.9,0.0
20230914:0811,124.13,22.5,11.37,5.59,0.0
20230914:0911,251.34,28.32,11.93,6.76,0.0
20230914:1011,98.94,32.51,12.42,7.72,0.0
20230914:1111,203.4,34.57,12.82,8.69,0.0
20230914:1211,158.3,34.21,13.2,9.52,0.0
20230914:1311,134.92,31.49,13.13,8.9,0.0
20230914:1411,346.93,26.77,13.03,8.76,0.0
20230914:1511,434.07,20.56,13.35,7.52,0.0
20230914:1611,136.2,13.4,13.67,5.52,0.0
20230914:1711,18.89,5.74,13.61,3.93,0.0
20230914:1811,0.0,0.0,13.51,3.52,0.0
20230914:1911,0.0,0.0,13.63,3.59,0.0
20230914:2011,0.0,0.0,13.47,3.52,0.0
20230914:2111,0.0,0.0,13.42,3.79,0.0
20230914:2211,0.0,0.0,13.2,4.21,0.0
20230914:2311,0.0,0.0,13.21,4.48,0.0
20230915:0011,0.0,0.0,13.22,4.62,0.0
20230915:0111,0.0,0.0,13.3,5.1,0.0
20230915:0211,0.0,0.0,13.42,5.45,0.0
20230915:0311,0.0,0.0,13.51,5.31,0.0
20230915:0411,0.0,0.0,13.52,4.55,0.0
20230915:0511,0.0,0.0,13.5,4.07,0.0
20230915:0611,47.95,7.72,13.64,3.59,0.0
20230915:0711,139.74,15.27,13.82,3.45,0.0
20230915:0811,191.75,22.19,14.05,3.86,0.0
20230915:0911,271.97,27.99,14.39,3.72,0.0
20230915:1011,170.33,32.15,14.42,3.72,0.0
20230915:1111,105.23,34.19,14.26,3.52,0.0
20230915:1211,75.55,33.82,14.05,3.17,0.0
20230915:1311,88.15,31.09,13.88,1.93,0.0
20230915:1411,64.76,26.37,13.24,0.9,0.0
20230915:1511,36.88,20.18,13.11,0.97,0.0
20230915:1611,35.08,13.02,12.55,2.34,0.0
20230915:1711,7.2,5.37,12.16,3.59,0.0
20230915:1811,0.0,0.0,11.98,4.28,0.0
20230915:1911,0.0,0.0,13.07,2.21,0.0
20230915:2011,0.0,0.0,12.74,1.59,0.0
20230915:2111,0.0,0.0,12.95,0.69,0.0
20230915:2211,0.0,0.0,12.96,1.45,0.0
20230915:2311,0.0,0.0,13.26,2.48,0.0
20230916:0011,0.0,0.0,13.26,2.62,0.0
20230916:0111,0.0,0.0,13.19,2.28,0.0
20230916:0211,0.0,0.0,13.07,2.55,0.0
20230916:0311,0.0,0.0,12.88,4.07,0.0
20230916:0411,0.0,0.0,12.85,5.31,0.0
20230916:0511,0.0,0.0,12.62,5.72,0.0
20230916:0611,7.2,7.44,12.43,5.66,0.0
20230916:0711,30.58,14.98,12.14,5.52,0.0
20230916:0811,51.27,21.88,12.25,4.41,0.0
20230916:0911,70.16,27.66,12.51,3.86,0.0
20230916:1011,124.12,31.8,12.78,3.93,0.0
20230916:1111,96.24,33.81,12.87,4.21,0.0
20230916:1211,131.32,33.42,12.9,4.83,0.0
20230916:1311,70.16,30.69,12.91,5.52,0.0
20230916:1411,489.36,25.98,12.81,6.0,0.0
20230916:1511,125.82,19.79,12.77,5.79,0.0
20230916:1611,124.59,12.64,12.82,5.52,0.0
20230916:1711,4.16,4.99,12.76,5.66,0.0
20230916:1811,0.0,0.0,12.41,6.0,0.0
20230916:1911,0.0,0.0,12.52,6.14,0.0
20230916:2011,0.0,0.0,12.2,6.07,0.0
20230916:2111,0.0,0.0,11.86,5.86,0.0
20230916:2211,0.0,0.0,11.44,5.38,0.0
20230916:2311,0.0,0.0,11.05,5.03,0.0
20230917:0011,0.0,0.0,10.59,4.55,0.0
20230917:0111,0.0,0.0,10.06,4.07,0.0
20230917:0211,0.0,0.0,9.71,3.52,0.0
20230917:0311,0.0,0.0,9.45,3.1,0.0
20230917:0411,0.0,0.0,9.09,2.69,0.0
20230917:0511,0.0,0.0,8.82,2.41,0.0
20230917:0611,61.73,7.16,9.41,2.21,0.0
20230917:0711,266.91,14.69,10.51,1.86,0.0
20230917:0811,394.92,21.57,11.91,1.86,0.0
20230917:0911,709.18,27.33,13.03,2.34,0.0
20230917:1011,841.69,31.44,14.03,2.76,0.0
20230917:1111,882.62,33.43,14.8,2.83,0.0
20230917:1211,911.81,33.03,15.33,2.62,0.0
20230917:1311,848.92,30.3,15.8,2.14,0.0
20230917:1411,678.93,25.59,16.04,1.79,0.0
20230917:1511,473.9,19.41,16.03,1.38,0.0
20230917:1611,267.12,12.26,15.66,1.17,0.0
20230917:1711,17.46,4.61,14.97,1.93,0.0
20230917:1811,0.0,0.0,14.18,2.9,0.0
20230917:1911,0.0,0.0,13.87,3.86,0.0
20230917:2011,0.0,0.0,13.59,4.97,0.0
20230917:2111,0.0,0.0,13.66,6.14,0.0
20230917:2211,0.0,0.0,13.94,7.17,0.0
20230917:2311,0.0,0.0,14.05,7.93,0.0
20230918:0011,0.0,0.0,13.42,8.55,0.0
20230918:0111,0.0,0.0,13.05,9.31,0.0
20230918:0211,0.0,0.0,13.04,9.66,0.0
20230918:0311,0.0,0.0,13.77,9.72,0.0
20230918:0411,0.0,0.0,13.63,10.14,0.0
20230918:0511,0.0,0.0,14.18,10.28,0.0
20230918:0611,23.39,6.88,14.37,10.34,0.0
20230918:0711,21.59,14.4,14.95,9.52,0.0
20230918:0811,85.45,21.26,15.29,8.97,0.0
20230918:0911,92.64,26.99,15.76,8.76,0.0
20230918:1011,75.55,31.08,16.16,8.69,0.0
20230918:1111,76.45,33.05,16.46,8.76,0.0
20230918:1211,50.37,32.64,16.61,8.69,0.0
20230918:1311,62.96,29.9,16.07,9.52,0.0
20230918:1411,54.87,25.19,15.59,9.66,0.0
20230918:1511,35.98,19.02,15.41,9.45,0.0
20230918:1611,12.59,11.88,15.35,9.1,0.0
20230918:1711,5.82,4.23,15.39,8.34,0.0
20230918:1811,0.0,0.0,15.42,7.93,0.0
20230918:1911,0.0,0.0,15.05,7.72,0.0
20230918:2011,0.0,0.0,14.96,8.76,0.0
20230918:2111,0.0,0.0,14.45,8.69,0.0
20230918:2211,0.0,0.0,14.19,7.66,0.0
20230918:2311,0.0,0.0,14.0,6.34,0.0
20230919:0011,0.0,0.0,13.5,5.31,0.0
20230919:0111,0.0,0.0,13.16,5.31,0.0
20230919:0211,0.0,0.0,12.42,5.45,0.0
20230919:0311,0.0,0.0,12.04,4.48,0.0
20230919:0411,0.0,0.0,11.45,4.76,0.0
20230919:0511,0.0,0.0,11.45,5.1,0.0
20230919:0611,9.89,6.59,11.13,5.31,0.0
20230919:0711,65.61,14.1,10.68,5.45,0.0
20230919:0811,398.28,20.95,11.15,4.41,0.0
20230919:0911,669.57,26.66,11.58,4.9,0.0
20230919:1011,193.5,30.72,12.04,4.9,0.0
20230919:1111,595.58,32.67,12.14,5.45,0.0
20230919:1211,444.93,32.24,11.97,6.0,0.0
20230919:1311,62.06,29.5,12.11,5.93,0.0
20230919:1411,47.67,24.8,11.87,6.0,0.0
20230919:1511,41.37,18.63,11.48,5.59,0.0
20230919:1611,53.4,11.5,11.3,5.03,0.0
20230919:1711,4.99,3.85,11.06,4.69,0.0
20230919:1811,0.0,0.0,11.12,4.28,0.0
20230919:1911,0.0,0.0,11.04,4.07,0.0
20230919:2011,0.0,0.0,11.2,3.72,0.0
20230919:2111,0.0,0.0,11.4,3.66,0.0
20230919:2211,0.0,0.0,11.59,3.24,0.0
20230919:2311,0.0,0.0,11.72,2.9,0.0
20230920:0011,0.0,0.0,11.66,2.9,0.0
20230920:0111,0.0,0.0,11.59,3.31,0.0
20230920:0211,0.0,0.0,11.06,3.79,0.0
20230920:0311,0.0,0.0,10.48,4.97,0.0
20230920:0411,0.0,0.0,10.51,6.34,0.0
20230920:0511,0.0,0.0,10.72,7.66,0.0
20230920:0611,15.29,6.31,12.15,7.52,0.0
20230920:0711,17.99,13.81,14.75,9.17,0.0
20230920:0811,60.26,20.64,15.11,9.31,0.0
20230920:0911,67.46,26.32,15.36,8.83,0.0
20230920:1011,43.17,30.36,15.47,8.9,0.0
20230920:1111,73.75,32.28,15.62,9.24,0.0
20230920:1211,104.33,31.84,15.75,9.59,0.0
20230920:1311,83.65,29.1,15.72,10.0,0.0
20230920:1411,29.68,24.4,15.3,10.0,0.0
20230920:1511,47.67,18.24,14.93,10.21,0.0
20230920:1611,18.89,11.11,15.11,10.21,0.0
20230920:1711,3.33,3.47,15.41,10.0,0.0
20230920:1811,0.0,0.0,15.53,9.93,0.0
20230920:1911,0.0,0.0,15.25,9.59,0.0
20230920:2011,0.0,0.0,15.06,10.34,0.0
20230920:2111,0.0,0.0,15.13,10.41,0.0
20230920:2211,0.0,0.0,15.35,9.86,0.0
20230920:2311,0.0,0.0,15.28,8.34,0.0
20230921:0011,0.0,0.0,15.18,7.38,0.0
20230921:0111,0.0,0.0,15.08,6.55,0.0
20230921:0211,0.0,0.0,15.0,5.59,0.0
20230921:0311,0.0,0.0,14.87,5.17,0.0
20230921:0411,0.0,0.0,14.74,4.76,0.0
20230921:0511,0.0,0.0,14.17,3.72,0.0
20230921:0611,39.68,6.02,13.98,2.97,0.0
20230921:0711,62.99,13.51,13.65,4.69,0.0
20230921:0811,181.97,20.33,13.24,4.21,0.0
20230921:0911,246.06,25.99,14.15,4.07,0.0
20230921:1011,335.4,30.0,14.35,4.9,0.0
20230921:1111,347.59,31.9,14.78,5.86,0.0
20230921:1211,197.78,31.45,15.08,6.34,0.0
20230921:1311,188.51,28.7,14.82,6.21,0.0
20230921:1411,257.34,24.01,14.6,6.14,0.0
20230921:1511,273.79,17.85,14.48,5.93,0.0
20230921:1611,38.68,10.73,14.32,5.66,0.0
20230921:1711,14.13,3.09,14.06,5.59,0.0
20230921:1811,0.0,0.0,13.51,5.1,0.0
20230921:1911,0.0,0.0,13.59,5.24,0.0
20230921:2011,0.0,0.0,13.42,4.76,0.0
20230921:2111,0.0,0.0,13.26,4.41,0.0
20230921:2211,0.0,0.0,13.22,4.0,0.0
20230921:2311,0.0,0.0,13.17,3.66,0.0
20230922:0011,0.0,0.0,13.06,3.72,0.0
20230922:0111,0.0,0.0,12.92,3.52,0.0
20230922:0211,0.0,0.0,12.8,3.52,0.0
20230922:0311,0.0,0.0,12.66,3.38,0.0
20230922:0411,0.0,0.0,12.66,3.31,0.0
20230922:0511,0.0,0.0,12.57,3.24,0.0
20230922:0611,69.88,5.73,12.55,3.31,0.0
20230922:0711,260.44,13.22,12.81,3.59,0.0
20230922:0811,458.14,20.01,13.13,4.0,0.0
20230922:0911,484.06,25.65,13.59,3.86,0.0
20230922:1011,614.97,29.63,14.06,4.0,0.0
20230922:1111,705.28,31.52,14.47,4.28,0.0
20230922:1211,777.04,31.05,14.48,4.55,0.0
20230922:1311,322.6,28.3,14.32,4.83,0.0
20230922:1411,252.13,23.61,14.22,5.17,0.0
20230922:1511,83.17,17.46,13.73,5.24,0.0
20230922:1611,39.58,10.35,13.25,4.83,0.0
20230922:1711,1.66,2.71,12.84,4.28,0.0
20230922:1811,0.0,0.0,12.54,3.72,0.0
20230922:1911,0.0,0.0,12.88,4.0,0.0
20230922:2011,0.0,0.0,12.48,3.93,0.0
20230922:2111,0.0,0.0,12.33,3.72,0.0
20230922:2211,0.0,0.0,12.27,3.66,0.0
20230922:2311,0.0,0.0,12.0,3.45,0.0
20230923:0011,0.0,0.0,11.99,3.45,0.0
20230923:0111,0.0,0.0,11.68,3.45,0.0
20230923:0211,0.0,0.0,11.52,3.38,0.0
20230923:0311,0.0,0.0,11.22,3.52,0.0
20230923:0411,0.0,0.0,11.16,3.38,0.0
20230923:0511,0.0,0.0,11.05,3.45,0.0
20230923:0611,55.58,5.45,10.97,3.52,0.0
20230923:0711,148.58,12.92,10.94,3.45,0.0
20230923:0811,182.68,19.7,11.24,3.24,0.0
20230923:0911,460.74,25.31,11.68,3.66,0.0
20230923:1011,481.46,29.27,11.95,4.21,0.0
20230923:1111,187.18,31.13,11.69,4.9,0.0
20230923:1211,445.95,30.65,11.43,5.24,0.0
20230923:1311,499.58,27.9,11.49,5.38,0.0
20230923:1411,464.23,23.22,11.26,5.66,0.0
20230923:1511,259.14,17.07,11.04,5.86,0.0
20230923:1611,156.46,9.96,11.01,6.0,0.0
20230923:1711,1.66,2.33,10.8,5.52,0.0
20230923:1811,0.0,0.0,10.7,5.45,0.0
20230923:1911,0.0,0.0,10.58,5.79,0.0
20230923:2011,0.0,0.0,10.45,5.31,0.0
20230923:2111,0.0,0.0,10.42,4.83,0.0
20230923:2211,0.0,0.0,10.41,4.55,0.0
20230923:2311,0.0,0.0,10.44,4.34,0.0
20230924:0011,0.0,0.0,10.49,4.41,0.0
20230924:0111,0.0,0.0,10.42,4.21,0.0
20230924:0211,0.0,0.0,10.42,3.79,0.0
20230924:0311,0.0,0.0,10.45,3.38,0.0
20230924:0411,0.0,0.0,10.65,3.17,0.0
20230924:0511,0.0,0.0,10.89,2.97,0.0
20230924:0611,21.29,5.16,11.21,2.55,0.0
20230924:0711,112.67,12.62,11.72,3.59,0.0
20230924:0811,199.8,19.38,12.23,5.03,0.0
20230924:0911,430.06,24.97,12.48,6.55,0.0
20230924:1011,303.11,28.91,13.13,7.17,0.0
20230924:1111,140.31,30.75,13.93,8.41,0.0
20230924:1211,177.08,30.26,14.35,8.55,0.0
20230924:1311,62.06,27.5,14.21,8.76,0.0
20230924:1411,62.96,22.82,14.17,8.69,0.0
20230924:1511,30.58,16.69,14.24,8.55,0.0
20230924:1611,20.69,9.58,14.34,8.34,0.0
20230924:1711,1.66,1.95,13.97,8.0,0.0
20230924:1811,0.0,0.0,14.65,8.21,0.0
20230924:1911,0.0,0.0,14.65,8.14,0.0
20230924:2011,0.0,0.0,14.83,8.83,0.0
20230924:2111,0.0,0.0,14.82,9.24,0.0
20230924:2211,0.0,0.0,14.22,10.14,0.0
20230924:2311,0.0,0.0,14.23,11.03,0.0
20230925:0011,0.0,0.0,14.92,11.24,0.0
20230925:0111,0.0,0.0,15.0,11.24,0.0
20230925:0211,0.0,0.0,14.69,10.9,0.0
20230925:0311,0.0,0.0,14.06,10.97,0.0
20230925:0411,0.0,0.0,14.27,11.24,0.0
20230925:0511,0.0,0.0,14.58,11.72,0.0
20230925:0611,3.6,4.87,14.4,11.24,0.0
20230925:0711,33.28,12.32,14.31,10.48,0.0
20230925:0811,118.54,19.06,14.66,9.86,0.0
20230925:0911,39.58,24.63,15.09,8.62,0.0
20230925:1011,152.74,28.54,15.29,7.38,0.0
20230925:1111,200.93,30.36,15.59,7.31,0.0
20230925:1211,262.97,29.86,15.38,7.86,0.0
20230925:1311,102.54,27.1,15.19,7.52,0.0
20230925:1411,50.37,22.43,15.36,7.03,0.0
20230925:1511,104.68,16.3,15.1,6.9,0.0
20230925:1611,59.85,9.2,14.88,6.9,0.0
20230925:1711,0.83,1.57,14.49,7.1,0.0
20230925:1811,0.0,0.0,14.19,7.1,0.0
20230925:1911,0.0,0.0,14.0,6.83,0.0
20230925:2011,0.0,0.0,14.03,6.28,0.0
20230925:2111,0.0,0.0,14.16,5.72,0.0
20230925:2211,0.0,0.0,14.11,5.31,0.0
20230925:2311,0.0,0.0,14.11,5.1,0.0
20230926:0011,0.0,0.0,14.09,4.83,0.0
20230926:0111,0.0,0.0,13.97,4.76,0.0
20230926:0211,0.0,0.0,13.85,4.9,0.0
20230926:0311,0.0,0.0,13.87,5.17,0.0
20230926:0411,0.0,0.0,13.87,5.45,0.0
20230926:0511,0.0,0.0,13.9,5.72,0.0
20230926:0611,52.96,4.58,13.92,6.0,0.0
20230926:0711,130.75,12.02,13.69,6.28,0.0
20230926:0811,212.7,18.75,14.05,6.62,0.0
20230926:0911,471.58,24.29,14.8,7.03,0.0
20230926:1011,541.92,28.18,15.29,7.45,0.0
20230926:1111,639.93,29.98,15.72,7.79,0.0
20230926:1211,417.81,29.46,15.94,7.72,0.0
20230926:1311,473.45,26.7,16.04,7.86,0.0
20230926:1411,124.84,22.03,16.02,8.0,0.0
20230926:1511,358.02,15.91,15.77,8.07,0.0
20230926:1611,99.85,8.81,15.58,8.83,0.0
20230926:1711,0.83,1.19,15.13,8.76,0.0
20230926:1811,0.0,0.0,15.04,8.97,0.0
20230926:1911,0.0,0.0,15.11,9.24,0.0
20230926:2011,0.0,0.0,15.03,9.31,0.0
20230926:2111,0.0,0.0,14.9,9.72,0.0
20230926:2211,0.0,0.0,14.66,9.59,0.0
20230926:2311,0.0,0.0,14.48,8.62,0.0
20230927:0011,0.0,0.0,14.55,7.24,0.0
20230927:0111,0.0,0.0,14.45,6.41,0.0
20230927:0211,0.0,0.0,14.32,5.45,0.0
20230927:0311,0.0,0.0,13.7,5.24,0.0
20230927:0411,0.0,0.0,13.31,5.59,0.0
20230927:0511,0.0,0.0,12.93,5.1,0.0
20230927:0611,34.18,4.29,12.93,4.0,0.0
20230927:0711,220.54,11.72,13.78,5.24,0.0
20230927:0811,267.67,18.43,13.89,4.83,0.0
20230927:0911,430.21,23.95,14.13,4.34,0.0
20230927:1011,519.19,27.81,14.34,3.79,0.0
20230927:1111,562.62,29.59,14.42,3.03,0.0
20230927:1211,606.36,29.06,14.56,2.76,0.0
20230927:1311,619.61,26.3,14.57,3.1,0.0
20230927:1411,405.88,21.64,14.56,3.52,0.0
20230927:1511,372.35,15.52,14.54,4.07,0.0
20230927:1611,41.56,8.43,14.28,3.72,0.0
20230927:1711,0.0,0.0,13.87,3.79,0.0
20230927:1811,0.0,0.0,13.59,4.34,0.0
20230927:1911,0.0,0.0,13.57,5.24,0.0
20230927:2011,0.0,0.0,13.56,6.0,0.0
20230927:2111,0.0,0.0,13.65,6.48,0.0
20230927:2211,0.0,0.0,13.77,6.9,0.0
20230927:2311,0.0,0.0,14.09,7.38,0.0
20230928:0011,0.0,0.0,14.37,7.93,0.0
20230928:0111,0.0,0.0,14.7,8.97,0.0
20230928:0211,0.0,0.0,15.02,10.0,0.0
20230928:0311,0.0,0.0,15.28,10.83,0.0
20230928:0411,0.0,0.0,15.46,11.17,0.0
20230928:0511,0.0,0.0,15.59,11.59,0.0
20230928:0611,19.91,4.0,15.45,11.86,0.0
20230928:0711,11.69,11.42,15.11,11.31,0.0
20230928:0811,344.28,18.11,15.02,10.55,0.0
20230928:0911,77.35,23.61,14.95,10.07,0.0
20230928:1011,115.13,27.44,15.16,9.24,0.0
20230928:1111,82.75,29.2,15.33,9.24,0.0
20230928:1211,75.55,28.67,15.25,9.31,0.0
20230928:1311,140.48,25.91,15.14,8.28,0.0
20230928:1411,309.97,21.24,15.12,7.45,0.0
20230928:1511,60.26,15.13,14.89,7.24,0.0
20230928:1611,33.25,8.05,14.55,6.83,0.0
20230928:1711,0.0,0.0,14.29,6.34,0.0
20230928:1811,0.0,0.0,14.09,6.07,0.0
20230928:1911,0.0,0.0,13.8,6.28,0.0
20230928:2011,0.0,0.0,13.68,6.48,0.0
20230928:2111,0.0,0.0,13.66,5.66,0.0
20230928:2211,0.0,0.0,13.64,4.76,0.0
20230928:2311,0.0,0.0,13.56,5.38,0.0
20230929:0011,0.0,0.0,13.51,6.14,0.0
20230929:0111,0.0,0.0,13.37,6.97,0.0
20230929:0211,0.0,0.0,13.26,7.31,0.0
20230929:0311,0.0,0.0,12.9,7.17,0.0
20230929:0411,0.0,0.0,12.83,6.9,0.0
20230929:0511,0.0,0.0,12.99,6.76,0.0
20230929:0611,22.12,3.71,13.14,6.97,0.0
20230929:0711,33.28,11.12,13.15,7.17,0.0
20230929:0811,84.05,17.79,13.29,7.45,0.0
20230929:0911,72.85,23.27,13.28,7.38,0.0
20230929:1011,117.83,27.08,13.25,6.97,0.0
20230929:1111,95.34,28.82,13.8,6.21,0.0
20230929:1211,260.09,28.27,13.87,6.48,0.0
20230929:1311,376.09,25.51,14.01,6.62,0.0
20230929:1411,131.94,20.85,13.64,7.03,0.0
20230929:1511,80.68,14.75,13.37,6.9,0.0
20230929:1611,42.4,7.67,13.14,6.97,0.0
20230929:1711,0.0,0.0,12.83,7.1,0.0
20230929:1811,0.0,0.0,12.9,7.03,0.0
20230929:1911,0.0,0.0,13.06,7.17,0.0
20230929:2011,0.0,0.0,13.23,7.86,0.0
20230929:2111,0.0,0.0,13.07,8.28,0.0
20230929:2211,0.0,0.0,12.59,8.62,0.0
20230929:2311,0.0,0.0,12.44,9.17,0.0
20230930:0011,0.0,0.0,12.06,9.59,0.0
20230930:0111,0.0,0.0,11.69,9.72,0.0
20230930:0211,0.0,0.0,11.65,9.79,0.0
20230930:0311,0.0,0.0,11.58,9.52,0.0
20230930:0411,0.0,0.0,11.48,9.59,0.0
20230930:0511,0.0,0.0,11.46,9.45,0.0
20230930:0611,8.99,3.41,11.44,9.03,0.0
20230930:0711,56.72,10.81,11.25,8.41,0.0
20230930:0811,149.48,17.47,11.69,7.31,0.0
20230930:0911,333.21,22.92,11.74,7.93,0.0
20230930:1011,369.28,26.71,12.09,8.0,0.0
20230930:1111,360.37,28.43,11.95,8.83,0.0
20230930:1211,237.27,27.88,12.11,8.21,0.0
20230930:1311,306.5,25.11,12.12,8.07,0.0
20230930:1411,299.66,20.46,11.82,8.14,0.0
20230930:1511,150.87,14.36,11.96,7.86,0.0
20230930:1611,31.59,7.29,11.78,7.03,0.0
20230930:1711,0.0,0.0,11.61,6.76,0.0
20230930:1811,0.0,0.0,11.47,6.62,0.0
20230930:1911,0.0,0.0,10.96,6.14,0.0
20230930:2011,0.0,0.0,10.76,5.66,0.0
20230930:2111,0.0,0.0,10.71,5.17,0.0
20230930:2211,0.0,0.0,10.74,4.76,0.0
20230930:2311,0.0,0.0,10.67,4.48,0.0
20231001:0011,0.0,0.0,10.62,4.0,0.0
20231001:0111,0.0,0.0,10.72,3.52,0.0
20231001:0211,0.0,0.0,10.73,2.83,0.0
20231001:0311,0.0,0.0,10.42,2.07,0.0
20231001:0411,0.0,0.0,10.34,1.38,0.0
20231001:0511,0.0,0.0,9.7,0.9,0.0
20231001:0611,19.25,3.12,9.34,0.97,0.0
20231001:0711,63.79,10.51,9.81,2.28,0.0
20231001:0811,93.66,17.15,10.28,2.69,0.0
20231001:0911,71.06,22.58,10.89,3.45,0.0
20231001:1011,78.25,26.35,11.64,4.14,0.0
20231001:1111,123.22,28.05,12.32,4.76,0.0
20231001:1211,98.94,27.48,13.09,6.0,0.0
20231001:1311,76.45,24.71,13.46,6.62,0.0
20231001:1411,90.84,20.06,13.25,6.76,0.0
20231001:1511,60.26,13.98,13.24,7.03,0.0
20231001:1611,15.79,6.91,13.43,7.52,0.0
20231001:1711,0.0,0.0,13.66,6.9,0.0
20231001:1811,0.0,0.0,13.85,5.52,0.0
20231001:1911,0.0,0.0,13.7,3.93,0.0
20231001:2011,0.0,0.0,13.8,4.28,0.0
20231001:2111,0.0,0.0,13.82,4.14,0.0
20231001:2211,0.0,0.0,13.43,3.79,0.0
20231001:2311,0.0,0.0,13.49,3.31,0.0
20231002:0011,0.0,0.0,13.28,3.03,0.0
20231002:0111,0.0,0.0,13.1,2.69,0.0
20231002:0211,0.0,0.0,12.93,2.28,0.0
20231002:0311,0.0,0.0,12.77,1.52,0.0
20231002:0411,0.0,0.0,12.51,0.76,0.0
20231002:0511,0.0,0.0,11.89,0.83,0.0
20231002:0611,21.49,2.83,11.87,1.38,0.0
20231002:0711,136.98,10.21,12.06,2.14,0.0
20231002:0811,174.93,16.83,12.33,2.55,0.0
20231002:0911,154.92,22.24,12.69,2.9,0.0
20231002:1011,421.23,25.98,13.09,3.59,0.0
20231002:1111,412.01,27.66,13.14,4.48,0.0
20231002:1211,475.24,27.09,13.44,4.69,0.0
20231002:1311,494.34,24.32,13.65,4.62,0.0
20231002:1411,238.19,19.67,13.63,4.55,0.0
20231002:1511,148.91,13.59,13.09,4.76,0.0
20231002:1611,24.11,6.54,12.88,4.97,0.0
20231002:1711,0.0,0.0,12.53,4.69,0.0
20231002:1811,0.0,0.0,12.4,4.41,0.0
20231002:1911,0.0,0.0,12.19,4.9,0.0
20231002:2011,0.0,0.0,12.06,4.41,0.0
20231002:2111,0.0,0.0,11.93,3.79,0.0
20231002:2211,0.0,0.0,11.97,3.93,0.0
20231002:2311,0.0,0.0,12.02,4.28,0.0
20231003:0011,0.0,0.0,12.04,4.28,0.0
20231003:0111,0.0,0.0,11.97,3.93,0.0
20231003:0211,0.0,0.0,11.91,3.86,0.0
20231003:0311,0.0,0.0,11.56,3.79,0.0
20231003:0411,0.0,0.0,11.42,3.93,0.0
20231003:0511,0.0,0.0,11.14,4.07,0.0
20231003:0611,27.37,2.54,11.11,3.79,0.0
20231003:0711,232.03,9.9,11.05,3.79,0.0
20231003:0811,268.27,16.5,11.3,3.38,0.0
20231003:0911,215.35,21.89,11.49,3.38,0.0
20231003:1011,94.44,25.61,11.91,3.45,0.0
20231003:1111,297.1,27.28,11.98,3.86,0.0
20231003:1211,142.44,26.69,12.54,4.14,0.0
20231003:1311,172.21,23.92,12.56,4.69,0.0
20231003:1411,272.3,19.28,12.11,5.38,0.0
20231003:1511,15.29,13.21,11.63,6.0,0.0
20231003:1611,9.14,6.16,11.12,6.48,0.0
20231003:1711,0.0,0.0,11.08,6.76,0.0
20231003:1811,0.0,0.0,11.08,6.97,0.0
20231003:1911,0.0,0.0,10.89,7.17,0.0
20231003:2011,0.0,0.0,10.76,7.79,0.0
20231003:2111,0.0,0.0,10.75,8.07,0.0
20231003:2211,0.0,0.0,10.59,8.69,0.0
20231003:2311,0.0,0.0,10.46,9.1,0.0
20231004:0011,0.0,0.0,10.03,9.24,0.0
20231004:0111,0.0,0.0,10.11,8.9,0.0
20231004:0211,0.0,0.0,10.15,9.24,0.0
20231004:0311,0.0,0.0,10.09,9.24,0.0
20231004:0411,0.0,0.0,10.25,8.97,0.0
20231004:0511,0.0,0.0,10.42,8.9,0.0
20231004:0611,8.09,2.24,10.53,8.55,0.0
20231004:0711,91.11,9.6,10.44,8.34,0.0
20231004:0811,173.14,16.18,10.91,6.97,0.0
20231004:0911,495.69,21.55,11.1,5.93,0.0
20231004:1011,453.27,25.25,11.21,5.45,0.0
20231004:1111,173.03,26.9,11.56,4.69,0.0
20231004:1211,273.59,26.3,11.74,3.66,0.0
20231004:1311,114.91,23.53,11.68,2.55,0.0
20231004:1411,41.37,18.89,11.24,2.76,0.0
20231004:1511,31.48,12.83,11.01,2.69,0.0
20231004:1611,5.82,5.79,9.95,2.69,0.0
20231004:1711,0.0,0.0,9.97,3.17,0.0
20231004:1811,0.0,0.0,10.14,4.21,0.0
20231004:1911,0.0,0.0,11.54,6.69,0.0
20231004:2011,0.0,0.0,11.1,7.72,0.0
20231004:2111,0.0,0.0,10.97,7.93,0.0
20231004:2211,0.0,0.0,10.88,8.21,0.0
20231004:2311,0.0,0.0,10.76,7.86,0.0
20231005:0011,0.0,0.0,10.22,7.17,0.0
20231005:0111,0.0,0.0,10.18,6.14,0.0
20231005:0211,0.0,0.0,10.05,5.59,0.0
20231005:0311,0.0,0.0,10.06,5.45,0.0
20231005:0411,0.0,0.0,9.97,5.45,0.0
20231005:0511,0.0,0.0,9.95,5.1,0.0
20231005:0611,4.5,1.95,9.96,4.62,0.0
20231005:0711,191.53,9.29,9.89,4.69,0.0
20231005:0811,344.33,15.86,10.28,4.48,0.0
20231005:0911,379.0,21.2,10.73,4.21,0.0
20231005:1011,326.5,24.88,11.24,3.52,0.0
20231005:1111,363.36,26.51,11.65,3.17,0.0
20231005:1211,423.37,25.91,12.0,3.17,0.0
20231005:1311,615.54,23.14,12.13,3.03,0.0
20231005:1411,537.25,18.51,12.02,2.83,0.0
20231005:1511,101.55,12.45,11.87,2.14,0.0
20231005:1611,11.64,5.41,11.58,2.0,0.0
20231005:1711,0.0,0.0,11.23,1.79,0.0
20231005:1811,0.0,0.0,11.09,1.17,0.0
20231005:1911,0.0,0.0,11.54,2.55,0.0
20231005:2011,0.0,0.0,11.5,3.59,0.0
20231005:2111,0.0,0.0,11.54,4.07,0.0
20231005:2211,0.0,0.0,11.46,5.17,0.0
20231005:2311,0.0,0.0,11.32,6.48,0.0
20231006:0011,0.0,0.0,10.29,7.72,0.0
20231006:0111,0.0,0.0,11.39,8.62,0.0
20231006:0211,0.0,0.0,12.02,8.55,0.0
20231006:0311,0.0,0.0,11.95,6.9,0.0
20231006:0411,0.0,0.0,12.48,5.79,0.0
20231006:0511,0.0,0.0,12.89,6.48,0.0
20231006:0611,0.9,1.65,13.5,7.1,0.0
20231006:0711,16.19,8.99,13.84,8.34,0.0
20231006:0811,53.97,15.54,13.65,8.07,0.0
20231006:0911,58.46,20.86,13.58,7.52,0.0
20231006:1011,53.97,24.52,13.53,7.59,0.0
20231006:1111,101.64,26.13,13.45,9.17,0.0
20231006:1211,61.16,25.52,13.4,9.79,0.0
20231006:1311,60.26,22.74,13.3,10.69,0.0
20231006:1411,43.17,18.12,13.16,10.69,0.0
20231006:1511,28.78,12.07,12.88,10.62,0.0
20231006:1611,7.48,5.04,12.55,11.17,0.0
20231006:1711,0.0,0.0,12.15,10.9,0.0
20231006:1811,0.0,0.0,11.35,12.07,0.0
20231006:1911,0.0,0.0,11.31,11.66,0.0
20231006:2011,0.0,0.0,11.04,11.79,0.0
20231006:2111,0.0,0.0,10.71,11.31,0.0
20231006:2211,0.0,0.0,10.29,11.38,0.0
20231006:2311,0.0,0.0,9.91,11.31,0.0
20231007:0011,0.0,0.0,9.47,11.31,0.0
20231007:0111,0.0,0.0,9.13,11.24,0.0
20231007:0211,0.0,0.0,8.85,11.1,0.0
20231007:0311,0.0,0.0,8.61,10.69,0.0
20231007:0411,0.0,0.0,8.42,10.21,0.0
20231007:0511,0.0,0.0,8.28,9.59,0.0
20231007:0611,1.8,1.36,8.18,9.03,0.0
20231007:0711,41.45,8.68,8.46,7.38,0.0
20231007:0811,130.9,15.21,8.61,6.76,0.0
20231007:0911,329.08,20.52,8.82,6.83,0.0
20231007:1011,380.74,24.15,9.09,7.17,0.0
20231007:1111,382.54,25.75,9.27,7.52,0.0
20231007:1211,106.13,25.13,9.37,7.86,0.0
20231007:1311,160.86,22.36,9.43,8.41,0.0
20231007:1411,87.27,17.74,9.41,8.76,0.0
20231007:1511,103.46,11.7,9.19,9.03,0.0
20231007:1611,24.94,4.67,8.91,9.45,0.0
20231007:1711,0.0,0.0,8.53,9.52,0.0
20231007:1811,0.0,0.0,8.3,9.38,0.0
20231007:1911,0.0,0.0,7.98,8.21,0.0
20231007:2011,0.0,0.0,7.77,7.93,0.0
20231007:2111,0.0,0.0,7.6,7.79,0.0
20231007:2211,0.0,0.0,7.45,7.52,0.0
20231007:2311,0.0,0.0,7.3,7.31,0.0
20231008:0011,0.0,0.0,7.17,7.24,0.0
20231008:0111,0.0,0.0,7.09,7.31,0.0
20231008:0211,0.0,0.0,6.98,6.9,0.0
20231008:0311,0.0,0.0,6.89,6.62,0.0
20231008:0411,0.0,0.0,6.91,6.69,0.0
20231008:0511,0.0,0.0,6.84,6.41,0.0
20231008:0611,0.0,0.0,6.74,6.14,0.0
20231008:0711,126.72,8.38,6.39,5.03,0.0
20231008:0811,218.21,14.89,6.61,4.48,0.0
20231008:0911,559.39,20.17,7.11,4.41,0.0
20231008:1011,751.38,23.79,7.75,4.14,0.0
20231008:1111,644.5,25.37,8.33,3.93,0.0
20231008:1211,464.45,24.74,8.77,3.45,0.0
20231008:1311,411.96,21.97,8.98,3.38,0.0
20231008:1411,69.26,17.36,8.92,3.72,0.0
20231008:1511,30.58,11.32,8.72,3.59,0.0
20231008:1611,17.46,4.31,8.47,3.31,0.0
20231008:1711,0.0,0.0,8.25,3.24,0.0
20231008:1811,0.0,0.0,8.23,3.38,0.0
20231008:1911,0.0,0.0,7.65,2.55,0.0
20231008:2011,0.0,0.0,7.54,2.48,0.0
20231008:2111,0.0,0.0,7.38,2.21,0.0
20231008:2211,0.0,0.0,7.28,1.86,0.0
20231008:2311,0.0,0.0,7.17,1.79,0.0
20231009:0011,0.0,0.0,6.95,2.14,0.0
20231009:0111,0.0,0.0,6.82,2.48,0.0
20231009:0211,0.0,0.0,6.6,2.55,0.0
20231009:0311,0.0,0.0,6.39,3.31,0.0
20231009:0411,0.0,0.0,6.24,3.79,0.0
20231009:0511,0.0,0.0,6.1,4.21,0.0
20231009:0611,0.0,0.0,5.97,4.41,0.0
20231009:0711,179.29,8.07,6.16,4.14,0.0
20231009:0811,181.94,14.57,6.44,4.21,0.0
20231009:0911,567.73,19.83,7.02,4.0,0.0
20231009:1011,446.15,23.42,7.6,3.66,0.0
20231009:1111,496.89,24.99,8.15,3.72,0.0
20231009:1211,588.74,24.35,8.61,3.86,0.0
20231009:1311,543.56,21.58,8.76,4.21,0.0
20231009:1411,501.72,16.98,8.87,4.76,0.0
20231009:1511,317.01,10.95,8.93,5.03,0.0
20231009:1611,20.78,3.94,8.84,5.1,0.0
20231009:1711,0.0,0.0,8.64,4.62,0.0
20231009:1811,0.0,0.0,8.54,3.86,0.0
20231009:1911,0.0,0.0,8.16,2.34,0.0
20231009:2011,0.0,0.0,7.97,1.72,0.0
20231009:2111,0.0,0.0,7.47,1.03,0.0
20231009:2211,0.0,0.0,7.93,0.48,0.0
20231009:2311,0.0,0.0,7.99,1.1,0.0
20231010:0011,0.0,0.0,7.95,1.93,0.0
20231010:0111,0.0,0.0,7.97,2.76,0.0
20231010:0211,0.0,0.0,8.95,3.79,0.0
20231010:0311,0.0,0.0,9.52,4.62,0.0
20231010:0411,0.0,0.0,9.84,5.03,0.0
20231010:0511,0.0,0.0,10.25,5.52,0.0
20231010:0611,0.0,0.0,10.76,6.07,0.0
20231010:0711,51.78,7.77,10.45,6.21,0.0
20231010:0811,37.78,14.24,10.76,7.03,0.0
20231010:0911,81.85,19.49,11.14,8.34,0.0
20231010:1011,63.86,23.06,11.44,9.03,0.0
20231010:1111,31.48,24.61,11.92,9.1,0.0
20231010:1211,61.16,23.97,12.46,8.0,0.0
20231010:1311,54.87,21.2,12.67,6.97,0.0
20231010:1411,19.79,16.6,12.73,6.9,0.0
20231010:1511,11.69,10.58,13.44,7.52,0.0
20231010:1611,4.99,3.58,14.12,7.86,0.0
20231010:1711,0.0,0.0,14.17,7.24,0.0
20231010:1811,0.0,0.0,14.07,6.76,0.0
20231010:1911,0.0,0.0,14.24,7.93,0.0
20231010:2011,0.0,0.0,14.21,7.86,0.0
20231010:2111,0.0,0.0,14.06,7.45,0.0
20231010:2211,0.0,0.0,13.46,6.97,0.0
20231010:2311,0.0,0.0,13.36,6.83,0.0
20231011:0011,0.0,0.0,12.88,7.03,0.0
20231011:0111,0.0,0.0,11.62,7.38,0.0
20231011:0211,0.0,0.0,10.86,5.93,0.0
20231011:0311,0.0,0.0,10.48,5.52,0.0
20231011:0411,0.0,0.0,10.31,5.59,0.0
20231011:0511,0.0,0.0,9.93,6.07,0.0
20231011:0611,0.0,0.0,9.41,7.31,0.0
20231011:0711,129.76,7.46,8.66,9.72,0.0
20231011:0811,188.52,13.92,8.94,10.14,0.0
20231011:0911,24.28,19.14,9.12,11.24,0.0
20231011:1011,43.17,22.7,9.25,11.79,0.0
20231011:1111,51.27,24.23,9.29,11.52,0.0
20231011:1211,30.58,23.58,9.67,11.45,0.0
20231011:1311,78.25,20.82,9.52,12.48,0.0
20231011:1411,46.77,16.22,9.58,12.83,0.0
20231011:1511,23.39,10.21,9.76,13.45,0.0
20231011:1611,2.49,3.22,9.61,14.0,0.0
20231011:1711,0.0,0.0,9.71,14.21,0.0
20231011:1811,0.0,0.0,9.61,13.24,0.0
20231011:1911,0.0,0.0,9.07,13.72,0.0
20231011:2011,0.0,0.0,8.89,12.9,0.0
20231011:2111,0.0,0.0,8.71,12.55,0.0
20231011:2211,0.0,0.0,8.95,11.38,0.0
20231011:2311,0.0,0.0,8.8,12.07,0.0
20231012:0011,0.0,0.0,8.41,12.41,0.0
20231012:0111,0.0,0.0,8.3,11.93,0.0
20231012:0211,0.0,0.0,8.27,11.79,0.0
20231012:0311,0.0,0.0,8.32,12.0,0.0
20231012:0411,0.0,0.0,8.34,11.93,0.0
20231012:0511,0.0,0.0,8.38,11.31,0.0
20231012:0611,0.0,0.0,8.41,10.62,0.0
20231012:0711,30.58,7.15,8.08,10.69,0.0
20231012:0811,180.91,13.6,8.33,10.28,0.0
20231012:0911,117.02,18.8,8.64,10.0,0.0
20231012:1011,281.93,22.34,8.96,9.93,0.0
20231012:1111,130.32,23.86,9.29,10.07,0.0
20231012:1211,229.73,23.2,9.48,9.59,0.0
20231012:1311,123.61,20.43,9.48,8.69,0.0
20231012:1411,70.16,15.85,9.42,7.38,0.0
20231012:1511,283.66,9.85,9.3,6.0,0.0
20231012:1611,8.31,2.86,9.11,4.97,0.0
20231012:1711,0.0,0.0,8.82,4.28,0.0
20231012:1811,0.0,0.0,8.77,3.86,0.0
20231012:1911,0.0,0.0,9.51,3.72,0.0
20231012:2011,0.0,0.0,9.64,4.48,0.0
20231012:2111,0.0,0.0,9.77,5.52,0.0
20231012:2211,0.0,0.0,10.03,6.55,0.0
20231012:2311,0.0,0.0,10.3,7.03,0.0
20231013:0011,0.0,0.0,10.61,8.0,0.0
20231013:0111,0.0,0.0,10.44,8.34,0.0
20231013:0211,0.0,0.0,10.5,8.48,0.0
20231013:0311,0.0,0.0,10.42,8.55,0.0
20231013:0411,0.0,0.0,10.12,8.34,0.0
20231013:0511,0.0,0.0,10.13,8.07,0.0
20231013:0611,0.0,0.0,10.24,7.59,0.0
20231013:0711,15.29,6.85,10.42,7.52,0.0
20231013:0811,45.87,13.28,10.77,6.97,0.0
20231013:0911,42.27,18.46,11.11,6.83,0.0
20231013:1011,41.37,21.98,11.13,6.76,0.0
20231013:1111,37.78,23.49,11.08,6.62,0.0
20231013:1211,35.98,22.82,11.05,6.0,0.0
20231013:1311,36.88,20.06,10.89,6.0,0.0
20231013:1411,29.68,15.48,10.72,6.34,0.0
20231013:1511,20.78,9.49,10.36,7.03,0.0
20231013:1611,1.66,2.51,9.61,7.86,0.0
20231013:1711,0.0,0.0,9.3,8.0,0.0
20231013:1811,0.0,0.0,9.72,7.79,0.0
20231013:1911,0.0,0.0,9.46,8.76,0.0
20231013:2011,0.0,0.0,9.4,9.1,0.0
20231013:2111,0.0,0.0,9.31,10.0,0.0
20231013:2211,0.0,0.0,9.19,10.0,0.0
20231013:2311,0.0,0.0,8.92,9.79,0.0
20231014:0011,0.0,0.0,8.61,9.38,0.0
20231014:0111,0.0,0.0,8.36,9.86,0.0
20231014:0211,0.0,0.0,8.25,11.03,0.0
20231014:0311,0.0,0.0,8.14,11.72,0.0
20231014:0411,0.0,0.0,8.1,12.07,0.0
20231014:0511,0.0,0.0,8.14,12.41,0.0
20231014:0611,0.0,0.0,7.86,12.76,0.0
20231014:0711,20.69,6.54,7.34,12.34,0.0
20231014:0811,47.67,12.96,7.36,12.07,0.0
20231014:0911,47.67,18.12,7.38,11.52,0.0
20231014:1011,27.88,21.62,7.89,10.21,0.0
20231014:1111,49.47,23.11,8.15,9.79,0.0
20231014:1211,28.78,22.44,7.93,11.72,0.0
20231014:1311,25.18,19.68,7.79,13.31,0.0
20231014:1411,18.89,15.11,7.73,13.24,0.0
20231014:1511,53.2,9.13,7.54,13.79,0.0
20231014:1611,1.66,2.15,7.37,14.34,0.0
20231014:1711,0.0,0.0,7.19,14.69,0.0
20231014:1811,0.0,0.0,6.95,14.9,0.0
20231014:1911,0.0,0.0,7.18,15.24,0.0
20231014:2011,0.0,0.0,6.96,14.97,0.0
20231014:2111,0.0,0.0,6.84,14.83,0.0
20231014:2211,0.0,0.0,6.68,14.21,0.0
20231014:2311,0.0,0.0,6.59,13.59,0.0
20231015:0011,0.0,0.0,6.61,12.9,0.0
20231015:0111,0.0,0.0,6.63,12.62,0.0
20231015:0211,0.0,0.0,6.66,12.07,0.0
20231015:0311,0.0,0.0,6.8,11.93,0.0
20231015:0411,0.0,0.0,6.87,11.79,0.0
20231015:0511,0.0,0.0,6.81,11.52,0.0
20231015:0611,0.0,0.0,6.71,11.03,0.0
20231015:0711,64.5,6.24,6.52,10.76,0.0
20231015:0811,15.29,12.63,6.51,10.9,0.0
20231015:0911,66.56,17.78,6.66,10.41,0.0
20231015:1011,159.52,21.26,6.86,10.41,0.0
20231015:1111,29.68,22.74,6.87,10.41,0.0
20231015:1211,144.69,22.07,6.77,10.28,0.0
20231015:1311,28.78,19.31,6.86,9.93,0.0
20231015:1411,30.58,14.74,6.48,10.0,0.0
20231015:1511,47.38,8.77,6.14,9.52,0.0
20231015:1611,1.66,1.8,5.99,9.59,0.0
20231015:1711,0.0,0.0,5.66,9.59,0.0
20231015:1811,0.0,0.0,5.38,9.17,0.0
20231015:1911,0.0,0.0,5.38,7.93,0.0
20231015:2011,0.0,0.0,5.23,7.86,0.0
20231015:2111,0.0,0.0,5.04,7.93,0.0
20231015:2211,0.0,0.0,4.89,7.79,0.0
20231015:2311,0.0,0.0,4.85,7.79,0.0
20231016:0011,0.0,0.0,4.82,7.79,0.0
20231016:0111,0.0,0.0,4.67,7.66,0.0
20231016:0211,0.0,0.0,4.54,7.31,0.0
20231016:0311,0.0,0.0,4.38,7.1,0.0
20231016:0411,0.0,0.0,4.49,6.76,0.0
20231016:0511,0.0,0.0,4.67,6.48,0.0
20231016:0611,0.0,0.0,4.83,5.59,0.0
20231016:0711,205.26,5.93,5.2,4.28,0.0
20231016:0811,418.12,12.31,5.45,3.1,0.0
20231016:0911,508.51,17.44,5.95,2.55,0.0
20231016:1011,573.89,20.9,6.56,2.0,0.0
20231016:1111,547.85,22.38,7.25,1.52,0.0
20231016:1211,508.12,21.7,7.83,1.17,0.0
20231016:1311,61.16,18.94,8.29,1.59,0.0
20231016:1411,42.27,14.38,8.62,2.41,0.0
20231016:1511,39.9,8.42,8.75,3.52,0.0
20231016:1611,0.83,1.46,8.62,4.41,0.0
20231016:1711,0.0,0.0,8.86,4.97,0.0
20231016:1811,0.0,0.0,8.97,5.79,0.0
20231016:1911,0.0,0.0,8.8,5.17,0.0
20231016:2011,0.0,0.0,8.79,5.1,0.0
20231016:2111,0.0,0.0,8.63,5.31,0.0
20231016:2211,0.0,0.0,8.55,5.66,0.0
20231016:2311,0.0,0.0,8.59,5.79,0.0
20231017:0011,0.0,0.0,8.63,5.72,0.0
20231017:0111,0.0,0.0,8.69,5.52,0.0
20231017:0211,0.0,0.0,8.78,5.24,0.0
20231017:0311,0.0,0.0,8.97,5.45,0.0
20231017:0411,0.0,0.0,8.93,5.86,0.0
20231017:0511,0.0,0.0,9.05,6.41,0.0
20231017:0611,0.0,0.0,9.19,6.97,0.0
20231017:0711,57.1,5.63,9.48,6.97,0.0
20231017:0811,51.27,11.99,9.65,7.38,0.0
20231017:0911,43.17,17.1,9.7,8.07,0.0
20231017:1011,89.94,20.55,9.7,8.14,0.0
20231017:1111,153.32,22.01,9.95,7.79,0.0
20231017:1211,92.64,21.32,9.99,7.86,0.0
20231017:1311,32.38,18.57,9.98,8.0,0.0
20231017:1411,35.98,14.02,9.85,7.79,0.0
20231017:1511,42.4,8.07,9.67,7.52,0.0
20231017:1611,0.0,0.0,9.62,6.83,0.0
20231017:1711,0.0,0.0,9.41,6.41,0.0
20231017:1811,0.0,0.0,9.26,6.07,0.0
20231017:1911,0.0,0.0,9.28,4.62,0.0
20231017:2011,0.0,0.0,9.06,4.14,0.0
20231017:2111,0.0,0.0,8.9,3.93,0.0
20231017:2211,0.0,0.0,8.78,3.93,0.0
20231017:2311,0.0,0.0,8.69,4.14,0.0
20231018:0011,0.0,0.0,8.51,4.34,0.0
20231018:0111,0.0,0.0,8.41,4.41,0.0
20231018:0211,0.0,0.0,7.99,4.14,0.0
20231018:0311,0.0,0.0,7.65,3.93,0.0
20231018:0411,0.0,0.0,7.33,3.72,0.0
20231018:0511,0.0,0.0,6.78,3.59,0.0
20231018:0611,0.0,0.0,6.19,3.17,0.0
20231018:0711,39.71,5.32,5.81,2.41,0.0
20231018:0811,120.43,11.67,6.56,2.62,0.0
20231018:0911,290.31,16.77,7.8,3.72,0.0
20231018:1011,593.32,20.2,8.94,4.9,0.0
20231018:1111,852.93,21.64,9.89,5.59,0.0
20231018:1211,733.25,20.96,10.32,6.07,0.0
20231018:1311,641.61,18.21,10.47,6.14,0.0
20231018:1411,243.19,13.66,10.35,5.86,0.0
20231018:1511,44.06,7.72,9.95,5.72,0.0
20231018:1611,0.0,0.0,9.35,5.52,0.0
20231018:1711,0.0,0.0,8.66,5.72,0.0
20231018:1811,0.0,0.0,8.11,6.28,0.0
20231018:1911,0.0,0.0,7.72,6.83,0.0
20231018:2011,0.0,0.0,7.41,7.52,0.0
20231018:2111,0.0,0.0,7.14,8.14,0.0
20231018:2211,0.0,0.0,6.94,8.69,0.0
20231018:2311,0.0,0.0,6.87,9.1,0.0
20231019:0011,0.0,0.0,6.73,9.52,0.0
20231019:0111,0.0,0.0,6.75,9.72,0.0
20231019:0211,0.0,0.0,6.69,9.86,0.0
20231019:0311,0.0,0.0,6.59,10.21,0.0
20231019:0411,0.0,0.0,6.48,10.55,0.0
20231019:0511,0.0,0.0,6.38,10.69,0.0
20231019:0611,0.0,0.0,6.28,10.83,0.0
20231019:0711,65.96,5.02,6.07,11.24,0.0
20231019:0811,229.75,11.36,5.82,11.17,0.0
20231019:0911,653.39,16.43,5.8,11.24,0.0
20231019:1011,765.86,19.85,5.86,11.38,0.0
20231019:1111,830.77,21.28,5.79,11.38,0.0
20231019:1211,760.01,20.59,5.6,11.31,0.0
20231019:1311,736.6,17.84,5.35,11.03,0.0
20231019:1411,539.74,13.31,5.02,10.83,0.0
20231019:1511,35.75,7.37,4.62,10.34,0.0
20231019:1611,0.0,0.0,4.26,11.1,0.0
20231019:1711,0.0,0.0,4.04,11.1,0.0
20231019:1811,0.0,0.0,3.96,11.24,0.0
20231019:1911,0.0,0.0,4.15,11.72,0.0
20231019:2011,0.0,0.0,3.96,11.66,0.0
20231019:2111,0.0,0.0,3.74,11.45,0.0
20231019:2211,0.0,0.0,3.42,11.31,0.0
20231019:2311,0.0,0.0,3.13,11.1,0.0
20231020:0011,0.0,0.0,2.97,10.9,0.0
20231020:0111,0.0,0.0,2.77,10.76,0.0
20231020:0211,0.0,0.0,2.74,10.62,0.0
20231020:0311,0.0,0.0,2.71,10.28,0.0
20231020:0411,0.0,0.0,2.68,9.93,0.0
20231020:0511,0.0,0.0,2.75,9.66,0.0
20231020:0611,0.0,0.0,2.91,9.52,0.0
20231020:0711,94.65,4.72,3.23,9.52,0.0
20231020:0811,204.63,11.04,3.64,9.1,0.0
20231020:0911,600.2,16.1,4.04,8.34,0.0
20231020:1011,718.78,19.5,4.46,8.28,0.0
20231020:1111,718.76,20.92,4.89,8.41,0.0
20231020:1211,755.34,20.23,5.14,8.48,0.0
20231020:1311,656.0,17.48,5.17,8.62,0.0
20231020:1411,211.81,12.96,5.04,8.55,0.0
20231020:1511,42.4,7.03,4.86,9.03,0.0
20231020:1611,0.0,0.0,4.7,9.86,0.0
20231020:1711,0.0,0.0,4.69,9.31,0.0
20231020:1811,0.0,0.0,4.58,9.03,0.0
20231020:1911,0.0,0.0,4.48,9.17,0.0
20231020:2011,0.0,0.0,4.45,9.52,0.0
20231020:2111,0.0,0.0,4.32,10.21,0.0
20231020:2211,0.0,0.0,4.12,10.62,0.0
20231020:2311,0.0,0.0,3.89,9.38,0.0
20231021:0011,0.0,0.0,3.79,9.31,0.0
20231021:0111,0.0,0.0,3.98,9.38,0.0
20231021:0211,0.0,0.0,4.0,9.31,0.0
20231021:0311,0.0,0.0,3.88,9.86,0.0
20231021:0411,0.0,0.0,3.86,10.9,0.0
20231021:0511,0.0,0.0,3.94,11.66,0.0
20231021:0611,0.0,0.0,4.0,12.34,0.0
20231021:0711,7.2,4.42,4.3,12.55,0.0
20231021:0811,14.39,10.72,4.45,12.76,0.0
20231021:0911,28.78,15.76,4.79,12.55,0.0
20231021:1011,51.27,19.15,5.08,12.34,0.0
20231021:1111,53.97,20.57,5.22,12.21,0.0
20231021:1211,35.98,19.87,5.38,12.9,0.0
20231021:1311,123.21,17.13,5.79,12.76,0.0
20231021:1411,79.33,12.61,5.74,12.14,0.0
20231021:1511,22.44,6.7,5.85,12.76,0.0
20231021:1611,0.0,0.0,5.97,12.48,0.0
20231021:1711,0.0,0.0,5.85,12.62,0.0
20231021:1811,0.0,0.0,6.09,12.28,0.0
20231021:1911,0.0,0.0,6.04,13.1,0.0
20231021:2011,0.0,0.0,6.22,12.41,0.0
20231021:2111,0.0,0.0,6.29,11.93,0.0
20231021:2211,0.0,0.0,6.22,11.72,0.0
20231021:2311,0.0,0.0,6.22,11.59,0.0
20231022:0011,0.0,0.0,6.28,11.59,0.0
20231022:0111,0.0,0.0,6.26,11.31,0.0
20231022:0211,0.0,0.0,6.31,11.03,0.0
20231022:0311,0.0,0.0,6.39,10.97,0.0
20231022:0411,0.0,0.0,6.49,10.9,0.0
20231022:0511,0.0,0.0,6.61,10.62,0.0
20231022:0611,0.0,0.0,6.79,10.34,0.0
20231022:0711,36.43,4.11,6.7,10.55,0.0
20231022:0811,52.12,10.41,7.02,10.34,0.0
20231022:0911,51.27,15.43,7.36,9.52,0.0
20231022:1011,75.55,18.8,7.43,9.52,0.0
20231022:1111,207.02,20.21,8.06,9.31,0.0
20231022:1211,103.82,19.51,8.17,8.9,0.0
20231022:1311,52.17,16.78,8.11,8.62,0.0
20231022:1411,38.68,12.27,8.48,8.69,0.0
20231022:1511,26.6,6.36,8.53,8.21,0.0
20231022:1611,0.0,0.0,8.42,7.86,0.0
20231022:1711,0.0,0.0,8.36,7.38,0.0
20231022:1811,0.0,0.0,8.32,7.03,0.0
20231022:1911,0.0,0.0,8.34,6.21,0.0
20231022:2011,0.0,0.0,8.4,5.38,0.0
20231022:2111,0.0,0.0,8.53,4.55,0.0
20231022:2211,0.0,0.0,8.59,3.86,0.0
20231022:2311,0.0,0.0,8.63,3.17,0.0
20231023:0011,0.0,0.0,8.7,2.55,0.0
20231023:0111,0.0,0.0,8.63,1.86,0.0
20231023:0211,0.0,0.0,8.62,1.52,0.0
20231023:0311,0.0,0.0,8.02,1.59,0.0
20231023:0411,0.0,0.0,7.6,2.0,0.0
20231023:0511,0.0,0.0,7.63,2.69,0.0
20231023:0611,0.0,0.0,8.25,3.52,0.0
20231023:0711,47.84,3.81,8.79,3.86,0.0
20231023:0811,49.5,10.09,8.89,3.52,0.0
20231023:0911,37.78,15.1,9.13,3.1,0.0
20231023:1011,75.55,18.46,9.32,2.55,0.0
20231023:1111,49.47,19.86,9.46,2.14,0.0
20231023:1211,45.87,19.16,9.67,1.59,0.0
20231023:1311,81.54,16.43,9.86,0.76,0.0
20231023:1411,23.39,11.93,9.95,0.21,0.0
20231023:1511,18.29,6.03,9.88,0.62,0.0
20231023:1611,0.0,0.0,9.67,0.76,0.0
20231023:1711,0.0,0.0,9.24,1.03,0.0
20231023:1811,0.0,0.0,9.16,1.38,0.0
20231023:1911,0.0,0.0,8.46,2.21,0.0
20231023:2011,0.0,0.0,8.25,1.66,0.0
20231023:2111,0.0,0.0,7.97,1.38,0.0
20231023:2211,0.0,0.0,7.91,1.86,0.0
20231023:2311,0.0,0.0,7.79,2.41,0.0
20231024:0011,0.0,0.0,7.81,2.83,0.0
20231024:0111,0.0,0.0,7.82,3.24,0.0
20231024:0211,0.0,0.0,7.75,3.45,0.0
20231024:0311,0.0,0.0,7.64,3.66,0.0
20231024:0411,0.0,0.0,7.56,3.93,0.0
20231024:0511,0.0,0.0,7.55,4.34,0.0
20231024:0611,0.0,0.0,7.57,4.9,0.0
20231024:0711,21.22,3.52,7.5,4.9,0.0
20231024:0811,85.75,9.78,7.83,5.03,0.0
20231024:0911,228.29,14.77,8.43,5.24,0.0
20231024:1011,451.89,18.12,9.02,5.38,0.0
20231024:1111,593.73,19.51,9.45,5.66,0.0
20231024:1211,586.06,18.81,9.69,6.0,0.0
20231024:1311,354.43,16.08,9.69,6.21,0.0
20231024:1411,210.27,11.59,9.5,6.41,0.0
20231024:1511,29.1,5.71,9.22,7.45,0.0
20231024:1611,0.0,0.0,8.81,7.45,0.0
20231024:1711,0.0,0.0,8.46,7.1,0.0
20231024:1811,0.0,0.0,8.1,6.76,0.0
20231024:1911,0.0,0.0,8.31,6.34,0.0
20231024:2011,0.0,0.0,8.0,6.07,0.0
20231024:2111,0.0,0.0,7.84,6.0,0.0
20231024:2211,0.0,0.0,7.61,6.07,0.0
20231024:2311,0.0,0.0,7.33,6.07,0.0
20231025:0011,0.0,0.0,7.07,6.14,0.0
20231025:0111,0.0,0.0,6.98,6.34,0.0
20231025:0211,0.0,0.0,6.74,6.55,0.0
20231025:0311,0.0,0.0,6.49,6.76,0.0
20231025:0411,0.0,0.0,6.27,6.97,0.0
20231025:0511,0.0,0.0,6.18,7.03,0.0
20231025:0611,0.0,0.0,6.03,6.83,0.0
20231025:0711,10.79,3.22,6.49,6.41,0.0
20231025:0811,35.98,9.47,6.59,6.9,0.0
20231025:0911,30.58,14.45,6.65,7.38,0.0
20231025:1011,26.98,17.78,6.79,7.59,0.0
20231025:1111,49.47,19.16,7.06,7.31,0.0
20231025:1211,62.96,18.46,7.25,7.52,0.0
20231025:1311,71.06,15.74,7.32,7.52,0.0
20231025:1411,44.07,11.26,7.39,8.34,0.0
20231025:1511,13.3,5.38,7.3,9.03,0.0
20231025:1611,0.0,0.0,6.96,8.9,0.0
20231025:1711,0.0,0.0,6.64,8.69,0.0
20231025:1811,0.0,0.0,6.3,8.69,0.0
20231025:1911,0.0,0.0,6.01,9.66,0.0
20231025:2011,0.0,0.0,5.85,9.79,0.0
20231025:2111,0.0,0.0,5.64,9.66,0.0
20231025:2211,0.0,0.0,5.58,9.45,0.0
20231025:2311,0.0,0.0,5.53,9.17,0.0
20231026:0011,0.0,0.0,5.5,8.97,0.0
20231026:0111,0.0,0.0,5.42,8.62,0.0
20231026:0211,0.0,0.0,5.43,8.41,0.0
20231026:0311,0.0,0.0,5.4,8.14,0.0
20231026:0411,0.0,0.0,5.43,7.93,0.0
20231026:0511,0.0,0.0,5.43,7.66,0.0
20231026:0611,0.0,0.0,5.38,7.31,0.0
20231026:0711,1.8,2.92,5.04,7.1,0.0
20231026:0811,36.88,9.16,5.02,6.48,0.0
20231026:0911,90.46,14.12,5.23,6.14,0.0
20231026:1011,485.89,17.44,5.75,5.66,0.0
20231026:1111,756.27,18.82,6.29,5.31,0.0
20231026:1211,685.77,18.11,6.65,4.83,0.0
20231026:1311,163.1,15.4,6.78,4.69,0.0
20231026:1411,97.06,10.93,6.66,4.48,0.0
20231026:1511,28.26,5.07,6.41,4.21,0.0
20231026:1611,0.0,0.0,5.89,4.21,0.0
20231026:1711,0.0,0.0,5.51,4.28,0.0
20231026:1811,0.0,0.0,5.19,4.34,0.0
20231026:1911,0.0,0.0,4.7,4.41,0.0
20231026:2011,0.0,0.0,4.58,4.34,0.0
20231026:2111,0.0,0.0,4.54,4.21,0.0
20231026:2211,0.0,0.0,4.4,4.21,0.0
20231026:2311,0.0,0.0,4.28,4.21,0.0
20231027:0011,0.0,0.0,4.28,4.28,0.0
20231027:0111,0.0,0.0,4.03,4.34,0.0
20231027:0211,0.0,0.0,3.9,4.41,0.0
20231027:0311,0.0,0.0,3.78,4.28,0.0
20231027:0411,0.0,0.0,3.73,4.07,0.0
20231027:0511,0.0,0.0,3.8,3.86,0.0
20231027:0611,0.0,0.0,3.8,3.79,0.0
20231027:0711,7.2,2.63,3.95,3.52,0.0
20231027:0811,88.18,8.85,4.11,3.86,0.0
20231027:0911,70.01,13.8,4.49,4.07,0.0
20231027:1011,75.55,17.11,5.04,3.93,0.0
20231027:1111,81.85,18.48,5.66,3.66,0.0
20231027:1211,63.86,17.77,6.18,3.24,0.0
20231027:1311,41.37,15.07,6.47,2.9,0.0
20231027:1411,23.39,10.61,6.48,2.76,0.0
20231027:1511,12.47,4.75,6.19,2.97,0.0
20231027:1611,0.0,0.0,5.59,3.59,0.0
20231027:1711,0.0,0.0,5.09,4.28,0.0
20231027:1811,0.0,0.0,4.76,4.9,0.0
20231027:1911,0.0,0.0,4.18,5.45,0.0
20231027:2011,0.0,0.0,4.1,5.66,0.0
20231027:2111,0.0,0.0,4.08,5.93,0.0
20231027:2211,0.0,0.0,4.07,6.07,0.0
20231027:2311,0.0,0.0,3.92,6.0,0.0
20231028:0011,0.0,0.0,3.57,5.86,0.0
20231028:0111,0.0,0.0,3.49,5.79,0.0
20231028:0211,0.0,0.0,3.33,5.86,0.0
20231028:0311,0.0,0.0,3.3,5.86,0.0
20231028:0411,0.0,0.0,3.23,5.93,0.0
20231028:0511,0.0,0.0,3.21,6.07,0.0
20231028:0611,0.0,0.0,3.21,6.21,0.0
20231028:0711,3.6,2.33,3.58,6.62,0.0
20231028:0811,36.88,8.54,3.96,6.62,0.0
20231028:0911,34.18,13.48,4.33,6.41,0.0
20231028:1011,89.67,16.78,4.91,6.55,0.0
20231028:1111,117.69,18.14,5.53,6.48,0.0
20231028:1211,58.46,17.44,5.88,6.48,0.0
20231028:1311,92.88,14.74,5.8,6.55,0.0
20231028:1411,27.88,10.29,5.58,6.83,0.0
20231028:1511,16.63,4.44,5.34,7.31,0.0
20231028:1611,0.0,0.0,5.1,7.59,0.0
20231028:1711,0.0,0.0,4.9,7.86,0.0
20231028:1811,0.0,0.0,4.77,7.93,0.0
20231028:1911,0.0,0.0,4.12,8.14,0.0
20231028:2011,0.0,0.0,4.03,8.41,0.0
20231028:2111,0.0,0.0,4.03,8.62,0.0
20231028:2211,0.0,0.0,4.15,8.76,0.0
20231028:2311,0.0,0.0,4.07,8.62,0.0
20231029:0011,0.0,0.0,4.09,8.55,0.0
20231029:0111,0.0,0.0,4.21,8.48,0.0
20231029:0211,0.0,0.0,4.3,8.48,0.0
20231029:0311,0.0,0.0,4.39,8.41,0.0
20231029:0411,0.0,0.0,4.47,8.62,0.0
20231029:0511,0.0,0.0,4.69,8.69,0.0
20231029:0611,0.0,0.0,4.83,8.62,0.0
20231029:0711,3.6,2.04,4.69,8.14,0.0
20231029:0811,140.6,8.24,4.81,8.21,0.0
20231029:0911,66.55,13.16,5.13,8.14,0.0
20231029:1011,69.26,16.45,5.57,7.86,0.0
20231029:1111,92.36,17.81,5.96,8.07,0.0
20231029:1211,47.67,17.1,6.26,7.72,0.0
20231029:1311,20.69,14.41,6.44,7.31,0.0
20231029:1411,12.59,9.97,6.68,7.59,0.0
20231029:1511,6.65,4.14,6.63,7.24,0.0
20231029:1611,0.0,0.0,6.51,6.55,0.0
20231029:1711,0.0,0.0,6.3,6.14,0.0
20231029:1811,0.0,0.0,5.94,6.07,0.0
20231029:1911,0.0,0.0,5.55,6.14,0.0
20231029:2011,0.0,0.0,5.53,5.86,0.0
20231029:2111,0.0,0.0,5.5,5.72,0.0
20231029:2211,0.0,0.0,5.42,5.66,0.0
20231029:2311,0.0,0.0,5.32,5.52,0.0
20231030:0011,0.0,0.0,5.16,5.66,0.0
20231030:0111,0.0,0.0,4.79,5.86,0.0
20231030:0211,0.0,0.0,4.69,5.93,0.0
20231030:0311,0.0,0.0,4.58,5.93,0.0
20231030:0411,0.0,0.0,4.43,5.86,0.0
20231030:0511,0.0,0.0,4.19,5.72,0.0
20231030:0611,0.0,0.0,4.05,5.59,0.0
20231030:0711,2.49,1.75,4.43,5.38,0.0
20231030:0811,39.55,7.93,4.53,4.97,0.0
20231030:0911,73.97,12.85,4.69,4.41,0.0
20231030:1011,82.56,16.12,4.97,3.86,0.0
20231030:1111,375.5,17.48,5.19,3.52,0.0
20231030:1211,303.69,16.77,5.37,3.03,0.0
20231030:1311,153.69,14.09,5.61,2.62,0.0
20231030:1411,41.37,9.66,5.68,2.07,0.0
20231030:1511,19.12,3.84,5.53,1.86,0.0
20231030:1611,0.0,0.0,5.17,2.0,0.0
20231030:1711,0.0,0.0,4.91,2.0,0.0
20231030:1811,0.0,0.0,4.67,2.28,0.0
20231030:1911,0.0,0.0,5.14,2.21,0.0
20231030:2011,0.0,0.0,5.06,2.55,0.0
20231030:2111,0.0,0.0,4.82,3.17,0.0
20231030:2211,0.0,0.0,4.66,3.17,0.0
20231030:2311,0.0,0.0,4.6,2.9,0.0
20231031:0011,0.0,0.0,4.49,2.62,0.0
20231031:0111,0.0,0.0,4.3,1.86,0.0
20231031:0211,0.0,0.0,4.07,1.38,0.0
20231031:0311,0.0,0.0,3.9,1.45,0.0
20231031:0411,0.0,0.0,3.68,1.17,0.0
20231031:0511,0.0,0.0,3.75,0.41,0.0
20231031:0611,0.0,0.0,3.92,0.28,0.0
20231031:0711,3.33,1.46,2.45,1.45,0.0
20231031:0811,177.87,7.63,2.88,1.66,0.0
20231031:0911,506.37,12.54,3.8,1.38,0.0
20231031:1011,621.66,15.8,4.4,0.97,0.0
20231031:1111,720.18,17.15,4.81,0.69,0.0
20231031:1211,700.68,16.45,5.0,0.69,0.0
20231031:1311,575.67,13.77,5.06,0.76,0.0
20231031:1411,58.19,9.35,5.0,0.76,0.0
20231031:1511,17.46,3.54,4.79,0.55,0.0
20231031:1611,0.0,0.0,4.16,0.62,0.0
20231031:1711,0.0,0.0,3.44,1.24,0.0
20231031:1811,0.0,0.0,3.93,2.07,0.0
20231031:1911,0.0,0.0,2.84,0.97,0.0
20231031:2011,0.0,0.0,2.85,1.79,0.0
20231031:2111,0.0,0.0,2.97,2.55,0.0
20231031:2211,0.0,0.0,3.18,3.38,0.0
20231031:2311,0.0,0.0,3.14,4.21,0.0
20231101:0011,0.0,0.0,2.99,4.9,0.0
20231101:0111,0.0,0.0,2.82,5.86,0.0
20231101:0211,0.0,0.0,2.32,7.03,0.0
20231101:0311,0.0,0.0,2.13,7.66,0.0
20231101:0411,0.0,0.0,2.03,7.79,0.0
20231101:0511,0.0,0.0,1.91,7.93,0.0
20231101:0611,0.0,0.0,1.94,8.21,0.0
20231101:0711,0.0,0.0,1.98,8.14,0.0
20231101:0811,25.18,7.34,1.84,8.14,0.0
20231101:0911,44.07,12.22,1.88,8.69,0.0
20231101:1011,35.98,15.48,2.02,8.9,0.0
20231101:1111,39.58,16.83,2.5,9.45,0.0
20231101:1211,24.28,16.13,2.74,9.72,0.0
20231101:1311,70.45,13.46,2.7,9.93,0.0
20231101:1411,15.79,9.05,2.68,10.28,0.0
20231101:1511,13.3,3.25,2.66,10.83,0.0
20231101:1611,0.0,0.0,2.88,11.86,0.0
20231101:1711,0.0,0.0,2.75,12.21,0.0
20231101:1811,0.0,0.0,2.39,12.83,0.0
20231101:1911,0.0,0.0,3.21,13.72,0.0
20231101:2011,0.0,0.0,3.41,13.86,0.0
20231101:2111,0.0,0.0,3.55,13.66,0.0
20231101:2211,0.0,0.0,3.57,13.38,0.0
20231101:2311,0.0,0.0,3.72,13.24,0.0
20231102:0011,0.0,0.0,3.91,12.83,0.0
20231102:0111,0.0,0.0,4.0,12.48,0.0
20231102:0211,0.0,0.0,3.87,11.93,0.0
20231102:0311,0.0,0.0,4.02,11.38,0.0
20231102:0411,0.0,0.0,4.42,10.97,0.0
20231102:0511,0.0,0.0,4.69,10.41,0.0
20231102:0611,0.0,0.0,5.05,10.0,0.0
20231102:0711,0.0,0.0,5.13,9.52,0.0
20231102:0811,83.11,7.04,5.56,9.17,0.0
20231102:0911,105.35,11.92,6.33,9.24,0.0
20231102:1011,69.26,15.17,6.81,9.03,0.0
20231102:1111,61.16,16.51,6.98,8.34,0.0
20231102:1211,37.78,15.81,7.06,8.28,0.0
20231102:1311,22.49,13.15,7.25,8.41,0.0
20231102:1411,19.12,8.75,7.6,9.24,0.0
20231102:1511,2.49,2.97,7.43,8.83,0.0
20231102:1611,0.0,0.0,7.16,8.62,0.0
20231102:1711,0.0,0.0,6.84,8.83,0.0
20231102:1811,0.0,0.0,6.72,9.45,0.0
20231102:1911,0.0,0.0,5.98,9.38,0.0
20231102:2011,0.0,0.0,6.03,9.72,0.0
20231102:2111,0.0,0.0,6.15,10.14,0.0
20231102:2211,0.0,0.0,6.35,10.14,0.0
20231102:2311,0.0,0.0,6.77,10.14,0.0
20231103:0011,0.0,0.0,6.8,9.79,0.0
20231103:0111,0.0,0.0,6.88,9.31,0.0
20231103:0211,0.0,0.0,7.49,9.1,0.0
20231103:0311,0.0,0.0,7.95,8.83,0.0
20231103:0411,0.0,0.0,8.15,8.69,0.0
20231103:0511,0.0,0.0,8.41,8.76,0.0
20231103:0611,0.0,0.0,8.49,8.62,0.0
20231103:0711,0.0,0.0,8.08,7.59,0.0
20231103:0811,20.69,6.75,7.86,7.45,0.0
20231103:0911,15.29,11.61,7.63,7.66,0.0
20231103:1011,88.37,14.85,7.37,7.52,0.0
20231103:1111,80.91,16.19,7.43,7.31,0.0
20231103:1211,705.79,15.5,7.76,6.76,0.0
20231103:1311,112.79,12.84,8.06,6.76,0.0
20231103:1411,26.6,8.46,7.97,7.1,0.0
20231103:1511,8.31,2.69,7.5,6.97,0.0
20231103:1611,0.0,0.0,7.0,7.24,0.0
20231103:1711,0.0,0.0,7.0,8.0,0.0
20231103:1811,0.0,0.0,7.4,8.62,0.0
20231103:1911,0.0,0.0,7.74,9.24,0.0
20231103:2011,0.0,0.0,7.88,9.31,0.0
20231103:2111,0.0,0.0,8.5,9.17,0.0
20231103:2211,0.0,0.0,8.75,9.17,0.0
20231103:2311,0.0,0.0,8.9,9.38,0.0
20231104:0011,0.0,0.0,9.04,9.59,0.0
20231104:0111,0.0,0.0,9.19,10.41,0.0
20231104:0211,0.0,0.0,9.35,10.55,0.0
20231104:0311,0.0,0.0,9.47,10.62,0.0
20231104:0411,0.0,0.0,9.34,10.48,0.0
20231104:0511,0.0,0.0,9.21,9.72,0.0
20231104:0611,0.0,0.0,9.07,9.45,0.0
20231104:0711,0.0,0.0,9.05,9.24,0.0
20231104:0811,14.39,6.45,8.82,9.03,0.0
20231104:0911,73.64,11.31,8.89,8.48,0.0
20231104:1011,55.77,14.54,9.01,8.34,0.0
20231104:1111,517.42,15.88,9.14,7.79,0.0
20231104:1211,39.58,15.19,9.18,7.66,0.0
20231104:1311,53.07,12.54,9.31,7.17,0.0
20231104:1411,15.79,8.17,9.05,7.1,0.0
20231104:1511,1.66,2.41,8.92,6.9,0.0
20231104:1611,0.0,0.0,8.77,6.48,0.0
20231104:1711,0.0,0.0,8.64,6.34,0.0
20231104:1811,0.0,0.0,8.52,6.41,0.0
20231104:1911,0.0,0.0,8.08,6.48,0.0
20231104:2011,0.0,0.0,7.95,6.76,0.0
20231104:2111,0.0,0.0,7.87,6.76,0.0
20231104:2211,0.0,0.0,7.84,6.83,0.0
20231104:2311,0.0,0.0,7.67,6.62,0.0
20231105:0011,0.0,0.0,7.45,6.34,0.0
20231105:0111,0.0,0.0,7.19,6.07,0.0
20231105:0211,0.0,0.0,6.97,6.21,0.0
20231105:0311,0.0,0.0,6.91,6.21,0.0
20231105:0411,0.0,0.0,6.96,6.14,0.0
20231105:0511,0.0,0.0,7.06,6.0,0.0
20231105:0611,0.0,0.0,7.04,5.72,0.0
20231105:0711,0.0,0.0,6.98,5.59,0.0
20231105:0811,33.51,6.16,7.15,5.24,0.0
20231105:0911,12.59,11.01,7.5,4.97,0.0
20231105:1011,53.07,14.24,7.84,4.69,0.0
20231105:1111,30.58,15.57,8.06,4.9,0.0
20231105:1211,25.18,14.89,8.11,4.34,0.0
20231105:1311,28.78,12.25,8.03,4.07,0.0
20231105:1411,8.31,7.89,7.93,3.93,0.0
20231105:1511,1.66,2.14,7.69,3.66,0.0
20231105:1611,0.0,0.0,7.3,3.66,0.0
20231105:1711,0.0,0.0,6.98,3.79,0.0
20231105:1811,0.0,0.0,6.74,3.72,0.0
20231105:1911,0.0,0.0,7.15,3.17,0.0
20231105:2011,0.0,0.0,7.1,2.55,0.0
20231105:2111,0.0,0.0,7.08,2.07,0.0
20231105:2211,0.0,0.0,7.07,1.86,0.0
20231105:2311,0.0,0.0,7.0,2.14,0.0
20231106:0011,0.0,0.0,6.99,2.48,0.0
20231106:0111,0.0,0.0,6.84,2.76,0.0
20231106:0211,0.0,0.0,6.85,2.69,0.0
20231106:0311,0.0,0.0,6.25,2.41,0.0
20231106:0411,0.0,0.0,6.11,1.79,0.0
20231106:0511,0.0,0.0,5.74,1.24,0.0
20231106:0611,0.0,0.0,5.32,1.24,0.0
20231106:0711,0.0,0.0,3.99,1.38,0.0
20231106:0811,110.25,5.88,3.9,0.9,0.0
20231106:0911,26.98,10.72,5.85,0.69,0.0
20231106:1011,79.71,13.94,6.56,0.9,0.0
20231106:1111,101.68,15.27,7.47,0.97,0.0
20231106:1211,134.04,14.59,7.34,0.9,0.0
20231106:1311,64.58,11.96,7.57,1.03,0.0
20231106:1411,41.56,7.61,7.57,1.17,0.0
20231106:1511,5.82,1.88,7.46,1.45,0.0
20231106:1611,0.0,0.0,7.19,1.24,0.0
20231106:1711,0.0,0.0,6.48,0.97,0.0
20231106:1811,0.0,0.0,6.28,0.76,0.0
20231106:1911,0.0,0.0,5.84,1.45,0.0
20231106:2011,0.0,0.0,5.8,1.72,0.0
20231106:2111,0.0,0.0,5.56,1.93,0.0
20231106:2211,0.0,0.0,5.38,2.0,0.0
20231106:2311,0.0,0.0,5.12,2.07,0.0
20231107:0011,0.0,0.0,5.02,2.07,0.0
20231107:0111,0.0,0.0,5.2,2.28,0.0
20231107:0211,0.0,0.0,5.11,2.28,0.0
20231107:0311,0.0,0.0,4.97,2.28,0.0
20231107:0411,0.0,0.0,4.89,2.28,0.0
20231107:0511,0.0,0.0,4.62,2.14,0.0
20231107:0611,0.0,0.0,4.52,2.07,0.0
20231107:0711,0.0,0.0,4.98,2.0,0.0
20231107:0811,115.38,5.59,5.04,1.93,0.0
20231107:0911,303.8,10.43,5.22,1.79,0.0
20231107:1011,376.56,13.64,5.89,1.72,0.0
20231107:1111,501.19,14.97,6.46,1.72,0.0
20231107:1211,596.81,14.29,6.6,1.79,0.0
20231107:1311,480.25,11.68,6.83,1.79,0.0
20231107:1411,42.4,7.34,7.05,1.72,0.0
20231107:1511,0.83,1.62,7.04,1.79,0.0
20231107:1611,0.0,0.0,6.71,1.79,0.0
20231107:1711,0.0,0.0,6.46,1.72,0.0
20231107:1811,0.0,0.0,5.29,1.59,0.0
20231107:1911,0.0,0.0,4.09,1.66,0.0
20231107:2011,0.0,0.0,3.77,1.66,0.0
20231107:2111,0.0,0.0,3.44,1.66,0.0
20231107:2211,0.0,0.0,3.27,1.79,0.0
20231107:2311,0.0,0.0,3.05,1.79,0.0
20231108:0011,0.0,0.0,2.99,1.72,0.0
20231108:0111,0.0,0.0,3.0,1.66,0.0
20231108:0211,0.0,0.0,2.99,1.66,0.0
20231108:0311,0.0,0.0,3.03,1.66,0.0
20231108:0411,0.0,0.0,3.23,1.59,0.0
20231108:0511,0.0,0.0,3.36,1.72,0.0
20231108:0611,0.0,0.0,3.5,2.0,0.0
20231108:0711,0.0,0.0,2.88,2.83,0.0
20231108:0811,89.63,5.31,3.14,3.24,0.0
20231108:0911,377.94,10.14,3.83,3.72,0.0
20231108:1011,418.22,13.34,4.86,4.34,0.0
20231108:1111,589.59,14.67,5.57,5.03,0.0
20231108:1211,587.61,14.0,5.96,5.79,0.0
20231108:1311,109.42,11.4,6.14,6.41,0.0
20231108:1411,25.77,7.07,6.11,6.97,0.0
20231108:1511,1.66,1.36,5.87,7.59,0.0
20231108:1611,0.0,0.0,5.79,8.0,0.0
20231108:1711,0.0,0.0,5.7,8.41,0.0
20231108:1811,0.0,0.0,5.75,8.76,0.0
20231108:1911,0.0,0.0,5.58,9.86,0.0
20231108:2011,0.0,0.0,5.15,10.07,0.0
20231108:2111,0.0,0.0,4.76,10.48,0.0
20231108:2211,0.0,0.0,4.71,10.14,0.0
20231108:2311,0.0,0.0,4.93,9.1,0.0
20231109:0011,0.0,0.0,5.12,7.72,0.0
20231109:0111,0.0,0.0,5.28,6.34,0.0
20231109:0211,0.0,0.0,5.47,4.76,0.0
20231109:0311,0.0,0.0,5.54,3.79,0.0
20231109:0411,0.0,0.0,5.6,3.45,0.0
20231109:0511,0.0,0.0,5.46,3.59,0.0
20231109:0611,0.0,0.0,5.27,3.79,0.0
20231109:0711,0.0,0.0,5.25,3.72,0.0
20231109:0811,38.33,5.04,5.17,4.07,0.0
20231109:0911,253.93,9.85,5.56,4.28,0.0
20231109:1011,247.47,13.05,6.09,4.62,0.0
20231109:1111,467.53,14.38,6.65,4.9,0.0
20231109:1211,409.37,13.72,6.94,5.38,0.0
20231109:1311,277.96,11.12,7.11,5.66,0.0
20231109:1411,38.24,6.81,7.07,5.86,0.0
20231109:1511,0.0,0.0,6.9,6.07,0.0
20231109:1611,0.0,0.0,6.71,6.21,0.0
20231109:1711,0.0,0.0,6.64,6.28,0.0
20231109:1811,0.0,0.0,6.45,6.34,0.0
20231109:1911,0.0,0.0,6.08,7.03,0.0
20231109:2011,0.0,0.0,5.87,7.03,0.0
20231109:2111,0.0,0.0,5.78,6.97,0.0
20231109:2211,0.0,0.0,5.7,6.97,0.0
20231109:2311,0.0,0.0,5.68,6.97,0.0
20231110:0011,0.0,0.0,5.58,6.62,0.0
20231110:0111,0.0,0.0,5.54,6.41,0.0
20231110:0211,0.0,0.0,5.47,6.14,0.0
20231110:0311,0.0,0.0,5.36,5.93,0.0
20231110:0411,0.0,0.0,5.13,5.86,0.0
20231110:0511,0.0,0.0,5.04,6.21,0.0
20231110:0611,0.0,0.0,4.95,6.69,0.0
20231110:0711,0.0,0.0,5.02,7.03,0.0
20231110:0811,14.39,4.76,4.95,7.17,0.0
20231110:0911,34.18,9.57,5.25,6.97,0.0
20231110:1011,30.58,12.77,5.65,6.55,0.0
20231110:1111,17.09,14.1,6.09,5.93,0.0
20231110:1211,79.44,13.44,6.42,4.9,0.0
20231110:1311,129.08,10.85,6.58,4.62,0.0
20231110:1411,9.14,6.56,6.48,4.07,0.0
20231110:1511,0.0,0.0,6.23,3.52,0.0
20231110:1611,0.0,0.0,6.06,3.03,0.0
20231110:1711,0.0,0.0,5.8,2.62,0.0
20231110:1811,0.0,0.0,5.76,2.34,0.0
20231110:1911,0.0,0.0,5.79,2.83,0.0
20231110:2011,0.0,0.0,5.75,2.62,0.0
20231110:2111,0.0,0.0,5.69,2.14,0.0
20231110:2211,0.0,0.0,5.7,1.66,0.0
20231110:2311,0.0,0.0,5.69,1.31,0.0
20231111:0011,0.0,0.0,5.48,1.1,0.0
20231111:0111,0.0,0.0,5.14,0.83,0.0
20231111:0211,0.0,0.0,5.42,0.62,0.0
20231111:0311,0.0,0.0,5.72,0.48,0.0
20231111:0411,0.0,0.0,5.73,0.48,0.0
20231111:0511,0.0,0.0,5.85,0.41,0.0
20231111:0611,0.0,0.0,5.94,0.34,0.0
20231111:0711,0.0,0.0,4.69,0.83,0.0
20231111:0811,17.99,4.49,4.82,0.76,0.0
20231111:0911,158.17,9.29,5.25,0.83,0.0
20231111:1011,311.8,12.49,5.17,1.1,0.0
20231111:1111,286.62,13.82,5.13,1.52,0.0
20231111:1211,343.25,13.17,5.38,1.86,0.0
20231111:1311,304.02,10.59,5.4,1.72,0.0
20231111:1411,34.91,6.31,5.35,1.52,0.0
20231111:1511,0.0,0.0,5.28,1.59,0.0
20231111:1611,0.0,0.0,5.07,1.79,0.0
20231111:1711,0.0,0.0,4.87,1.79,0.0
20231111:1811,0.0,0.0,4.72,1.72,0.0
20231111:1911,0.0,0.0,4.37,1.24,0.0
20231111:2011,0.0,0.0,3.85,1.52,0.0
20231111:2111,0.0,0.0,2.32,1.66,0.0
20231111:2211,0.0,0.0,2.14,1.72,0.0
20231111:2311,0.0,0.0,1.79,1.72,0.0
20231112:0011,0.0,0.0,1.42,1.86,0.0
20231112:0111,0.0,0.0,1.07,2.0,0.0
20231112:0211,0.0,0.0,0.76,1.93,0.0
20231112:0311,0.0,0.0,0.35,1.86,0.0
20231112:0411,0.0,0.0,0.14,1.93,0.0
20231112:0511,0.0,0.0,0.03,2.0,0.0
20231112:0611,0.0,0.0,0.0,2.07,0.0
20231112:0711,0.0,0.0,-0.04,2.07,0.0
20231112:0811,61.63,4.22,0.0,1.86,0.0
20231112:0911,321.36,9.02,2.28,1.79,0.0
20231112:1011,464.37,12.21,3.66,1.59,0.0
20231112:1111,537.61,13.54,4.77,1.17,0.0
20231112:1211,650.29,12.9,5.05,0.97,0.0
20231112:1311,298.58,10.33,5.1,1.1,0.0
20231112:1411,14.96,6.06,5.19,1.31,0.0
20231112:1511,0.0,0.0,5.01,1.72,0.0
20231112:1611,0.0,0.0,4.9,1.86,0.0
20231112:1711,0.0,0.0,4.89,1.72,0.0
20231112:1811,0.0,0.0,4.83,1.72,0.0
20231112:1911,0.0,0.0,4.76,1.66,0.0
20231112:2011,0.0,0.0,4.57,2.28,0.0
20231112:2111,0.0,0.0,4.35,2.83,0.0
20231112:2211,0.0,0.0,4.11,3.17,0.0
20231112:2311,0.0,0.0,4.07,3.52,0.0
20231113:0011,0.0,0.0,3.98,3.93,0.0
20231113:0111,0.0,0.0,3.96,4.34,0.0
20231113:0211,0.0,0.0,3.83,4.69,0.0
20231113:0311,0.0,0.0,3.8,5.03,0.0
20231113:0411,0.0,0.0,3.84,5.52,0.0
20231113:0511,0.0,0.0,3.85,6.07,0.0
20231113:0611,0.0,0.0,3.89,6.48,0.0
20231113:0711,0.0,0.0,4.03,6.83,0.0
20231113:0811,4.5,3.96,4.06,7.31,0.0
20231113:0911,165.18,8.75,4.12,7.72,0.0
20231113:1011,507.3,11.94,4.46,7.93,0.0
20231113:1111,546.2,13.27,4.85,8.07,0.0
20231113:1211,547.72,12.63,4.98,8.07,0.0
20231113:1311,301.79,10.08,4.89,8.48,0.0
20231113:1411,31.59,5.82,4.62,9.1,0.0
20231113:1511,0.0,0.0,4.37,9.1,0.0
20231113:1611,0.0,0.0,4.12,8.97,0.0
20231113:1711,0.0,0.0,3.89,9.17,0.0
20231113:1811,0.0,0.0,3.72,9.31,0.0
20231113:1911,0.0,0.0,3.9,9.17,0.0
20231113:2011,0.0,0.0,3.68,9.1,0.0
20231113:2111,0.0,0.0,3.64,8.76,0.0
20231113:2211,0.0,0.0,3.58,8.34,0.0
20231113:2311,0.0,0.0,3.56,7.93,0.0
20231114:0011,0.0,0.0,3.55,7.45,0.0
20231114:0111,0.0,0.0,3.54,7.03,0.0
20231114:0211,0.0,0.0,3.55,6.69,0.0
20231114:0311,0.0,0.0,3.51,6.21,0.0
20231114:0411,0.0,0.0,3.47,5.72,0.0
20231114:0511,0.0,0.0,3.36,5.31,0.0
20231114:0611,0.0,0.0,3.18,4.83,0.0
20231114:0711,0.0,0.0,4.18,4.14,0.0
20231114:0811,11.69,3.7,4.16,3.79,0.0
20231114:0911,407.76,8.48,4.18,3.45,0.0
20231114:1011,504.62,11.67,4.4,2.97,0.0
20231114:1111,567.64,13.01,4.79,2.34,0.0
20231114:1211,337.52,12.38,5.05,1.52,0.0
20231114:1311,98.39,9.83,5.13,0.9,0.0
20231114:1411,7.48,5.59,4.91,0.76,0.0
20231114:1511,0.0,0.0,4.63,0.69,0.0
20231114:1611,0.0,0.0,4.14,0.76,0.0
20231114:1711,0.0,0.0,2.62,1.24,0.0
20231114:1811,0.0,0.0,2.36,1.86,0.0
20231114:1911,0.0,0.0,3.45,2.28,0.0
20231114:2011,0.0,0.0,3.57,2.14,0.0
20231114:2111,0.0,0.0,3.73,2.07,0.0
20231114:2211,0.0,0.0,3.7,2.0,0.0
20231114:2311,0.0,0.0,3.49,2.21,0.0
20231115:0011,0.0,0.0,3.39,2.48,0.0
20231115:0111,0.0,0.0,3.18,2.62,0.0
20231115:0211,0.0,0.0,2.97,2.69,0.0
20231115:0311,0.0,0.0,2.85,2.83,0.0
20231115:0411,0.0,0.0,2.75,2.97,0.0
20231115:0511,0.0,0.0,2.72,3.17,0.0
20231115:0611,0.0,0.0,2.74,3.31,0.0
20231115:0711,0.0,0.0,2.45,4.41,0.0
20231115:0811,54.96,3.44,2.26,4.48,0.0
20231115:0911,161.86,8.22,2.36,4.48,0.0
20231115:1011,506.32,11.41,2.69,4.41,0.0
20231115:1111,421.81,12.75,2.96,4.62,0.0
20231115:1211,426.98,12.12,3.18,4.62,0.0
20231115:1311,168.55,9.59,3.25,4.62,0.0
20231115:1411,28.26,5.36,3.1,4.62,0.0
20231115:1511,0.0,0.0,2.73,4.9,0.0
20231115:1611,0.0,0.0,2.35,4.97,0.0
20231115:1711,0.0,0.0,2.12,4.9,0.0
20231115:1811,0.0,0.0,1.94,5.03,0.0
20231115:1911,0.0,0.0,2.11,5.1,0.0
20231115:2011,0.0,0.0,1.94,5.52,0.0
20231115:2111,0.0,0.0,1.87,5.66,0.0
20231115:2211,0.0,0.0,1.77,5.72,0.0
20231115:2311,0.0,0.0,1.68,5.59,0.0
20231116:0011,0.0,0.0,1.63,5.59,0.0
20231116:0111,0.0,0.0,1.7,5.66,0.0
20231116:0211,0.0,0.0,1.75,5.66,0.0
20231116:0311,0.0,0.0,1.77,5.66,0.0
20231116:0411,0.0,0.0,1.73,5.79,0.0
20231116:0511,0.0,0.0,1.85,6.14,0.0
20231116:0611,0.0,0.0,1.91,6.34,0.0
20231116:0711,0.0,0.0,1.74,6.83,0.0
20231116:0811,23.83,3.19,1.58,7.03,0.0
20231116:0911,25.18,7.97,1.48,7.03,0.0
20231116:1011,57.68,11.15,1.54,6.97,0.0
20231116:1111,29.68,12.49,1.6,6.97,0.0
20231116:1211,29.68,11.88,1.72,6.83,0.0
20231116:1311,17.99,9.36,1.81,6.69,0.0
20231116:1411,11.64,5.14,1.83,6.69,0.0
20231116:1511,0.0,0.0,1.76,6.55,0.0
20231116:1611,0.0,0.0,1.64,6.48,0.0
20231116:1711,0.0,0.0,1.55,6.34,0.0
20231116:1811,0.0,0.0,1.44,6.34,0.0
20231116:1911,0.0,0.0,1.19,6.07,0.0
20231116:2011,0.0,0.0,1.05,6.07,0.0
20231116:2111,0.0,0.0,1.01,6.28,0.0
20231116:2211,0.0,0.0,0.98,6.48,0.0
20231116:2311,0.0,0.0,1.0,6.41,0.0
20231117:0011,0.0,0.0,1.13,6.21,0.0
20231117:0111,0.0,0.0,1.15,5.93,0.0
20231117:0211,0.0,0.0,1.16,5.66,0.0
20231117:0311,0.0,0.0,0.95,5.31,0.0
20231117:0411,0.0,0.0,0.88,5.1,0.0
20231117:0511,0.0,0.0,0.9,4.76,0.0
20231117:0611,0.0,0.0,0.76,4.76,0.0
20231117:0711,0.0,0.0,0.57,5.24,0.0
20231117:0811,8.99,2.94,0.32,5.24,0.0
20231117:0911,27.88,7.71,0.39,4.83,0.0
20231117:1011,46.77,10.9,0.68,4.28,0.0
20231117:1111,62.04,12.24,1.05,4.14,0.0
20231117:1211,383.72,11.64,1.33,4.0,0.0
20231117:1311,56.81,9.13,1.46,3.93,0.0
20231117:1411,17.46,4.93,1.35,3.93,0.0
20231117:1511,0.0,0.0,1.18,4.0,0.0
20231117:1611,0.0,0.0,0.9,3.86,0.0
20231117:1711,0.0,0.0,0.75,4.0,0.0
20231117:1811,0.0,0.0,0.58,4.07,0.0
20231117:1911,0.0,0.0,1.31,5.45,0.0
20231117:2011,0.0,0.0,1.27,5.72,0.0
20231117:2111,0.0,0.0,1.33,6.0,0.0
20231117:2211,0.0,0.0,1.4,6.14,0.0
20231117:2311,0.0,0.0,1.66,6.55,0.0
20231118:0011,0.0,0.0,1.82,7.1,0.0
20231118:0111,0.0,0.0,1.97,7.31,0.0
20231118:0211,0.0,0.0,2.23,7.72,0.0
20231118:0311,0.0,0.0,2.4,8.48,0.0
20231118:0411,0.0,0.0,2.67,9.17,0.0
20231118:0511,0.0,0.0,2.55,9.24,0.0
20231118:0611,0.0,0.0,2.69,9.31,0.0
20231118:0711,0.0,0.0,2.64,9.38,0.0
20231118:0811,8.99,2.7,2.51,9.72,0.0
20231118:0911,139.89,7.47,2.58,9.86,0.0
20231118:1011,45.87,10.65,2.71,10.0,0.0
20231118:1111,243.3,12.0,2.92,10.28,0.0
20231118:1211,19.79,11.4,2.99,10.48,0.0
20231118:1311,14.39,8.91,2.93,10.9,0.0
20231118:1411,4.16,4.72,2.88,10.97,0.0
20231118:1511,0.0,0.0,2.73,11.17,0.0
20231118:1611,0.0,0.0,2.66,11.1,0.0
20231118:1711,0.0,0.0,2.79,11.59,0.0
20231118:1811,0.0,0.0,2.91,11.72,0.0
20231118:1911,0.0,0.0,3.31,12.0,0.0
20231118:2011,0.0,0.0,3.23,12.62,0.0
20231118:2111,0.0,0.0,3.22,12.55,0.0
20231118:2211,0.0,0.0,3.22,12.62,0.0
20231118:2311,0.0,0.0,3.22,12.69,0.0
20231119:0011,0.0,0.0,3.25,12.41,0.0
20231119:0111,0.0,0.0,3.3,12.55,0.0
20231119:0211,0.0,0.0,3.38,12.62,0.0
20231119:0311,0.0,0.0,3.57,12.62,0.0
20231119:0411,0.0,0.0,3.44,12.34,0.0
20231119:0511,0.0,0.0,3.27,12.07,0.0
20231119:0611,0.0,0.0,2.97,11.72,0.0
20231119:0711,0.0,0.0,3.0,11.52,0.0
20231119:0811,1.66,2.46,2.58,11.38,0.0
20231119:0911,24.28,7.22,2.44,11.03,0.0
20231119:1011,26.08,10.4,2.38,10.69,0.0
20231119:1111,26.08,11.76,2.69,10.55,0.0
20231119:1211,103.63,11.17,2.96,10.07,0.0
20231119:1311,206.56,8.69,3.23,9.93,0.0
20231119:1411,3.33,4.52,3.36,9.86,0.0
20231119:1511,0.0,0.0,3.31,9.59,0.0
20231119:1611,0.0,0.0,3.52,9.17,0.0
20231119:1711,0.0,0.0,3.56,9.03,0.0
20231119:1811,0.0,0.0,3.55,8.76,0.0
20231119:1911,0.0,0.0,3.5,8.34,0.0
20231119:2011,0.0,0.0,3.59,8.21,0.0
20231119:2111,0.0,0.0,3.52,7.86,0.0
20231119:2211,0.0,0.0,3.57,7.72,0.0
20231119:2311,0.0,0.0,3.64,7.59,0.0
20231120:0011,0.0,0.0,3.67,7.52,0.0
20231120:0111,0.0,0.0,3.6,7.31,0.0
20231120:0211,0.0,0.0,3.62,7.24,0.0
20231120:0311,0.0,0.0,3.54,7.17,0.0
20231120:0411,0.0,0.0,3.5,6.9,0.0
20231120:0511,0.0,0.0,3.44,6.62,0.0
20231120:0611,0.0,0.0,3.33,6.41,0.0
20231120:0711,0.0,0.0,3.64,6.0,0.0
20231120:0811,6.65,2.22,3.54,5.52,0.0
20231120:0911,17.99,6.98,3.49,5.24,0.0
20231120:1011,55.39,10.17,3.5,4.97,0.0
20231120:1111,440.9,11.53,3.66,4.62,0.0
20231120:1211,103.4,10.95,3.75,4.21,0.0
20231120:1311,16.63,8.48,3.77,3.93,0.0
20231120:1411,14.96,4.32,3.8,3.79,0.0
20231120:1511,0.0,0.0,3.69,3.38,0.0
20231120:1611,0.0,0.0,3.52,3.1,0.0
20231120:1711,0.0,0.0,3.55,2.9,0.0
20231120:1811,0.0,0.0,3.41,2.48,0.0
20231120:1911,0.0,0.0,3.93,2.48,0.0
20231120:2011,0.0,0.0,3.92,2.0,0.0
20231120:2111,0.0,0.0,3.9,1.66,0.0
20231120:2211,0.0,0.0,3.56,1.17,0.0
20231120:2311,0.0,0.0,3.34,0.76,0.0
20231121:0011,0.0,0.0,3.46,0.55,0.0
20231121:0111,0.0,0.0,3.41,0.97,0.0
20231121:0211,0.0,0.0,3.28,1.45,0.0
20231121:0311,0.0,0.0,3.68,1.86,0.0
20231121:0411,0.0,0.0,3.78,2.28,0.0
20231121:0511,0.0,0.0,3.79,3.1,0.0
20231121:0611,0.0,0.0,3.71,3.72,0.0
20231121:0711,0.0,0.0,4.17,3.45,0.0
20231121:0811,2.49,1.99,4.06,3.93,0.0
20231121:0911,71.59,6.75,4.01,4.28,0.0
20231121:1011,45.87,9.94,4.05,4.62,0.0
20231121:1111,62.41,11.3,4.03,4.9,0.0
20231121:1211,25.18,10.73,3.95,5.1,0.0
20231121:1311,19.95,8.28,3.83,5.17,0.0
20231121:1411,18.29,4.13,3.68,5.24,0.0
20231121:1511,0.0,0.0,3.44,5.31,0.0
20231121:1611,0.0,0.0,3.38,5.1,0.0
20231121:1711,0.0,0.0,3.26,5.38,0.0
20231121:1811,0.0,0.0,3.08,5.86,0.0
20231121:1911,0.0,0.0,2.94,6.0,0.0
20231121:2011,0.0,0.0,2.59,6.76,0.0
20231121:2111,0.0,0.0,2.57,7.17,0.0
20231121:2211,0.0,0.0,2.58,7.93,0.0
20231121:2311,0.0,0.0,2.93,7.86,0.0
20231122:0011,0.0,0.0,3.59,7.17,0.0
20231122:0111,0.0,0.0,4.12,6.97,0.0
20231122:0211,0.0,0.0,4.53,6.83,0.0
20231122:0311,0.0,0.0,4.98,7.1,0.0
20231122:0411,0.0,0.0,5.38,7.79,0.0
20231122:0511,0.0,0.0,5.66,8.34,0.0
20231122:0611,0.0,0.0,5.53,8.97,0.0
20231122:0711,0.0,0.0,5.59,8.69,0.0
20231122:0811,0.83,1.76,6.12,9.45,0.0
20231122:0911,9.89,6.52,6.75,10.41,0.0
20231122:1011,15.29,9.71,7.28,10.62,0.0
20231122:1111,12.59,11.08,7.7,10.14,0.0
20231122:1211,15.29,10.52,8.16,9.52,0.0
20231122:1311,9.98,8.08,8.52,9.1,0.0
20231122:1411,16.63,3.95,8.61,8.48,0.0
20231122:1511,0.0,0.0,8.2,7.72,0.0
20231122:1611,0.0,0.0,8.14,7.45,0.0
20231122:1711,0.0,0.0,8.07,7.72,0.0
20231122:1811,0.0,0.0,7.98,8.28,0.0
20231122:1911,0.0,0.0,7.84,8.9,0.0
20231122:2011,0.0,0.0,8.11,9.24,0.0
20231122:2111,0.0,0.0,7.88,9.03,0.0
20231122:2211,0.0,0.0,7.86,8.83,0.0
20231122:2311,0.0,0.0,7.81,9.66,0.0
20231123:0011,0.0,0.0,7.72,10.76,0.0
20231123:0111,0.0,0.0,7.78,10.9,0.0
20231123:0211,0.0,0.0,7.61,11.24,0.0
20231123:0311,0.0,0.0,7.19,10.97,0.0
20231123:0411,0.0,0.0,6.95,11.17,0.0
20231123:0511,0.0,0.0,6.69,11.59,0.0
20231123:0611,0.0,0.0,6.25,12.48,0.0
20231123:0711,0.0,0.0,6.49,12.62,0.0
20231123:0811,0.83,1.54,5.79,12.48,0.0
20231123:0911,36.45,6.3,5.36,12.76,0.0
20231123:1011,12.59,9.49,5.14,12.97,0.0
20231123:1111,292.5,10.86,4.65,13.03,0.0
20231123:1211,53.73,10.32,4.35,13.86,0.0
20231123:1311,46.55,7.89,4.39,13.66,0.0
20231123:1411,2.49,3.77,4.28,13.79,0.0
20231123:1511,0.0,0.0,3.97,13.66,0.0
20231123:1611,0.0,0.0,3.14,13.59,0.0
20231123:1711,0.0,0.0,2.95,13.72,0.0
20231123:1811,0.0,0.0,2.8,13.45,0.0
20231123:1911,0.0,0.0,2.63,13.59,0.0
20231123:2011,0.0,0.0,2.12,13.24,0.0
20231123:2111,0.0,0.0,1.77,12.83,0.0
20231123:2211,0.0,0.0,1.33,12.21,0.0
20231123:2311,0.0,0.0,1.78,11.17,0.0
20231124:0011,0.0,0.0,2.21,11.38,0.0
20231124:0111,0.0,0.0,2.47,11.66,0.0
20231124:0211,0.0,0.0,1.95,11.93,0.0
20231124:0311,0.0,0.0,1.84,12.14,0.0
20231124:0411,0.0,0.0,1.86,13.24,0.0
20231124:0511,0.0,0.0,1.99,13.45,0.0
20231124:0611,0.0,0.0,1.66,13.03,0.0
20231124:0711,0.0,0.0,2.11,11.72,0.0
20231124:0811,0.83,1.32,2.52,11.72,0.0
20231124:0911,8.09,6.08,2.95,12.28,0.0
20231124:1011,360.54,9.27,3.9,13.66,0.0
20231124:1111,447.33,10.66,4.07,13.24,0.0
20231124:1211,332.26,10.12,4.12,11.86,0.0
20231124:1311,44.89,7.7,4.12,10.55,0.0
20231124:1411,18.29,3.6,4.02,9.66,0.0
20231124:1511,0.0,0.0,3.75,9.17,0.0
20231124:1611,0.0,0.0,3.65,9.52,0.0
20231124:1711,0.0,0.0,3.83,10.28,0.0
20231124:1811,0.0,0.0,4.16,9.72,0.0
20231124:1911,0.0,0.0,4.09,9.1,0.0
20231124:2011,0.0,0.0,3.75,8.28,0.0
20231124:2111,0.0,0.0,3.73,8.34,0.0
20231124:2211,0.0,0.0,3.72,9.1,0.0
20231124:2311,0.0,0.0,4.06,10.07,0.0
20231125:0011,0.0,0.0,4.52,10.9,0.0
20231125:0111,0.0,0.0,4.64,11.1,0.0
20231125:0211,0.0,0.0,4.54,10.34,0.0
20231125:0311,0.0,0.0,4.1,9.03,0.0
20231125:0411,0.0,0.0,3.68,7.79,0.0
20231125:0511,0.0,0.0,3.31,6.83,0.0
20231125:0611,0.0,0.0,2.89,6.07,0.0
20231125:0711,0.0,0.0,2.36,4.9,0.0
20231125:0811,0.0,0.0,1.93,4.34,0.0
20231125:0911,179.45,5.87,1.83,3.86,0.0
20231125:1011,368.06,9.06,2.11,3.66,0.0
20231125:1111,425.13,10.45,2.64,3.79,0.0
20231125:1211,303.82,9.93,3.03,4.28,0.0
20231125:1311,44.89,7.53,3.05,4.76,0.0
20231125:1411,15.79,3.44,2.95,5.45,0.0
20231125:1511,0.0,0.0,2.73,6.07,0.0
20231125:1611,0.0,0.0,2.6,6.14,0.0
20231125:1711,0.0,0.0,2.45,6.0,0.0
20231125:1811,0.0,0.0,2.31,5.79,0.0
20231125:1911,0.0,0.0,2.33,3.66,0.0
20231125:2011,0.0,0.0,2.22,3.59,0.0
20231125:2111,0.0,0.0,2.2,3.45,0.0
20231125:2211,0.0,0.0,2.2,3.31,0.0
20231125:2311,0.0,0.0,2.22,3.31,0.0
20231126:0011,0.0,0.0,2.24,3.38,0.0
20231126:0111,0.0,0.0,2.38,3.59,0.0
20231126:0211,0.0,0.0,2.48,3.72,0.0
20231126:0311,0.0,0.0,2.54,3.72,0.0
20231126:0411,0.0,0.0,2.6,3.31,0.0
20231126:0511,0.0,0.0,2.7,3.31,0.0
20231126:0611,0.0,0.0,2.76,3.38,0.0
20231126:0711,0.0,0.0,2.74,2.28,0.0
20231126:0811,0.0,0.0,2.58,2.07,0.0
20231126:0911,32.41,5.66,2.71,1.93,0.0
20231126:1011,50.64,8.86,2.99,1.45,0.0
20231126:1111,44.07,10.26,3.3,0.83,0.0
20231126:1211,21.59,9.74,3.6,0.41,0.0
20231126:1311,14.96,7.35,3.71,0.41,0.0
20231126:1411,14.96,3.28,3.73,0.9,0.0
20231126:1511,0.0,0.0,3.57,1.52,0.0
20231126:1611,0.0,0.0,2.35,2.41,0.0
20231126:1711,0.0,0.0,2.69,3.79,0.0
20231126:1811,0.0,0.0,2.84,5.86,0.0
20231126:1911,0.0,0.0,2.09,8.07,0.0
20231126:2011,0.0,0.0,1.72,8.83,0.0
20231126:2111,0.0,0.0,2.05,8.97,0.0
20231126:2211,0.0,0.0,2.25,9.17,0.0
20231126:2311,0.0,0.0,2.24,9.31,0.0
20231127:0011,0.0,0.0,2.1,9.52,0.0
20231127:0111,0.0,0.0,1.94,9.72,0.0
20231127:0211,0.0,0.0,1.65,9.52,0.0
20231127:0311,0.0,0.0,1.38,9.1,0.0
20231127:0411,0.0,0.0,1.11,8.69,0.0
20231127:0511,0.0,0.0,0.76,8.48,0.0
20231127:0611,0.0,0.0,0.46,8.34,0.0
20231127:0711,0.0,0.0,-0.12,7.45,0.0
20231127:0811,0.0,0.0,-0.24,7.17,0.0
20231127:0911,31.71,5.46,-0.21,6.76,0.0
20231127:1011,295.29,8.66,-0.11,6.0,0.0
20231127:1111,388.1,10.07,0.02,5.52,0.0
20231127:1211,285.44,9.56,0.1,4.97,0.0
20231127:1311,42.4,7.19,0.06,4.76,0.0
20231127:1411,14.13,3.13,-0.18,4.34,0.0
20231127:1511,0.0,0.0,-0.55,4.28,0.0
20231127:1611,0.0,0.0,-0.91,4.41,0.0
20231127:1711,0.0,0.0,-1.24,4.62,0.0
20231127:1811,0.0,0.0,-1.54,4.48,0.0
20231127:1911,0.0,0.0,-1.24,4.28,0.0
20231127:2011,0.0,0.0,-1.26,4.07,0.0
20231127:2111,0.0,0.0,-1.32,3.86,0.0
20231127:2211,0.0,0.0,-1.38,3.79,0.0
20231127:2311,0.0,0.0,-1.45,4.07,0.0
20231128:0011,0.0,0.0,-1.55,4.55,0.0
20231128:0111,0.0,0.0,-1.79,5.1,0.0
20231128:0211,0.0,0.0,-2.0,5.86,0.0
20231128:0311,0.0,0.0,-2.3,6.55,0.0
20231128:0411,0.0,0.0,-2.71,7.24,0.0
20231128:0511,0.0,0.0,-3.23,7.52,0.0
20231128:0611,0.0,0.0,-3.58,7.59,0.0
20231128:0711,0.0,0.0,-4.34,7.17,0.0
20231128:0811,0.0,0.0,-4.66,7.17,0.0
20231128:0911,8.99,5.26,-4.76,6.9,0.0
20231128:1011,110.28,8.47,-4.58,6.55,0.0
20231128:1111,94.89,9.89,-4.36,6.07,0.0
20231128:1211,380.09,9.39,-3.96,5.24,0.0
20231128:1311,41.56,7.03,-3.61,4.34,0.0
20231128:1411,12.47,2.99,-3.53,3.59,0.0
20231128:1511,0.0,0.0,-3.62,3.03,0.0
20231128:1611,0.0,0.0,-3.58,2.62,0.0
20231128:1711,0.0,0.0,-3.44,2.48,0.0
20231128:1811,0.0,0.0,-3.29,2.69,0.0
20231128:1911,0.0,0.0,-3.52,2.62,0.0
20231128:2011,0.0,0.0,-3.31,2.69,0.0
20231128:2111,0.0,0.0,-3.11,2.69,0.0
20231128:2211,0.0,0.0,-2.97,2.69,0.0
20231128:2311,0.0,0.0,-2.85,2.69,0.0
20231129:0011,0.0,0.0,-2.8,2.76,0.0
20231129:0111,0.0,0.0,-2.83,3.03,0.0
20231129:0211,0.0,0.0,-2.79,3.38,0.0
20231129:0311,0.0,0.0,-2.7,3.59,0.0
20231129:0411,0.0,0.0,-2.73,3.66,0.0
20231129:0511,0.0,0.0,-2.66,3.66,0.0
20231129:0611,0.0,0.0,-2.57,4.07,0.0
20231129:0711,0.0,0.0,-2.14,4.07,0.0
20231129:0811,0.0,0.0,-2.03,4.34,0.0
20231129:0911,31.27,5.07,-1.72,4.34,0.0
20231129:1011,48.28,8.29,-1.2,4.28,0.0
20231129:1111,54.98,9.71,-0.67,4.14,0.0
20231129:1211,99.43,9.23,-0.31,4.07,0.0
20231129:1311,36.58,6.88,-0.15,4.0,0.0
20231129:1411,13.3,2.86,-0.15,3.93,0.0
20231129:1511,0.0,0.0,-0.27,4.0,0.0
20231129:1611,0.0,0.0,-0.39,3.93,0.0
20231129:1711,0.0,0.0,-0.48,3.86,0.0
20231129:1811,0.0,0.0,-0.6,3.66,0.0
20231129:1911,0.0,0.0,0.16,3.31,0.0
20231129:2011,0.0,0.0,0.09,3.17,0.0
20231129:2111,0.0,0.0,0.06,3.17,0.0
20231129:2211,0.0,0.0,0.05,3.31,0.0
20231129:2311,0.0,0.0,0.02,3.45,0.0
20231130:0011,0.0,0.0,-0.04,3.52,0.0
20231130:0111,0.0,0.0,-0.28,3.45,0.0
20231130:0211,0.0,0.0,-0.49,3.52,0.0
20231130:0311,0.0,0.0,-0.71,3.66,0.0
20231130:0411,0.0,0.0,-0.94,3.93,0.0
20231130:0511,0.0,0.0,-1.15,4.07,0.0
20231130:0611,0.0,0.0,-1.33,4.07,0.0
20231130:0711,0.0,0.0,-1.35,4.0,0.0
20231130:0811,0.0,0.0,-1.41,3.79,0.0
20231130:0911,219.91,4.89,-1.36,3.59,0.0
20231130:1011,517.81,8.11,-1.15,3.31,0.0
20231130:1111,578.61,9.54,-0.83,3.03,0.0
20231130:1211,486.39,9.07,-0.57,2.69,0.0
20231130:1311,34.91,6.74,-0.55,2.34,0.0
20231130:1411,8.31,2.73,-0.7,2.28,0.0
20231130:1511,0.0,0.0,-0.99,2.41,0.0
20231130:1611,0.0,0.0,-1.2,2.55,0.0
20231130:1711,0.0,0.0,-1.31,2.62,0.0
20231130:1811,0.0,0.0,-1.42,2.62,0.0
20231130:1911,0.0,0.0,-1.07,2.07,0.0
20231130:2011,0.0,0.0,-1.08,1.93,0.0
20231130:2111,0.0,0.0,-1.09,1.93,0.0
20231130:2211,0.0,0.0,-1.29,1.93,0.0
20231130:2311,0.0,0.0,-1.56,1.93,0.0
20231201:0011,0.0,0.0,-1.75,1.79,0.0
20231201:0111,0.0,0.0,-2.13,1.59,0.0
20231201:0211,0.0,0.0,-2.57,1.38,0.0
20231201:0311,0.0,0.0,-2.31,1.1,0.0
20231201:0411,0.0,0.0,-1.77,0.97,0.0
20231201:0511,0.0,0.0,-1.83,0.9,0.0
20231201:0611,0.0,0.0,-2.34,0.97,0.0
20231201:0711,0.0,0.0,-2.88,1.17,0.0
20231201:0811,0.0,0.0,-2.92,1.45,0.0
20231201:0911,106.86,4.71,-2.6,1.66,0.0
20231201:1011,261.28,7.93,-2.04,1.52,0.0
20231201:1111,330.35,9.38,-1.62,1.38,0.0
20231201:1211,223.11,8.92,-1.22,1.45,0.0
20231201:1311,39.07,6.6,-1.01,1.79,0.0
20231201:1411,6.65,2.61,-1.1,2.07,0.0
20231201:1511,0.0,0.0,-1.32,2.21,0.0
20231201:1611,0.0,0.0,-1.51,2.21,0.0
20231201:1711,0.0,0.0,-1.63,2.21,0.0
20231201:1811,0.0,0.0,-1.75,2.14,0.0
20231201:1911,0.0,0.0,-2.62,1.79,0.0
20231201:2011,0.0,0.0,-2.65,1.72,0.0
20231201:2111,0.0,0.0,-2.69,1.72,0.0
20231201:2211,0.0,0.0,-2.75,1.66,0.0
20231201:2311,0.0,0.0,-2.64,1.66,0.0
20231202:0011,0.0,0.0,-2.71,1.59,0.0
20231202:0111,0.0,0.0,-2.59,1.79,0.0
20231202:0211,0.0,0.0,-2.64,1.93,0.0
20231202:0311,0.0,0.0,-2.65,1.86,0.0
20231202:0411,0.0,0.0,-2.63,1.72,0.0
20231202:0511,0.0,0.0,-2.7,1.52,0.0
20231202:0611,0.0,0.0,-2.48,1.38,0.0
20231202:0711,0.0,0.0,-1.92,1.31,0.0
20231202:0811,0.0,0.0,-1.49,1.31,0.0
20231202:0911,106.95,4.54,-1.08,1.66,0.0
20231202:1011,109.0,7.77,0.12,1.93,0.0
20231202:1111,38.68,9.22,1.1,2.28,0.0
20231202:1211,39.58,8.78,1.72,2.41,0.0
20231202:1311,17.46,6.47,1.7,2.41,0.0
20231202:1411,1.66,2.49,1.76,2.48,0.0
20231202:1511,0.0,0.0,1.33,2.69,0.0
20231202:1611,0.0,0.0,1.2,2.69,0.0
20231202:1711,0.0,0.0,1.0,3.03,0.0
20231202:1811,0.0,0.0,0.73,3.93,0.0
20231202:1911,0.0,0.0,0.44,2.41,0.0
20231202:2011,0.0,0.0,0.16,3.17,0.0
20231202:2111,0.0,0.0,0.35,4.76,0.0
20231202:2211,0.0,0.0,0.04,6.0,0.0
20231202:2311,0.0,0.0,-0.36,7.1,0.0
20231203:0011,0.0,0.0,-0.5,7.52,0.0
20231203:0111,0.0,0.0,-0.44,7.31,0.0
20231203:0211,0.0,0.0,-0.55,7.24,0.0
20231203:0311,0.0,0.0,-0.57,7.38,0.0
20231203:0411,0.0,0.0,-0.57,7.31,0.0
20231203:0511,0.0,0.0,-0.55,7.17,0.0
20231203:0611,0.0,0.0,-0.61,6.97,0.0
20231203:0711,0.0,0.0,-0.52,7.1,0.0
20231203:0811,0.0,0.0,-0.52,6.97,0.0
20231203:0911,3.6,4.37,-0.53,6.9,0.0
20231203:1011,8.09,7.61,-0.36,6.83,0.0
20231203:1111,9.89,9.07,-0.19,6.69,0.0
20231203:1211,9.89,8.64,-0.07,6.62,0.0
20231203:1311,7.48,6.35,-0.02,6.48,0.0
20231203:1411,1.66,2.38,-0.1,6.28,0.0
20231203:1511,0.0,0.0,-0.23,6.07,0.0
20231203:1611,0.0,0.0,-0.3,5.93,0.0
20231203:1711,0.0,0.0,-0.34,5.79,0.0
20231203:1811,0.0,0.0,-0.36,5.66,0.0
20231203:1911,0.0,0.0,0.09,5.52,0.0
20231203:2011,0.0,0.0,0.0,5.52,0.0
20231203:2111,0.0,0.0,-0.13,5.38,0.0
20231203:2211,0.0,0.0,-0.06,5.38,0.0
20231203:2311,0.0,0.0,-0.06,5.31,0.0
20231204:0011,0.0,0.0,-0.19,5.1,0.0
20231204:0111,0.0,0.0,-0.24,4.83,0.0
20231204:0211,0.0,0.0,-0.41,4.76,0.0
20231204:0311,0.0,0.0,-0.57,4.69,0.0
20231204:0411,0.0,0.0,-0.81,4.62,0.0
20231204:0511,0.0,0.0,-0.99,4.48,0.0
20231204:0611,0.0,0.0,-1.22,4.28,0.0
20231204:0711,0.0,0.0,-0.92,4.07,0.0
20231204:0811,0.0,0.0,-1.14,4.0,0.0
20231204:0911,27.98,4.21,-1.06,4.0,0.0
20231204:1011,108.27,7.46,-0.45,4.07,0.0
20231204:1111,139.19,8.93,0.1,4.0,0.0
20231204:1211,126.05,8.51,0.39,4.0,0.0
20231204:1311,36.58,6.24,0.53,3.79,0.0
20231204:1411,2.49,2.28,0.43,3.59,0.0
20231204:1511,0.0,0.0,0.32,3.59,0.0
20231204:1611,0.0,0.0,0.26,3.59,0.0
20231204:1711,0.0,0.0,0.19,3.45,0.0
20231204:1811,0.0,0.0,-0.06,3.31,0.0
20231204:1911,0.0,0.0,-0.47,3.31,0.0
20231204:2011,0.0,0.0,-0.47,3.24,0.0
20231204:2111,0.0,0.0,-0.51,2.97,0.0
20231204:2211,0.0,0.0,-0.61,2.76,0.0
20231204:2311,0.0,0.0,-0.72,2.62,0.0
20231205:0011,0.0,0.0,-0.8,2.62,0.0
20231205:0111,0.0,0.0,-0.94,2.55,0.0
20231205:0211,0.0,0.0,-1.05,2.55,0.0
20231205:0311,0.0,0.0,-1.16,2.41,0.0
20231205:0411,0.0,0.0,-1.31,2.34,0.0
20231205:0511,0.0,0.0,-1.26,2.41,0.0
20231205:0611,0.0,0.0,-1.34,2.41,0.0
20231205:0711,0.0,0.0,-1.14,2.83,0.0
20231205:0811,0.0,0.0,-1.29,3.03,0.0
20231205:0911,110.1,4.06,-1.37,3.1,0.0
20231205:1011,275.24,7.31,-1.19,3.17,0.0
20231205:1111,112.04,8.79,-0.78,3.1,0.0
20231205:1211,316.0,8.39,-0.52,3.03,0.0
20231205:1311,35.75,6.13,-0.58,2.97,0.0
20231205:1411,3.33,2.19,-0.91,3.03,0.0
20231205:1511,0.0,0.0,-1.4,3.17,0.0
20231205:1611,0.0,0.0,-1.79,3.17,0.0
20231205:1711,0.0,0.0,-2.05,3.03,0.0
20231205:1811,0.0,0.0,-2.23,2.97,0.0
20231205:1911,0.0,0.0,-1.69,2.97,0.0
20231205:2011,0.0,0.0,-1.48,2.97,0.0
20231205:2111,0.0,0.0,-1.34,2.97,0.0
20231205:2211,0.0,0.0,-1.25,2.97,0.0
20231205:2311,0.0,0.0,-1.1,3.03,0.0
20231206:0011,0.0,0.0,-0.87,3.03,0.0
20231206:0111,0.0,0.0,-0.76,3.1,0.0
20231206:0211,0.0,0.0,-0.74,3.1,0.0
20231206:0311,0.0,0.0,-0.76,3.17,0.0
20231206:0411,0.0,0.0,-0.61,3.1,0.0
20231206:0511,0.0,0.0,-0.59,3.03,0.0
20231206:0611,0.0,0.0,-0.56,3.03,0.0
20231206:0711,0.0,0.0,-0.16,3.52,0.0
20231206:0811,0.0,0.0,-0.08,3.59,0.0
20231206:0911,12.59,3.91,0.08,3.59,0.0
20231206:1011,17.09,7.17,0.3,3.66,0.0
20231206:1111,125.63,8.66,0.41,3.79,0.0
20231206:1211,75.63,8.27,0.61,4.0,0.0
20231206:1311,14.96,6.03,0.62,4.07,0.0
20231206:1411,1.66,2.11,0.44,4.07,0.0
20231206:1511,0.0,0.0,0.11,3.93,0.0
20231206:1611,0.0,0.0,-0.11,4.07,0.0
20231206:1711,0.0,0.0,-0.3,4.21,0.0
20231206:1811,0.0,0.0,-0.51,4.41,0.0
20231206:1911,0.0,0.0,0.08,4.76,0.0
20231206:2011,0.0,0.0,-0.04,4.76,0.0
20231206:2111,0.0,0.0,-0.18,4.76,0.0
20231206:2211,0.0,0.0,-0.32,4.9,0.0
20231206:2311,0.0,0.0,-0.48,5.1,0.0
20231207:0011,0.0,0.0,-0.64,5.03,0.0
20231207:0111,0.0,0.0,-0.75,4.83,0.0
20231207:0211,0.0,0.0,-0.87,4.76,0.0
20231207:0311,0.0,0.0,-0.98,4.69,0.0
20231207:0411,0.0,0.0,-1.1,4.76,0.0
20231207:0511,0.0,0.0,-1.19,4.97,0.0
20231207:0611,0.0,0.0,-1.29,4.9,0.0
20231207:0711,0.0,0.0,-1.2,5.03,0.0
20231207:0811,0.0,0.0,-1.35,4.9,0.0
20231207:0911,16.19,3.77,-1.35,5.03,0.0
20231207:1011,124.29,7.04,-1.12,5.31,0.0
20231207:1111,219.81,8.54,-0.81,5.59,0.0
20231207:1211,446.46,8.16,-0.66,5.86,0.0
20231207:1311,10.81,5.94,-0.71,6.21,0.0
20231207:1411,1.66,2.03,-0.97,6.48,0.0
20231207:1511,0.0,0.0,-1.27,6.55,0.0
20231207:1611,0.0,0.0,-1.43,6.83,0.0
20231207:1711,0.0,0.0,-1.41,7.24,0.0
20231207:1811,0.0,0.0,-1.41,7.86,0.0
20231207:1911,0.0,0.0,-1.03,8.07,0.0
20231207:2011,0.0,0.0,-1.09,8.41,0.0
20231207:2111,0.0,0.0,-1.08,8.34,0.0
20231207:2211,0.0,0.0,-1.04,8.48,0.0
20231207:2311,0.0,0.0,-0.9,9.17,0.0
20231208:0011,0.0,0.0,-0.76,9.38,0.0
20231208:0111,0.0,0.0,-0.42,9.17,0.0
20231208:0211,0.0,0.0,-0.26,9.38,0.0
20231208:0311,0.0,0.0,-0.09,9.52,0.0
20231208:0411,0.0,0.0,-0.09,9.66,0.0
20231208:0511,0.0,0.0,0.04,9.45,0.0
20231208:0611,0.0,0.0,-0.02,9.72,0.0
20231208:0711,0.0,0.0,-0.36,9.66,0.0
20231208:0811,0.0,0.0,-0.26,9.79,0.0
20231208:0911,8.99,3.64,-0.14,9.79,0.0
20231208:1011,17.09,6.91,0.04,9.52,0.0
20231208:1111,13.49,8.43,0.22,9.38,0.0
20231208:1211,12.59,8.06,0.29,9.45,0.0
20231208:1311,10.81,5.85,0.36,9.38,0.0
20231208:1411,0.83,1.96,0.38,9.03,0.0
20231208:1511,0.0,0.0,0.35,8.83,0.0
20231208:1611,0.0,0.0,0.3,8.9,0.0
20231208:1711,0.0,0.0,0.32,8.9,0.0
20231208:1811,0.0,0.0,0.45,8.83,0.0
20231208:1911,0.0,0.0,0.78,8.76,0.0
20231208:2011,0.0,0.0,1.03,8.69,0.0
20231208:2111,0.0,0.0,1.22,8.55,0.0
20231208:2211,0.0,0.0,1.29,8.41,0.0
20231208:2311,0.0,0.0,1.36,8.14,0.0
20231209:0011,0.0,0.0,1.45,8.0,0.0
20231209:0111,0.0,0.0,1.44,7.93,0.0
20231209:0211,0.0,0.0,1.52,8.0,0.0
20231209:0311,0.0,0.0,1.53,7.86,0.0
20231209:0411,0.0,0.0,1.52,7.79,0.0
20231209:0511,0.0,0.0,1.41,7.86,0.0
20231209:0611,0.0,0.0,1.61,8.21,0.0
20231209:0711,0.0,0.0,2.12,8.76,0.0
20231209:0811,0.0,0.0,2.39,8.76,0.0
20231209:0911,2.7,3.51,2.66,9.03,0.0
20231209:1011,15.29,6.8,2.72,9.17,0.0
20231209:1111,35.98,8.32,2.94,9.66,0.0
20231209:1211,12.59,7.97,3.17,10.21,0.0
20231209:1311,14.96,5.77,3.37,10.07,0.0
20231209:1411,0.83,1.89,3.46,10.07,0.0
20231209:1511,0.0,0.0,3.55,9.93,0.0
20231209:1611,0.0,0.0,3.57,9.79,0.0
20231209:1711,0.0,0.0,3.65,9.72,0.0
20231209:1811,0.0,0.0,3.67,9.52,0.0
20231209:1911,0.0,0.0,3.68,9.52,0.0
20231209:2011,0.0,0.0,3.73,9.24,0.0
20231209:2111,0.0,0.0,3.68,8.97,0.0
20231209:2211,0.0,0.0,3.68,8.69,0.0
20231209:2311,0.0,0.0,3.59,8.41,0.0
20231210:0011,0.0,0.0,3.52,8.14,0.0
20231210:0111,0.0,0.0,3.45,7.79,0.0
20231210:0211,0.0,0.0,3.44,7.45,0.0
20231210:0311,0.0,0.0,3.44,7.03,0.0
20231210:0411,0.0,0.0,3.41,6.62,0.0
20231210:0511,0.0,0.0,3.45,6.28,0.0
20231210:0611,0.0,0.0,3.42,5.93,0.0
20231210:0711,0.0,0.0,3.38,6.0,0.0
20231210:0811,0.0,0.0,3.38,5.72,0.0
20231210:0911,107.33,3.39,3.33,5.52,0.0
20231210:1011,125.06,6.69,3.37,5.59,0.0
20231210:1111,401.39,8.22,3.44,5.52,0.0
20231210:1211,26.98,7.89,3.41,5.66,0.0
20231210:1311,27.43,5.7,3.33,5.93,0.0
20231210:1411,0.83,1.84,3.17,5.86,0.0
20231210:1511,0.0,0.0,2.91,6.21,0.0
20231210:1611,0.0,0.0,2.76,6.69,0.0
20231210:1711,0.0,0.0,2.62,6.83,0.0
20231210:1811,0.0,0.0,2.59,6.97,0.0
20231210:1911,0.0,0.0,2.79,7.1,0.0
20231210:2011,0.0,0.0,2.76,7.31,0.0
20231210:2111,0.0,0.0,2.71,7.24,0.0
20231210:2211,0.0,0.0,2.67,7.1,0.0
20231210:2311,0.0,0.0,2.58,6.83,0.0
20231211:0011,0.0,0.0,2.49,6.48,0.0
20231211:0111,0.0,0.0,2.41,6.0,0.0
20231211:0211,0.0,0.0,2.38,5.31,0.0
20231211:0311,0.0,0.0,2.3,4.76,0.0
20231211:0411,0.0,0.0,2.17,4.55,0.0
20231211:0511,0.0,0.0,2.08,4.76,0.0
20231211:0611,0.0,0.0,2.08,4.97,0.0
20231211:0711,0.0,0.0,2.49,4.69,0.0
20231211:0811,0.0,0.0,2.46,4.55,0.0
20231211:0911,11.69,3.28,2.49,4.14,0.0
20231211:1011,12.59,6.58,2.54,3.52,0.0
20231211:1111,8.99,8.13,2.57,2.97,0.0
20231211:1211,26.08,7.81,2.72,2.48,0.0
20231211:1311,10.81,5.64,2.77,2.07,0.0
20231211:1411,0.83,1.79,2.67,2.07,0.0
20231211:1511,0.0,0.0,2.45,1.93,0.0
20231211:1611,0.0,0.0,2.24,1.66,0.0
20231211:1711,0.0,0.0,1.59,1.31,0.0
20231211:1811,0.0,0.0,0.95,1.24,0.0
20231211:1911,0.0,0.0,1.75,0.83,0.0
20231211:2011,0.0,0.0,2.27,0.69,0.0
20231211:2111,0.0,0.0,0.99,1.17,0.0
20231211:2211,0.0,0.0,1.28,1.59,0.0
20231211:2311,0.0,0.0,1.65,1.86,0.0
20231212:0011,0.0,0.0,0.72,2.07,0.0
20231212:0111,0.0,0.0,1.27,2.41,0.0
20231212:0211,0.0,0.0,1.3,2.9,0.0
20231212:0311,0.0,0.0,1.42,3.31,0.0
20231212:0411,0.0,0.0,1.29,3.72,0.0
20231212:0511,0.0,0.0,1.13,3.93,0.0
20231212:0611,0.0,0.0,0.89,4.14,0.0
20231212:0711,0.0,0.0,1.39,4.83,0.0
20231212:0811,0.0,0.0,1.26,5.24,0.0
20231212:0911,2.7,3.17,1.09,5.79,0.0
20231212:1011,12.59,6.48,1.13,6.21,0.0
20231212:1111,18.89,8.05,1.06,6.41,0.0
20231212:1211,18.89,7.74,1.07,6.41,0.0
20231212:1311,7.48,5.58,0.92,6.34,0.0
20231212:1411,0.83,1.75,0.65,6.28,0.0
20231212:1511,0.0,0.0,0.28,6.34,0.0
20231212:1611,0.0,0.0,0.03,6.34,0.0
20231212:1711,0.0,0.0,-0.16,6.28,0.0
20231212:1811,0.0,0.0,-0.35,6.21,0.0
20231212:1911,0.0,0.0,-0.23,6.28,0.0
20231212:2011,0.0,0.0,-0.36,5.93,0.0
20231212:2111,0.0,0.0,-0.54,5.79,0.0
20231212:2211,0.0,0.0,-0.66,5.45,0.0
20231212:2311,0.0,0.0,-0.79,5.1,0.0
20231213:0011,0.0,0.0,-0.88,4.9,0.0
20231213:0111,0.0,0.0,-0.89,4.48,0.0
20231213:0211,0.0,0.0,-0.94,4.14,0.0
20231213:0311,0.0,0.0,-0.98,3.86,0.0
20231213:0411,0.0,0.0,-1.04,3.79,0.0
20231213:0511,0.0,0.0,-1.07,3.79,0.0
20231213:0611,0.0,0.0,-1.03,3.72,0.0
20231213:0711,0.0,0.0,-0.73,2.28,0.0
20231213:0811,0.0,0.0,-0.81,2.0,0.0
20231213:0911,37.96,3.07,-0.9,1.93,0.0
20231213:1011,228.16,6.39,-0.84,2.0,0.0
20231213:1111,283.38,7.97,-0.7,1.93,0.0
20231213:1211,334.64,7.68,-0.6,1.72,0.0
20231213:1311,30.76,5.54,-0.59,1.72,0.0
20231213:1411,0.83,1.71,-0.73,1.79,0.0
20231213:1511,0.0,0.0,-0.98,1.66,0.0
20231213:1611,0.0,0.0,-1.2,1.38,0.0
20231213:1711,0.0,0.0,-1.39,1.72,0.0
20231213:1811,0.0,0.0,-1.41,2.21,0.0
20231213:1911,0.0,0.0,-1.68,2.55,0.0
20231213:2011,0.0,0.0,-1.69,2.41,0.0
20231213:2111,0.0,0.0,-1.79,2.41,0.0
20231213:2211,0.0,0.0,-1.91,2.83,0.0
20231213:2311,0.0,0.0,-2.04,3.24,0.0
20231214:0011,0.0,0.0,-2.08,3.45,0.0
20231214:0111,0.0,0.0,-2.01,3.79,0.0
20231214:0211,0.0,0.0,-1.95,4.21,0.0
20231214:0311,0.0,0.0,-1.9,4.48,0.0
20231214:0411,0.0,0.0,-1.69,4.48,0.0
20231214:0511,0.0,0.0,-1.54,4.62,0.0
20231214:0611,0.0,0.0,-1.37,5.17,0.0
20231214:0711,0.0,0.0,-1.2,5.93,0.0
20231214:0811,0.0,0.0,-1.03,6.55,0.0
20231214:0911,2.7,2.98,-0.7,7.03,0.0
20231214:1011,23.39,6.31,-0.31,7.45,0.0
20231214:1111,28.78,7.9,-0.1,7.79,0.0
20231214:1211,8.09,7.62,0.13,8.07,0.0
20231214:1311,15.79,5.5,0.29,7.93,0.0
20231214:1411,0.83,1.69,0.69,7.86,0.0
20231214:1511,0.0,0.0,1.32,8.28,0.0
20231214:1611,0.0,0.0,1.97,8.21,0.0
20231214:1711,0.0,0.0,2.32,7.72,0.0
20231214:1811,0.0,0.0,2.41,7.45,0.0
20231214:1911,0.0,0.0,2.85,6.28,0.0
20231214:2011,0.0,0.0,3.34,4.97,0.0
20231214:2111,0.0,0.0,3.45,3.86,0.0
20231214:2211,0.0,0.0,3.6,3.1,0.0
20231214:2311,0.0,0.0,3.92,2.69,0.0
20231215:0011,0.0,0.0,3.91,2.28,0.0
20231215:0111,0.0,0.0,4.13,2.48,0.0
20231215:0211,0.0,0.0,4.23,3.31,0.0
20231215:0311,0.0,0.0,4.69,4.07,0.0
20231215:0411,0.0,0.0,5.29,4.76,0.0
20231215:0511,0.0,0.0,6.22,4.97,0.0
20231215:0611,0.0,0.0,6.29,4.9,0.0
20231215:0711,0.0,0.0,6.32,5.38,0.0
20231215:0811,0.0,0.0,6.38,4.83,0.0
20231215:0911,4.5,2.9,6.46,4.62,0.0
20231215:1011,26.98,6.24,6.49,4.83,0.0
20231215:1111,79.87,7.84,6.75,5.17,0.0
20231215:1211,72.27,7.57,6.73,5.24,0.0
20231215:1311,27.43,5.46,6.76,5.52,0.0
20231215:1411,0.83,1.67,6.65,5.03,0.0
20231215:1511,0.0,0.0,6.6,4.55,0.0
20231215:1611,0.0,0.0,6.51,4.34,0.0
20231215:1711,0.0,0.0,6.41,3.86,0.0
20231215:1811,0.0,0.0,6.39,4.21,0.0
20231215:1911,0.0,0.0,6.35,4.41,0.0
20231215:2011,0.0,0.0,6.44,4.41,0.0
20231215:2111,0.0,0.0,6.44,5.17,0.0
20231215:2211,0.0,0.0,6.57,6.14,0.0
20231215:2311,0.0,0.0,6.52,6.41,0.0
20231216:0011,0.0,0.0,7.23,6.62,0.0
20231216:0111,0.0,0.0,7.8,6.48,0.0
20231216:0211,0.0,0.0,7.84,6.21,0.0
20231216:0311,0.0,0.0,7.9,6.28,0.0
20231216:0411,0.0,0.0,7.95,6.55,0.0
20231216:0511,0.0,0.0,8.02,6.9,0.0
20231216:0611,0.0,0.0,8.02,7.03,0.0
20231216:0711,0.0,0.0,8.01,6.55,0.0
20231216:0811,0.0,0.0,7.97,6.69,0.0
20231216:0911,4.5,2.82,7.93,6.9,0.0
20231216:1011,15.29,6.17,7.95,7.31,0.0
20231216:1111,34.18,7.78,8.06,7.79,0.0
20231216:1211,7.2,7.53,8.18,7.93,0.0
20231216:1311,4.16,5.44,8.27,8.21,0.0
20231216:1411,0.83,1.66,8.43,8.97,0.0
20231216:1511,0.0,0.0,8.33,9.79,0.0
20231216:1611,0.0,0.0,8.55,10.28,0.0
20231216:1711,0.0,0.0,8.81,10.55,0.0
20231216:1811,0.0,0.0,8.76,10.21,0.0
20231216:1911,0.0,0.0,8.8,7.93,0.0
20231216:2011,0.0,0.0,8.49,5.93,0.0
20231216:2111,0.0,0.0,8.04,4.07,0.0
20231216:2211,0.0,0.0,7.71,2.83,0.0
20231216:2311,0.0,0.0,7.38,2.21,0.0
20231217:0011,0.0,0.0,7.23,2.21,0.0
20231217:0111,0.0,0.0,6.85,2.07,0.0
20231217:0211,0.0,0.0,6.9,2.55,0.0
20231217:0311,0.0,0.0,7.12,4.28,0.0
20231217:0411,0.0,0.0,7.48,5.59,0.0
20231217:0511,0.0,0.0,7.66,6.62,0.0
20231217:0611,0.0,0.0,7.65,7.03,0.0
20231217:0711,0.0,0.0,8.06,7.45,0.0
20231217:0811,0.0,0.0,8.04,7.59,0.0
20231217:0911,1.8,2.75,7.6,7.79,0.0
20231217:1011,7.48,6.11,7.6,7.72,0.0
20231217:1111,13.49,7.74,7.58,7.52,0.0
20231217:1211,21.59,7.5,7.55,7.52,0.0
20231217:1311,18.29,5.42,7.61,7.86,0.0
20231217:1411,0.83,1.65,7.71,7.86,0.0
20231217:1511,0.0,0.0,7.81,7.52,0.0
20231217:1611,0.0,0.0,7.9,6.9,0.0
20231217:1711,0.0,0.0,7.95,6.28,0.0
20231217:1811,0.0,0.0,7.97,5.86,0.0
20231217:1911,0.0,0.0,7.9,4.83,0.0
20231217:2011,0.0,0.0,7.84,5.03,0.0
20231217:2111,0.0,0.0,7.84,4.97,0.0
20231217:2211,0.0,0.0,7.87,4.83,0.0
20231217:2311,0.0,0.0,7.94,4.76,0.0
20231218:0011,0.0,0.0,8.02,5.1,0.0
20231218:0111,0.0,0.0,8.22,5.66,0.0
20231218:0211,0.0,0.0,8.08,5.86,0.0
20231218:0311,0.0,0.0,7.69,5.86,0.0
20231218:0411,0.0,0.0,7.16,5.45,0.0
20231218:0511,0.0,0.0,6.79,4.83,0.0
20231218:0611,0.0,0.0,6.54,4.0,0.0
20231218:0711,0.0,0.0,6.66,2.48,0.0
20231218:0811,0.0,0.0,6.59,1.59,0.0
20231218:0911,2.7,2.68,6.49,1.38,0.0
20231218:1011,12.47,6.06,6.39,2.14,0.0
20231218:1111,69.57,7.7,6.39,2.48,0.0
20231218:1211,41.95,7.48,6.39,3.24,0.0
20231218:1311,4.16,5.41,6.28,4.21,0.0
20231218:1411,0.83,1.66,6.26,5.03,0.0
20231218:1511,0.0,0.0,6.27,5.79,0.0
20231218:1611,0.0,0.0,6.75,5.72,0.0
20231218:1711,0.0,0.0,7.14,5.86,0.0
20231218:1811,0.0,0.0,7.52,7.24,0.0
20231218:1911,0.0,0.0,7.67,7.38,0.0
20231218:2011,0.0,0.0,7.92,7.31,0.0
20231218:2111,0.0,0.0,7.78,7.52,0.0
20231218:2211,0.0,0.0,7.62,9.59,0.0
20231218:2311,0.0,0.0,7.21,10.28,0.0
20231219:0011,0.0,0.0,6.46,9.72,0.0
20231219:0111,0.0,0.0,5.88,9.1,0.0
20231219:0211,0.0,0.0,5.57,8.9,0.0
20231219:0311,0.0,0.0,5.46,8.0,0.0
20231219:0411,0.0,0.0,5.33,7.52,0.0
20231219:0511,0.0,0.0,5.32,7.17,0.0
20231219:0611,0.0,0.0,5.22,6.97,0.0
20231219:0711,0.0,0.0,5.01,6.97,0.0
20231219:0811,0.0,0.0,4.76,6.83,0.0
20231219:0911,1.66,2.62,4.38,7.03,0.0
20231219:1011,30.76,6.01,4.28,7.38,0.0
20231219:1111,8.09,7.67,4.3,8.14,0.0
20231219:1211,17.99,7.46,4.36,8.14,0.0
20231219:1311,16.63,5.41,4.54,7.52,0.0
20231219:1411,0.83,1.67,4.67,6.9,0.0
20231219:1511,0.0,0.0,4.63,6.83,0.0
20231219:1611,0.0,0.0,4.37,6.62,0.0
20231219:1711,0.0,0.0,4.56,6.28,0.0
20231219:1811,0.0,0.0,4.67,7.03,0.0
20231219:1911,0.0,0.0,4.79,7.79,0.0
20231219:2011,0.0,0.0,4.9,8.0,0.0
20231219:2111,0.0,0.0,4.92,8.34,0.0
20231219:2211,0.0,0.0,4.86,8.97,0.0
20231219:2311,0.0,0.0,4.92,8.34,0.0
20231220:0011,0.0,0.0,5.0,8.0,0.0
20231220:0111,0.0,0.0,4.66,8.28,0.0
20231220:0211,0.0,0.0,4.4,8.28,0.0
20231220:0311,0.0,0.0,3.81,8.48,0.0
20231220:0411,0.0,0.0,2.98,8.34,0.0
20231220:0511,0.0,0.0,2.64,8.07,0.0
20231220:0611,0.0,0.0,2.34,8.14,0.0
20231220:0711,0.0,0.0,2.03,7.38,0.0
20231220:0811,0.0,0.0,2.13,7.93,0.0
20231220:0911,10.81,2.57,2.47,8.28,0.0
20231220:1011,5.82,5.98,3.09,8.07,0.0
20231220:1111,226.52,7.64,3.6,8.28,0.0
20231220:1211,8.09,7.45,3.6,8.34,0.0
20231220:1311,29.93,5.42,3.72,8.0,0.0
20231220:1411,0.83,1.69,3.42,8.55,0.0
20231220:1511,0.0,0.0,3.54,8.28,0.0
20231220:1611,0.0,0.0,3.67,7.86,0.0
20231220:1711,0.0,0.0,3.6,7.59,0.0
20231220:1811,0.0,0.0,3.37,6.97,0.0
20231220:1911,0.0,0.0,3.33,6.76,0.0
20231220:2011,0.0,0.0,3.18,5.93,0.0
20231220:2111,0.0,0.0,2.99,4.69,0.0
20231220:2211,0.0,0.0,3.14,3.24,0.0
20231220:2311,0.0,0.0,3.33,2.9,0.0
20231221:0011,0.0,0.0,3.18,4.55,0.0
20231221:0111,0.0,0.0,2.73,6.55,0.0
20231221:0211,0.0,0.0,1.93,8.76,0.0
20231221:0311,0.0,0.0,2.68,8.9,0.0
20231221:0411,0.0,0.0,4.12,6.76,0.0
20231221:0511,0.0,0.0,5.08,11.66,0.0
20231221:0611,0.0,0.0,5.55,11.17,0.0
20231221:0711,0.0,0.0,5.66,11.03,0.0
20231221:0811,0.0,0.0,5.57,11.1,0.0
20231221:0911,1.66,2.53,6.05,12.41,0.0
20231221:1011,11.64,5.95,5.13,12.21,0.0
20231221:1111,9.89,7.63,4.33,11.24,0.0
20231221:1211,32.38,7.45,4.34,11.52,0.0
20231221:1311,5.82,5.43,3.99,14.34,0.0
20231221:1411,0.83,1.71,3.47,18.14,0.0
20231221:1511,0.0,0.0,3.29,18.55,0.0
20231221:1611,0.0,0.0,3.27,17.24,0.0
20231221:1711,0.0,0.0,3.08,16.07,0.0
20231221:1811,0.0,0.0,2.6,15.93,0.0
20231221:1911,0.0,0.0,2.97,15.31,0.0
20231221:2011,0.0,0.0,2.73,14.55,0.0
20231221:2111,0.0,0.0,2.55,13.79,0.0
20231221:2211,0.0,0.0,2.29,13.03,0.0
20231221:2311,0.0,0.0,2.03,12.69,0.0
20231222:0011,0.0,0.0,1.44,13.38,0.0
20231222:0111,0.0,0.0,1.27,13.72,0.0
20231222:0211,0.0,0.0,1.41,13.03,0.0
20231222:0311,0.0,0.0,1.56,12.48,0.0
20231222:0411,0.0,0.0,1.65,12.07,0.0
20231222:0511,0.0,0.0,1.5,11.59,0.0
20231222:0611,0.0,0.0,1.32,11.38,0.0
20231222:0711,0.0,0.0,1.12,10.83,0.0
20231222:0811,0.0,0.0,1.07,9.66,0.0
20231222:0911,9.14,2.5,1.03,8.9,0.0
20231222:1011,33.25,5.92,1.12,8.07,0.0
20231222:1111,221.45,7.62,1.2,7.1,0.0
20231222:1211,8.09,7.46,1.19,6.55,0.0
20231222:1311,19.12,5.45,1.05,6.21,0.0
20231222:1411,0.83,1.75,0.52,5.93,0.0
20231222:1511,0.0,0.0,0.03,6.07,0.0
20231222:1611,0.0,0.0,-0.31,6.14,0.0
20231222:1711,0.0,0.0,-0.34,6.21,0.0
20231222:1811,0.0,0.0,0.01,7.03,0.0
20231222:1911,0.0,0.0,1.11,8.0,0.0
20231222:2011,0.0,0.0,1.1,7.86,0.0
20231222:2111,0.0,0.0,0.92,8.28,0.0
20231222:2211,0.0,0.0,0.93,8.97,0.0
20231222:2311,0.0,0.0,1.2,8.97,0.0
20231223:0011,0.0,0.0,1.8,9.17,0.0
20231223:0111,0.0,0.0,2.39,9.38,0.0
20231223:0211,0.0,0.0,2.44,9.31,0.0
20231223:0311,0.0,0.0,2.4,9.17,0.0
20231223:0411,0.0,0.0,2.46,8.9,0.0
20231223:0511,0.0,0.0,2.43,8.76,0.0
20231223:0611,0.0,0.0,2.45,8.55,0.0
20231223:0711,0.0,0.0,2.26,6.55,0.0
20231223:0811,0.0,0.0,2.1,5.79,0.0
20231223:0911,1.66,2.47,2.22,5.86,0.0
20231223:1011,19.95,5.91,2.09,5.72,0.0
20231223:1111,29.68,7.62,2.08,5.24,0.0
20231223:1211,150.73,7.47,2.02,4.76,0.0
20231223:1311,29.93,5.48,1.82,4.34,0.0
20231223:1411,0.83,1.79,1.51,3.93,0.0
20231223:1511,0.0,0.0,1.11,3.59,0.0
20231223:1611,0.0,0.0,0.79,2.97,0.0
20231223:1711,0.0,0.0,0.46,2.34,0.0
20231223:1811,0.0,0.0,0.25,1.66,0.0
20231223:1911,0.0,0.0,-0.8,1.59,0.0
20231223:2011,0.0,0.0,-0.76,1.03,0.0
20231223:2111,0.0,0.0,-0.62,1.03,0.0
20231223:2211,0.0,0.0,-0.45,1.52,0.0
20231223:2311,0.0,0.0,-0.23,2.21,0.0
20231224:0011,0.0,0.0,0.16,2.97,0.0
20231224:0111,0.0,0.0,0.74,4.07,0.0
20231224:0211,0.0,0.0,1.16,5.45,0.0
20231224:0311,0.0,0.0,1.22,6.55,0.0
20231224:0411,0.0,0.0,1.11,7.93,0.0
20231224:0511,0.0,0.0,1.33,9.03,0.0
20231224:0611,0.0,0.0,1.81,10.0,0.0
20231224:0711,0.0,0.0,1.75,10.9,0.0
20231224:0811,0.0,0.0,2.06,11.24,0.0
20231224:0911,4.16,2.45,2.1,10.55,0.0
20231224:1011,31.59,5.9,2.37,9.93,0.0
20231224:1111,40.82,7.63,2.64,9.1,0.0
20231224:1211,8.09,7.49,3.04,7.66,0.0
20231224:1311,4.99,5.51,3.04,5.17,0.0
20231224:1411,0.83,1.83,3.71,3.93,0.0
20231224:1511,0.0,0.0,4.98,6.14,0.0
20231224:1611,0.0,0.0,5.66,8.83,0.0
20231224:1711,0.0,0.0,6.6,9.1,0.0
20231224:1811,0.0,0.0,6.79,7.86,0.0
20231224:1911,0.0,0.0,6.74,8.07,0.0
20231224:2011,0.0,0.0,6.4,9.72,0.0
20231224:2111,0.0,0.0,6.31,10.0,0.0
20231224:2211,0.0,0.0,6.12,9.86,0.0
20231224:2311,0.0,0.0,5.84,11.38,0.0
20231225:0011,0.0,0.0,5.69,11.1,0.0
20231225:0111,0.0,0.0,6.05,10.34,0.0
20231225:0211,0.0,0.0,6.02,11.52,0.0
20231225:0311,0.0,0.0,5.81,14.0,0.0
20231225:0411,0.0,0.0,5.02,14.14,0.0
20231225:0511,0.0,0.0,4.61,13.24,0.0
20231225:0611,0.0,0.0,4.18,12.69,0.0
20231225:0711,0.0,0.0,3.75,12.55,0.0
20231225:0811,0.0,0.0,3.58,11.24,0.0
20231225:0911,1.66,2.44,3.36,10.41,0.0
20231225:1011,7.48,5.9,3.36,9.52,0.0
20231225:1111,331.49,7.64,3.66,8.9,0.0
20231225:1211,52.56,7.52,3.89,8.41,0.0
20231225:1311,29.93,5.56,3.89,8.48,0.0
20231225:1411,0.83,1.89,3.57,7.86,0.0
20231225:1511,0.0,0.0,3.55,7.1,0.0
20231225:1611,0.0,0.0,3.46,6.07,0.0
20231225:1711,0.0,0.0,3.38,4.97,0.0
20231225:1811,0.0,0.0,3.44,4.34,0.0
20231225:1911,0.0,0.0,3.69,4.55,0.0
20231225:2011,0.0,0.0,3.78,4.0,0.0
20231225:2111,0.0,0.0,3.75,3.31,0.0
20231225:2211,0.0,0.0,3.55,2.97,0.0
20231225:2311,0.0,0.0,3.32,2.28,0.0
20231226:0011,0.0,0.0,3.02,2.14,0.0
20231226:0111,0.0,0.0,2.76,2.0,0.0
20231226:0211,0.0,0.0,2.46,2.28,0.0
20231226:0311,0.0,0.0,2.38,2.55,0.0
20231226:0411,0.0,0.0,2.55,3.17,0.0
20231226:0511,0.0,0.0,2.85,3.66,0.0
20231226:0611,0.0,0.0,3.11,4.41,0.0
20231226:0711,0.0,0.0,3.1,4.41,0.0
20231226:0811,0.0,0.0,3.27,5.59,0.0
20231226:0911,1.66,2.43,3.27,6.21,0.0
20231226:1011,33.25,5.91,3.14,6.55,0.0
20231226:1111,406.8,7.67,3.08,6.55,0.0
20231226:1211,8.09,7.56,3.05,7.03,0.0
20231226:1311,4.99,5.61,2.95,7.03,0.0
20231226:1411,0.83,1.95,3.07,7.52,0.0
20231226:1511,0.0,0.0,3.35,8.28,0.0
20231226:1611,0.0,0.0,3.56,8.76,0.0
20231226:1711,0.0,0.0,3.52,9.17,0.0
20231226:1811,0.0,0.0,3.31,9.31,0.0
20231226:1911,0.0,0.0,2.82,9.17,0.0
20231226:2011,0.0,0.0,2.87,9.1,0.0
20231226:2111,0.0,0.0,2.77,9.24,0.0
20231226:2211,0.0,0.0,2.39,8.97,0.0
20231226:2311,0.0,0.0,2.24,8.41,0.0
20231227:0011,0.0,0.0,2.22,7.72,0.0
20231227:0111,0.0,0.0,2.2,7.24,0.0
20231227:0211,0.0,0.0,2.14,6.83,0.0
20231227:0311,0.0,0.0,2.0,6.76,0.0
20231227:0411,0.0,0.0,1.74,6.69,0.0
20231227:0511,0.0,0.0,1.34,6.41,0.0
20231227:0611,0.0,0.0,0.66,5.52,0.0
20231227:0711,0.0,0.0,0.31,3.59,0.0
20231227:0811,0.0,0.0,-0.14,3.03,0.0
20231227:0911,5.82,2.43,-0.39,3.38,0.0
20231227:1011,32.42,5.93,-0.41,3.66,0.0
20231227:1111,53.04,7.7,0.24,4.07,0.0
20231227:1211,29.68,7.61,1.6,5.66,0.0
20231227:1311,20.78,5.67,2.33,7.52,0.0
20231227:1411,0.83,2.02,2.45,8.41,0.0
20231227:1511,0.0,0.0,2.34,9.1,0.0
20231227:1611,0.0,0.0,2.29,10.0,0.0
20231227:1711,0.0,0.0,2.32,11.1,0.0
20231227:1811,0.0,0.0,2.24,12.07,0.0
20231227:1911,0.0,0.0,1.61,13.24,0.0
20231227:2011,0.0,0.0,1.4,14.48,0.0
20231227:2111,0.0,0.0,1.25,16.0,0.0
20231227:2211,0.0,0.0,1.07,16.9,0.0
20231227:2311,0.0,0.0,1.16,16.62,0.0
20231228:0011,0.0,0.0,1.43,15.93,0.0
20231228:0111,0.0,0.0,1.69,15.1,0.0
20231228:0211,0.0,0.0,2.0,13.86,0.0
20231228:0311,0.0,0.0,2.08,12.14,0.0
20231228:0411,0.0,0.0,2.03,11.17,0.0
20231228:0511,0.0,0.0,1.96,10.48,0.0
20231228:0611,0.0,0.0,1.77,9.86,0.0
20231228:0711,0.0,0.0,1.92,8.48,0.0
20231228:0811,0.0,0.0,2.09,7.38,0.0
20231228:0911,1.66,2.44,2.55,6.76,0.0
20231228:1011,6.65,5.95,3.05,6.0,0.0
20231228:1111,80.24,7.73,4.01,5.72,0.0
20231228:1211,8.09,7.66,4.65,5.52,0.0
20231228:1311,10.81,5.73,4.97,5.52,0.0
20231228:1411,0.83,2.1,4.88,5.93,0.0
20231228:1511,0.0,0.0,5.54,6.41,0.0
20231228:1611,0.0,0.0,5.66,6.83,0.0
20231228:1711,0.0,0.0,5.75,7.17,0.0
20231228:1811,0.0,0.0,5.37,7.03,0.0
20231228:1911,0.0,0.0,4.81,6.69,0.0
20231228:2011,0.0,0.0,4.71,6.48,0.0
20231228:2111,0.0,0.0,5.13,5.79,0.0
20231228:2211,0.0,0.0,4.86,6.41,0.0
20231228:2311,0.0,0.0,5.28,7.86,0.0
20231229:0011,0.0,0.0,5.71,8.14,0.0
20231229:0111,0.0,0.0,5.42,7.45,0.0
20231229:0211,0.0,0.0,5.68,6.48,0.0
20231229:0311,0.0,0.0,5.32,5.86,0.0
20231229:0411,0.0,0.0,5.27,5.31,0.0
20231229:0511,0.0,0.0,5.13,5.1,0.0
20231229:0611,0.0,0.0,5.24,4.97,0.0
20231229:0711,0.0,0.0,5.17,3.79,0.0
20231229:0811,0.0,0.0,4.93,3.45,0.0
20231229:0911,9.14,2.46,4.79,3.38,0.0
20231229:1011,4.99,5.98,4.78,3.24,0.0
20231229:1111,350.89,7.78,4.92,3.17,0.0
20231229:1211,373.65,7.72,4.85,3.31,0.0
20231229:1311,19.12,5.81,4.91,3.66,0.0
20231229:1411,6.65,2.18,4.76,4.14,0.0
20231229:1511,0.0,0.0,4.4,4.62,0.0
20231229:1611,0.0,0.0,4.03,4.69,0.0
20231229:1711,0.0,0.0,3.85,4.9,0.0
20231229:1811,0.0,0.0,3.99,5.17,0.0
20231229:1911,0.0,0.0,4.36,5.17,0.0
20231229:2011,0.0,0.0,4.3,5.24,0.0
20231229:2111,0.0,0.0,4.38,5.38,0.0
20231229:2211,0.0,0.0,4.28,5.93,0.0
20231229:2311,0.0,0.0,4.05,6.14,0.0
20231230:0011,0.0,0.0,3.85,6.21,0.0
20231230:0111,0.0,0.0,3.92,6.0,0.0
20231230:0211,0.0,0.0,4.14,5.24,0.0
20231230:0311,0.0,0.0,4.2,4.62,0.0
20231230:0411,0.0,0.0,4.12,3.86,0.0
20231230:0511,0.0,0.0,3.94,3.79,0.0
20231230:0611,0.0,0.0,3.68,4.62,0.0
20231230:0711,0.0,0.0,3.56,5.03,0.0
20231230:0811,0.0,0.0,3.13,4.76,0.0
20231230:0911,10.81,2.49,2.66,4.21,0.0
20231230:1011,28.26,6.02,2.4,3.38,0.0
20231230:1111,490.56,7.83,2.5,2.48,0.0
20231230:1211,377.39,7.79,2.67,1.03,0.0
20231230:1311,26.6,5.89,2.65,0.28,0.0
20231230:1411,8.31,2.27,2.95,1.66,0.0
20231230:1511,0.0,0.0,2.86,1.93,0.0
20231230:1611,0.0,0.0,2.43,2.97,0.0
20231230:1711,0.0,0.0,2.54,3.45,0.0
20231230:1811,0.0,0.0,2.39,4.21,0.0
20231230:1911,0.0,0.0,2.08,5.66,0.0
20231230:2011,0.0,0.0,1.94,6.34,0.0
20231230:2111,0.0,0.0,1.83,6.97,0.0
20231230:2211,0.0,0.0,1.6,7.38,0.0
20231230:2311,0.0,0.0,1.46,7.38,0.0
20231231:0011,0.0,0.0,1.35,8.41,0.0
20231231:0111,0.0,0.0,1.5,9.24,0.0
20231231:0211,0.0,0.0,1.58,9.66,0.0
20231231:0311,0.0,0.0,1.59,10.21,0.0
20231231:0411,0.0,0.0,1.65,10.69,0.0
20231231:0511,0.0,0.0,1.74,11.38,0.0
20231231:0611,0.0,0.0,2.17,11.93,0.0
20231231:0711,0.0,0.0,2.79,11.52,0.0
20231231:0811,0.0,0.0,2.89,11.86,0.0
20231231:0911,1.66,2.52,2.98,11.79,0.0
20231231:1011,9.98,6.07,3.07,11.79,0.0
20231231:1111,25.18,7.9,3.24,11.79,0.0
20231231:1211,17.99,7.86,3.3,11.66,0.0
20231231:1311,8.31,5.97,3.35,11.52,0.0
20231231:1411,1.66,2.37,3.28,11.52,0.0
20231231:1511,0.0,0.0,3.1,11.59,0.0
20231231:1611,0.0,0.0,2.78,11.72,0.0
20231231:1711,0.0,0.0,2.44,11.59,0.0
20231231:1811,0.0,0.0,2.23,11.45,0.0
20231231:1911,0.0,0.0,2.05,11.24,0.0
20231231:2011,0.0,0.0,2.17,12.0,0.0
20231231:2111,0.0,0.0,2.0,12.14,0.0
20231231:2211,0.0,0.0,1.87,12.14,0.0
20231231:2311,0.0,0.0,1.51,12.21,0.0

G(i): Global irradiance on the inclined plane (plane of the array) (W/m2)
H_sun: Sun height (degree)
T2m: 2-m air temperature (degree Celsius)
WS10m: 10-m total wind speed (m/s)
Int: 1 means solar radiation values are reconstructed



PVGIS (c) European Union, 2001-2026